2025-07-08 12:42:04,686 - INFO - Initializing USB DLP System
2025-07-08 12:42:04,695 - INFO - WMI connection established successfully
2025-07-08 12:42:04,695 - INFO - System initialization complete
2025-07-08 12:42:04,697 - INFO - Starting monitoring services
2025-07-08 12:42:04,698 - INFO - USB Event: {"timestamp": "2025-07-08T12:42:04.698725", "event_type": "monitoring_started", "threat_level": "INFO", "details": {}, "system_info": {"hostname": "LAPTOP-9N62H7OO", "user": "aayus"}, "event_data": {"status": "starting"}}
2025-07-08 12:42:04,698 - INFO - Starting USB DLP System...
2025-07-08 12:42:04,699 - INFO - Dashboard will be available at http://localhost:5000
2025-07-08 12:42:04,739 - INFO - [31m[1mWARNING: This is a development server. Do not use it in a production deployment. Use a production WSGI server instead.[0m
 * Running on all addresses (0.0.0.0)
 * Running on http://127.0.0.1:5000
 * Running on http://192.168.1.4:5000
2025-07-08 12:42:04,739 - INFO - [33mPress CTRL+C to quit[0m
2025-07-08 12:42:06,816 - INFO - Event sent to Splunk successfully
2025-07-08 12:42:06,820 - INFO - Starting Enhanced USB monitoring service with MTP support...
2025-07-08 12:42:06,824 - WARNING - Enhanced device detection failed, using fallback: winmgmts:.Win32_LogicalDisk
2025-07-08 12:42:08,827 - WARNING - Enhanced device detection failed, using fallback: winmgmts:.Win32_LogicalDisk
2025-07-08 12:42:10,831 - WARNING - Enhanced device detection failed, using fallback: winmgmts:.Win32_LogicalDisk
2025-07-08 12:42:12,833 - WARNING - Enhanced device detection failed, using fallback: winmgmts:.Win32_LogicalDisk
2025-07-08 12:42:14,836 - WARNING - Enhanced device detection failed, using fallback: winmgmts:.Win32_LogicalDisk
2025-07-08 12:42:16,839 - WARNING - Enhanced device detection failed, using fallback: winmgmts:.Win32_LogicalDisk
2025-07-08 12:42:17,255 - INFO - 127.0.0.1 - - [08/Jul/2025 12:42:17] "[33mGET / HTTP/1.1[0m" 404 -
2025-07-08 12:42:17,502 - INFO - 127.0.0.1 - - [08/Jul/2025 12:42:17] "[33mGET /favicon.ico HTTP/1.1[0m" 404 -
2025-07-08 12:42:18,840 - WARNING - Enhanced device detection failed, using fallback: winmgmts:.Win32_LogicalDisk
2025-07-08 12:42:20,846 - WARNING - Enhanced device detection failed, using fallback: winmgmts:.Win32_LogicalDisk
2025-07-08 12:42:22,849 - WARNING - Enhanced device detection failed, using fallback: winmgmts:.Win32_LogicalDisk
2025-07-08 12:42:24,854 - WARNING - Enhanced device detection failed, using fallback: winmgmts:.Win32_LogicalDisk
2025-07-08 12:42:26,856 - WARNING - Enhanced device detection failed, using fallback: winmgmts:.Win32_LogicalDisk
2025-07-08 12:42:28,858 - WARNING - Enhanced device detection failed, using fallback: winmgmts:.Win32_LogicalDisk
2025-07-08 12:42:30,861 - WARNING - Enhanced device detection failed, using fallback: winmgmts:.Win32_LogicalDisk
2025-07-08 12:42:32,863 - WARNING - Enhanced device detection failed, using fallback: winmgmts:.Win32_LogicalDisk
2025-07-08 12:42:34,867 - WARNING - Enhanced device detection failed, using fallback: winmgmts:.Win32_LogicalDisk
2025-07-08 12:42:36,869 - WARNING - Enhanced device detection failed, using fallback: winmgmts:.Win32_LogicalDisk
2025-07-08 12:42:38,871 - WARNING - Enhanced device detection failed, using fallback: winmgmts:.Win32_LogicalDisk
2025-07-08 12:42:40,876 - WARNING - Enhanced device detection failed, using fallback: winmgmts:.Win32_LogicalDisk
2025-07-08 12:42:42,877 - WARNING - Enhanced device detection failed, using fallback: winmgmts:.Win32_LogicalDisk
2025-07-08 12:42:44,880 - WARNING - Enhanced device detection failed, using fallback: winmgmts:.Win32_LogicalDisk
2025-07-08 12:42:46,885 - WARNING - Enhanced device detection failed, using fallback: winmgmts:.Win32_LogicalDisk
2025-07-08 12:42:48,888 - WARNING - Enhanced device detection failed, using fallback: winmgmts:.Win32_LogicalDisk
2025-07-08 12:42:50,892 - WARNING - Enhanced device detection failed, using fallback: winmgmts:.Win32_LogicalDisk
2025-07-08 12:42:52,897 - WARNING - Enhanced device detection failed, using fallback: winmgmts:.Win32_LogicalDisk
2025-07-08 12:42:54,900 - WARNING - Enhanced device detection failed, using fallback: winmgmts:.Win32_LogicalDisk
2025-07-08 12:42:56,902 - WARNING - Enhanced device detection failed, using fallback: winmgmts:.Win32_LogicalDisk
2025-07-08 12:42:58,904 - WARNING - Enhanced device detection failed, using fallback: winmgmts:.Win32_LogicalDisk
2025-07-08 12:43:00,906 - WARNING - Enhanced device detection failed, using fallback: winmgmts:.Win32_LogicalDisk
2025-07-08 12:43:02,910 - WARNING - Enhanced device detection failed, using fallback: winmgmts:.Win32_LogicalDisk
2025-07-08 12:43:04,913 - WARNING - Enhanced device detection failed, using fallback: winmgmts:.Win32_LogicalDisk
2025-07-08 12:43:06,920 - WARNING - Enhanced device detection failed, using fallback: winmgmts:.Win32_LogicalDisk
2025-07-08 12:43:08,923 - WARNING - Enhanced device detection failed, using fallback: winmgmts:.Win32_LogicalDisk
2025-07-08 12:43:10,927 - WARNING - Enhanced device detection failed, using fallback: winmgmts:.Win32_LogicalDisk
2025-07-08 12:43:12,929 - WARNING - Enhanced device detection failed, using fallback: winmgmts:.Win32_LogicalDisk
2025-07-08 12:43:14,931 - WARNING - Enhanced device detection failed, using fallback: winmgmts:.Win32_LogicalDisk
2025-07-08 12:43:16,934 - WARNING - Enhanced device detection failed, using fallback: winmgmts:.Win32_LogicalDisk
2025-07-08 12:43:18,938 - WARNING - Enhanced device detection failed, using fallback: winmgmts:.Win32_LogicalDisk
2025-07-08 12:43:20,943 - WARNING - Enhanced device detection failed, using fallback: winmgmts:.Win32_LogicalDisk
2025-07-08 12:43:22,947 - WARNING - Enhanced device detection failed, using fallback: winmgmts:.Win32_LogicalDisk
2025-07-08 12:43:24,949 - WARNING - Enhanced device detection failed, using fallback: winmgmts:.Win32_LogicalDisk
2025-07-08 12:43:26,952 - WARNING - Enhanced device detection failed, using fallback: winmgmts:.Win32_LogicalDisk
2025-07-08 12:43:28,955 - WARNING - Enhanced device detection failed, using fallback: winmgmts:.Win32_LogicalDisk
2025-07-08 12:43:30,959 - WARNING - Enhanced device detection failed, using fallback: winmgmts:.Win32_LogicalDisk
2025-07-08 12:43:32,962 - WARNING - Enhanced device detection failed, using fallback: winmgmts:.Win32_LogicalDisk
2025-07-08 12:43:34,964 - WARNING - Enhanced device detection failed, using fallback: winmgmts:.Win32_LogicalDisk
2025-07-08 12:43:36,967 - WARNING - Enhanced device detection failed, using fallback: winmgmts:.Win32_LogicalDisk
2025-07-08 12:43:38,969 - WARNING - Enhanced device detection failed, using fallback: winmgmts:.Win32_LogicalDisk
2025-07-08 12:43:40,971 - WARNING - Enhanced device detection failed, using fallback: winmgmts:.Win32_LogicalDisk
2025-07-08 12:43:42,974 - WARNING - Enhanced device detection failed, using fallback: winmgmts:.Win32_LogicalDisk
2025-07-08 12:43:44,976 - WARNING - Enhanced device detection failed, using fallback: winmgmts:.Win32_LogicalDisk
2025-07-08 12:43:46,979 - WARNING - Enhanced device detection failed, using fallback: winmgmts:.Win32_LogicalDisk
2025-07-08 12:43:48,981 - WARNING - Enhanced device detection failed, using fallback: winmgmts:.Win32_LogicalDisk
2025-07-08 12:43:50,983 - WARNING - Enhanced device detection failed, using fallback: winmgmts:.Win32_LogicalDisk
2025-07-08 12:43:52,986 - WARNING - Enhanced device detection failed, using fallback: winmgmts:.Win32_LogicalDisk
2025-07-08 12:43:54,988 - WARNING - Enhanced device detection failed, using fallback: winmgmts:.Win32_LogicalDisk
2025-07-08 12:43:56,991 - WARNING - Enhanced device detection failed, using fallback: winmgmts:.Win32_LogicalDisk
2025-07-08 12:43:58,992 - WARNING - Enhanced device detection failed, using fallback: winmgmts:.Win32_LogicalDisk
2025-07-08 12:44:00,997 - WARNING - Enhanced device detection failed, using fallback: winmgmts:.Win32_LogicalDisk
2025-07-08 12:44:02,999 - WARNING - Enhanced device detection failed, using fallback: winmgmts:.Win32_LogicalDisk
2025-07-08 12:44:05,002 - WARNING - Enhanced device detection failed, using fallback: winmgmts:.Win32_LogicalDisk
2025-07-08 12:44:07,005 - WARNING - Enhanced device detection failed, using fallback: winmgmts:.Win32_LogicalDisk
2025-07-08 12:44:09,007 - WARNING - Enhanced device detection failed, using fallback: winmgmts:.Win32_LogicalDisk
2025-07-08 12:44:11,010 - WARNING - Enhanced device detection failed, using fallback: winmgmts:.Win32_LogicalDisk
2025-07-08 12:44:13,013 - WARNING - Enhanced device detection failed, using fallback: winmgmts:.Win32_LogicalDisk
2025-07-08 12:44:15,015 - WARNING - Enhanced device detection failed, using fallback: winmgmts:.Win32_LogicalDisk
2025-07-08 12:44:17,017 - WARNING - Enhanced device detection failed, using fallback: winmgmts:.Win32_LogicalDisk
2025-07-08 12:44:19,019 - WARNING - Enhanced device detection failed, using fallback: winmgmts:.Win32_LogicalDisk
2025-07-08 12:44:21,021 - WARNING - Enhanced device detection failed, using fallback: winmgmts:.Win32_LogicalDisk
2025-07-08 12:44:23,023 - WARNING - Enhanced device detection failed, using fallback: winmgmts:.Win32_LogicalDisk
2025-07-08 12:44:25,025 - WARNING - Enhanced device detection failed, using fallback: winmgmts:.Win32_LogicalDisk
2025-07-08 12:44:27,028 - WARNING - Enhanced device detection failed, using fallback: winmgmts:.Win32_LogicalDisk
2025-07-08 12:44:29,032 - WARNING - Enhanced device detection failed, using fallback: winmgmts:.Win32_LogicalDisk
2025-07-08 12:44:31,035 - WARNING - Enhanced device detection failed, using fallback: winmgmts:.Win32_LogicalDisk
2025-07-08 12:44:33,037 - WARNING - Enhanced device detection failed, using fallback: winmgmts:.Win32_LogicalDisk
2025-07-08 12:44:35,041 - WARNING - Enhanced device detection failed, using fallback: winmgmts:.Win32_LogicalDisk
2025-07-08 12:44:35,715 - INFO - 127.0.0.1 - - [08/Jul/2025 12:44:35] "[33mGET / HTTP/1.1[0m" 404 -
2025-07-08 12:44:37,043 - WARNING - Enhanced device detection failed, using fallback: winmgmts:.Win32_LogicalDisk
2025-07-08 12:44:39,045 - WARNING - Enhanced device detection failed, using fallback: winmgmts:.Win32_LogicalDisk
2025-07-08 12:44:41,047 - WARNING - Enhanced device detection failed, using fallback: winmgmts:.Win32_LogicalDisk
2025-07-08 12:44:43,049 - WARNING - Enhanced device detection failed, using fallback: winmgmts:.Win32_LogicalDisk
2025-07-08 12:44:45,051 - WARNING - Enhanced device detection failed, using fallback: winmgmts:.Win32_LogicalDisk
2025-07-08 12:44:47,055 - WARNING - Enhanced device detection failed, using fallback: winmgmts:.Win32_LogicalDisk
2025-07-08 12:44:49,058 - WARNING - Enhanced device detection failed, using fallback: winmgmts:.Win32_LogicalDisk
2025-07-08 12:44:51,060 - WARNING - Enhanced device detection failed, using fallback: winmgmts:.Win32_LogicalDisk
2025-07-08 12:44:53,062 - WARNING - Enhanced device detection failed, using fallback: winmgmts:.Win32_LogicalDisk
2025-07-08 12:44:55,064 - WARNING - Enhanced device detection failed, using fallback: winmgmts:.Win32_LogicalDisk
2025-07-08 12:44:57,066 - WARNING - Enhanced device detection failed, using fallback: winmgmts:.Win32_LogicalDisk
2025-07-08 12:44:59,068 - WARNING - Enhanced device detection failed, using fallback: winmgmts:.Win32_LogicalDisk
2025-07-08 12:45:01,070 - WARNING - Enhanced device detection failed, using fallback: winmgmts:.Win32_LogicalDisk
2025-07-08 12:45:07,054 - INFO - Initializing USB DLP System
2025-07-08 12:45:07,059 - INFO - WMI connection established successfully
2025-07-08 12:45:07,061 - INFO - System initialization complete
2025-07-08 12:45:07,064 - INFO - Starting monitoring services
2025-07-08 12:45:07,066 - INFO - USB Event: {"timestamp": "2025-07-08T12:45:07.066798", "event_type": "monitoring_started", "threat_level": "INFO", "details": {}, "system_info": {"hostname": "LAPTOP-9N62H7OO", "user": "aayus"}, "event_data": {"status": "starting"}}
2025-07-08 12:45:07,067 - INFO - Starting USB DLP System...
2025-07-08 12:45:07,068 - INFO - Dashboard will be available at http://localhost:5000
2025-07-08 12:45:07,091 - INFO - [31m[1mWARNING: This is a development server. Do not use it in a production deployment. Use a production WSGI server instead.[0m
 * Running on all addresses (0.0.0.0)
 * Running on http://127.0.0.1:5000
 * Running on http://192.168.1.4:5000
2025-07-08 12:45:07,091 - INFO - [33mPress CTRL+C to quit[0m
2025-07-08 12:45:09,144 - INFO - Event sent to Splunk successfully
2025-07-08 12:45:09,144 - INFO - Starting Enhanced USB monitoring service with MTP support...
2025-07-08 12:45:09,145 - WARNING - Enhanced device detection failed, using fallback: winmgmts:.Win32_LogicalDisk
2025-07-08 12:45:11,147 - WARNING - Enhanced device detection failed, using fallback: winmgmts:.Win32_LogicalDisk
2025-07-08 12:45:13,148 - WARNING - Enhanced device detection failed, using fallback: winmgmts:.Win32_LogicalDisk
2025-07-08 12:45:14,916 - INFO - 127.0.0.1 - - [08/Jul/2025 12:45:14] "[33mGET / HTTP/1.1[0m" 404 -
2025-07-08 12:45:15,151 - WARNING - Enhanced device detection failed, using fallback: winmgmts:.Win32_LogicalDisk
2025-07-08 12:45:17,154 - WARNING - Enhanced device detection failed, using fallback: winmgmts:.Win32_LogicalDisk
2025-07-08 12:45:19,156 - WARNING - Enhanced device detection failed, using fallback: winmgmts:.Win32_LogicalDisk
2025-07-08 12:45:21,158 - WARNING - Enhanced device detection failed, using fallback: winmgmts:.Win32_LogicalDisk
2025-07-08 12:45:23,160 - WARNING - Enhanced device detection failed, using fallback: winmgmts:.Win32_LogicalDisk
2025-07-08 12:45:25,162 - WARNING - Enhanced device detection failed, using fallback: winmgmts:.Win32_LogicalDisk
2025-07-08 12:45:27,163 - WARNING - Enhanced device detection failed, using fallback: winmgmts:.Win32_LogicalDisk
2025-07-08 12:45:29,169 - WARNING - Enhanced device detection failed, using fallback: winmgmts:.Win32_LogicalDisk
2025-07-08 12:45:31,172 - WARNING - Enhanced device detection failed, using fallback: winmgmts:.Win32_LogicalDisk
2025-07-08 12:45:33,174 - WARNING - Enhanced device detection failed, using fallback: winmgmts:.Win32_LogicalDisk
2025-07-08 12:45:35,176 - WARNING - Enhanced device detection failed, using fallback: winmgmts:.Win32_LogicalDisk
2025-07-08 12:45:37,179 - WARNING - Enhanced device detection failed, using fallback: winmgmts:.Win32_LogicalDisk
2025-07-08 12:45:39,183 - WARNING - Enhanced device detection failed, using fallback: winmgmts:.Win32_LogicalDisk
2025-07-08 12:45:41,185 - WARNING - Enhanced device detection failed, using fallback: winmgmts:.Win32_LogicalDisk
2025-07-08 12:45:43,189 - WARNING - Enhanced device detection failed, using fallback: winmgmts:.Win32_LogicalDisk
2025-07-08 12:45:45,193 - WARNING - Enhanced device detection failed, using fallback: winmgmts:.Win32_LogicalDisk
2025-07-08 12:45:47,196 - WARNING - Enhanced device detection failed, using fallback: winmgmts:.Win32_LogicalDisk
2025-07-08 12:45:49,200 - WARNING - Enhanced device detection failed, using fallback: winmgmts:.Win32_LogicalDisk
2025-07-08 12:45:51,204 - WARNING - Enhanced device detection failed, using fallback: winmgmts:.Win32_LogicalDisk
2025-07-08 12:45:53,207 - WARNING - Enhanced device detection failed, using fallback: winmgmts:.Win32_LogicalDisk
2025-07-08 12:45:55,209 - WARNING - Enhanced device detection failed, using fallback: winmgmts:.Win32_LogicalDisk
2025-07-08 12:45:57,213 - WARNING - Enhanced device detection failed, using fallback: winmgmts:.Win32_LogicalDisk
2025-07-08 12:45:59,215 - WARNING - Enhanced device detection failed, using fallback: winmgmts:.Win32_LogicalDisk
2025-07-08 12:46:01,217 - WARNING - Enhanced device detection failed, using fallback: winmgmts:.Win32_LogicalDisk
2025-07-08 12:46:03,219 - WARNING - Enhanced device detection failed, using fallback: winmgmts:.Win32_LogicalDisk
2025-07-08 12:46:05,222 - WARNING - Enhanced device detection failed, using fallback: winmgmts:.Win32_LogicalDisk
2025-07-08 12:46:07,225 - WARNING - Enhanced device detection failed, using fallback: winmgmts:.Win32_LogicalDisk
2025-07-08 12:46:09,227 - WARNING - Enhanced device detection failed, using fallback: winmgmts:.Win32_LogicalDisk
2025-07-08 12:46:11,233 - WARNING - Enhanced device detection failed, using fallback: winmgmts:.Win32_LogicalDisk
2025-07-08 12:46:13,236 - WARNING - Enhanced device detection failed, using fallback: winmgmts:.Win32_LogicalDisk
2025-07-08 12:46:15,238 - WARNING - Enhanced device detection failed, using fallback: winmgmts:.Win32_LogicalDisk
2025-07-08 12:46:17,243 - WARNING - Enhanced device detection failed, using fallback: winmgmts:.Win32_LogicalDisk
2025-07-08 12:46:19,244 - WARNING - Enhanced device detection failed, using fallback: winmgmts:.Win32_LogicalDisk
2025-07-08 12:46:21,248 - WARNING - Enhanced device detection failed, using fallback: winmgmts:.Win32_LogicalDisk
2025-07-08 12:46:23,252 - WARNING - Enhanced device detection failed, using fallback: winmgmts:.Win32_LogicalDisk
2025-07-08 12:46:25,256 - WARNING - Enhanced device detection failed, using fallback: winmgmts:.Win32_LogicalDisk
2025-07-08 12:46:27,259 - WARNING - Enhanced device detection failed, using fallback: winmgmts:.Win32_LogicalDisk
2025-07-08 12:46:29,264 - WARNING - Enhanced device detection failed, using fallback: winmgmts:.Win32_LogicalDisk
2025-07-08 12:46:31,268 - WARNING - Enhanced device detection failed, using fallback: winmgmts:.Win32_LogicalDisk
2025-07-08 12:46:33,270 - WARNING - Enhanced device detection failed, using fallback: winmgmts:.Win32_LogicalDisk
2025-07-08 12:46:35,273 - WARNING - Enhanced device detection failed, using fallback: winmgmts:.Win32_LogicalDisk
2025-07-08 12:46:37,276 - WARNING - Enhanced device detection failed, using fallback: winmgmts:.Win32_LogicalDisk
2025-07-08 12:46:39,280 - WARNING - Enhanced device detection failed, using fallback: winmgmts:.Win32_LogicalDisk
2025-07-08 12:46:41,282 - WARNING - Enhanced device detection failed, using fallback: winmgmts:.Win32_LogicalDisk
2025-07-08 12:46:43,285 - WARNING - Enhanced device detection failed, using fallback: winmgmts:.Win32_LogicalDisk
2025-07-08 12:46:45,292 - WARNING - Enhanced device detection failed, using fallback: winmgmts:.Win32_LogicalDisk
2025-07-08 12:46:47,295 - WARNING - Enhanced device detection failed, using fallback: winmgmts:.Win32_LogicalDisk
2025-07-08 12:46:49,298 - WARNING - Enhanced device detection failed, using fallback: winmgmts:.Win32_LogicalDisk
2025-07-08 12:46:51,300 - WARNING - Enhanced device detection failed, using fallback: winmgmts:.Win32_LogicalDisk
2025-07-08 12:46:53,304 - WARNING - Enhanced device detection failed, using fallback: winmgmts:.Win32_LogicalDisk
2025-07-08 12:46:55,307 - WARNING - Enhanced device detection failed, using fallback: winmgmts:.Win32_LogicalDisk
2025-07-08 12:46:57,310 - WARNING - Enhanced device detection failed, using fallback: winmgmts:.Win32_LogicalDisk
2025-07-08 12:46:59,312 - WARNING - Enhanced device detection failed, using fallback: winmgmts:.Win32_LogicalDisk
2025-07-08 12:47:01,315 - WARNING - Enhanced device detection failed, using fallback: winmgmts:.Win32_LogicalDisk
2025-07-08 12:47:03,318 - WARNING - Enhanced device detection failed, using fallback: winmgmts:.Win32_LogicalDisk
2025-07-08 12:47:05,322 - WARNING - Enhanced device detection failed, using fallback: winmgmts:.Win32_LogicalDisk
2025-07-08 12:47:07,326 - WARNING - Enhanced device detection failed, using fallback: winmgmts:.Win32_LogicalDisk
2025-07-08 12:47:09,329 - WARNING - Enhanced device detection failed, using fallback: winmgmts:.Win32_LogicalDisk
2025-07-08 12:47:11,331 - WARNING - Enhanced device detection failed, using fallback: winmgmts:.Win32_LogicalDisk
2025-07-08 12:47:13,335 - WARNING - Enhanced device detection failed, using fallback: winmgmts:.Win32_LogicalDisk
2025-07-08 12:47:15,337 - WARNING - Enhanced device detection failed, using fallback: winmgmts:.Win32_LogicalDisk
2025-07-08 12:47:17,341 - WARNING - Enhanced device detection failed, using fallback: winmgmts:.Win32_LogicalDisk
2025-07-08 12:47:19,344 - WARNING - Enhanced device detection failed, using fallback: winmgmts:.Win32_LogicalDisk
2025-07-08 12:47:21,349 - WARNING - Enhanced device detection failed, using fallback: winmgmts:.Win32_LogicalDisk
2025-07-08 12:47:23,352 - WARNING - Enhanced device detection failed, using fallback: winmgmts:.Win32_LogicalDisk
2025-07-08 12:47:25,354 - WARNING - Enhanced device detection failed, using fallback: winmgmts:.Win32_LogicalDisk
2025-07-08 12:47:27,356 - WARNING - Enhanced device detection failed, using fallback: winmgmts:.Win32_LogicalDisk
2025-07-08 12:47:29,359 - WARNING - Enhanced device detection failed, using fallback: winmgmts:.Win32_LogicalDisk
2025-07-08 12:47:31,363 - WARNING - Enhanced device detection failed, using fallback: winmgmts:.Win32_LogicalDisk
2025-07-08 12:47:33,365 - WARNING - Enhanced device detection failed, using fallback: winmgmts:.Win32_LogicalDisk
2025-07-08 12:47:34,380 - INFO - 127.0.0.1 - - [08/Jul/2025 12:47:34] "[33mGET / HTTP/1.1[0m" 404 -
2025-07-08 12:47:35,367 - WARNING - Enhanced device detection failed, using fallback: winmgmts:.Win32_LogicalDisk
2025-07-08 12:47:37,369 - WARNING - Enhanced device detection failed, using fallback: winmgmts:.Win32_LogicalDisk
2025-07-08 12:47:39,371 - WARNING - Enhanced device detection failed, using fallback: winmgmts:.Win32_LogicalDisk
2025-07-08 12:47:41,373 - WARNING - Enhanced device detection failed, using fallback: winmgmts:.Win32_LogicalDisk
2025-07-08 12:47:43,375 - WARNING - Enhanced device detection failed, using fallback: winmgmts:.Win32_LogicalDisk
2025-07-08 12:47:45,377 - WARNING - Enhanced device detection failed, using fallback: winmgmts:.Win32_LogicalDisk
2025-07-08 12:47:47,380 - WARNING - Enhanced device detection failed, using fallback: winmgmts:.Win32_LogicalDisk
2025-07-08 12:47:49,383 - WARNING - Enhanced device detection failed, using fallback: winmgmts:.Win32_LogicalDisk
2025-07-08 12:47:51,384 - WARNING - Enhanced device detection failed, using fallback: winmgmts:.Win32_LogicalDisk
2025-07-08 12:47:53,386 - WARNING - Enhanced device detection failed, using fallback: winmgmts:.Win32_LogicalDisk
2025-07-08 12:47:55,389 - WARNING - Enhanced device detection failed, using fallback: winmgmts:.Win32_LogicalDisk
2025-07-08 12:47:57,391 - WARNING - Enhanced device detection failed, using fallback: winmgmts:.Win32_LogicalDisk
2025-07-08 12:47:59,392 - WARNING - Enhanced device detection failed, using fallback: winmgmts:.Win32_LogicalDisk
2025-07-08 12:48:01,395 - WARNING - Enhanced device detection failed, using fallback: winmgmts:.Win32_LogicalDisk
2025-07-08 12:48:03,397 - WARNING - Enhanced device detection failed, using fallback: winmgmts:.Win32_LogicalDisk
2025-07-08 12:48:05,400 - WARNING - Enhanced device detection failed, using fallback: winmgmts:.Win32_LogicalDisk
2025-07-08 12:48:07,401 - WARNING - Enhanced device detection failed, using fallback: winmgmts:.Win32_LogicalDisk
2025-07-08 12:48:09,406 - WARNING - Enhanced device detection failed, using fallback: winmgmts:.Win32_LogicalDisk
2025-07-08 12:48:11,409 - WARNING - Enhanced device detection failed, using fallback: winmgmts:.Win32_LogicalDisk
2025-07-08 12:48:13,412 - WARNING - Enhanced device detection failed, using fallback: winmgmts:.Win32_LogicalDisk
2025-07-08 12:48:15,417 - WARNING - Enhanced device detection failed, using fallback: winmgmts:.Win32_LogicalDisk
2025-07-08 12:48:17,420 - WARNING - Enhanced device detection failed, using fallback: winmgmts:.Win32_LogicalDisk
2025-07-08 12:48:19,423 - WARNING - Enhanced device detection failed, using fallback: winmgmts:.Win32_LogicalDisk
2025-07-08 12:48:21,427 - WARNING - Enhanced device detection failed, using fallback: winmgmts:.Win32_LogicalDisk
2025-07-08 12:48:23,431 - WARNING - Enhanced device detection failed, using fallback: winmgmts:.Win32_LogicalDisk
2025-07-08 12:48:25,432 - WARNING - Enhanced device detection failed, using fallback: winmgmts:.Win32_LogicalDisk
2025-07-08 12:48:27,450 - WARNING - Enhanced device detection failed, using fallback: winmgmts:.Win32_LogicalDisk
2025-07-08 12:48:29,452 - WARNING - Enhanced device detection failed, using fallback: winmgmts:.Win32_LogicalDisk
2025-07-08 12:48:31,454 - WARNING - Enhanced device detection failed, using fallback: winmgmts:.Win32_LogicalDisk
2025-07-08 12:48:33,456 - WARNING - Enhanced device detection failed, using fallback: winmgmts:.Win32_LogicalDisk
2025-07-08 12:48:35,459 - WARNING - Enhanced device detection failed, using fallback: winmgmts:.Win32_LogicalDisk
2025-07-08 12:48:45,897 - INFO - Initializing USB DLP System
2025-07-08 12:48:45,901 - INFO - WMI connection established successfully
2025-07-08 12:48:45,902 - INFO - System initialization complete
2025-07-08 12:48:45,904 - INFO - Starting monitoring services
2025-07-08 12:48:45,905 - INFO - USB Event: {"timestamp": "2025-07-08T12:48:45.905304", "event_type": "monitoring_started", "threat_level": "INFO", "details": {}, "system_info": {"hostname": "LAPTOP-9N62H7OO", "user": "aayus"}, "event_data": {"status": "starting"}}
2025-07-08 12:48:45,905 - INFO - Starting USB DLP System...
2025-07-08 12:48:45,906 - INFO - Dashboard will be available at http://localhost:5000
2025-07-08 12:48:45,926 - INFO - [31m[1mWARNING: This is a development server. Do not use it in a production deployment. Use a production WSGI server instead.[0m
 * Running on all addresses (0.0.0.0)
 * Running on http://127.0.0.1:5000
 * Running on http://192.168.1.4:5000
2025-07-08 12:48:45,926 - INFO - [33mPress CTRL+C to quit[0m
2025-07-08 12:48:47,949 - INFO - Event sent to Splunk successfully
2025-07-08 12:48:47,950 - INFO - Starting Enhanced USB monitoring service with MTP support...
2025-07-08 12:48:47,950 - WARNING - Enhanced device detection failed, using fallback: winmgmts:.Win32_LogicalDisk
2025-07-08 12:48:49,952 - WARNING - Enhanced device detection failed, using fallback: winmgmts:.Win32_LogicalDisk
2025-07-08 12:48:51,954 - WARNING - Enhanced device detection failed, using fallback: winmgmts:.Win32_LogicalDisk
2025-07-08 12:48:53,082 - INFO - 127.0.0.1 - - [08/Jul/2025 12:48:53] "[33mGET / HTTP/1.1[0m" 404 -
2025-07-08 12:48:53,961 - WARNING - Enhanced device detection failed, using fallback: winmgmts:.Win32_LogicalDisk
2025-07-08 12:48:55,964 - WARNING - Enhanced device detection failed, using fallback: winmgmts:.Win32_LogicalDisk
2025-07-08 12:48:57,966 - WARNING - Enhanced device detection failed, using fallback: winmgmts:.Win32_LogicalDisk
2025-07-08 12:48:59,970 - WARNING - Enhanced device detection failed, using fallback: winmgmts:.Win32_LogicalDisk
2025-07-08 12:53:10,123 - INFO - Initializing USB DLP System
2025-07-08 12:53:10,129 - INFO - WMI connection established successfully
2025-07-08 12:53:10,130 - INFO - System initialization complete
2025-07-08 12:53:10,133 - INFO - Starting monitoring services
2025-07-08 12:53:10,134 - INFO - USB Event: {"timestamp": "2025-07-08T12:53:10.134697", "event_type": "monitoring_started", "threat_level": "INFO", "details": {}, "system_info": {"hostname": "LAPTOP-9N62H7OO", "user": "aayus"}, "event_data": {"status": "starting"}}
2025-07-08 12:53:10,135 - INFO - Starting USB DLP System...
2025-07-08 12:53:10,136 - INFO - Dashboard will be available at http://localhost:5000
2025-07-08 12:53:10,163 - INFO - [31m[1mWARNING: This is a development server. Do not use it in a production deployment. Use a production WSGI server instead.[0m
 * Running on all addresses (0.0.0.0)
 * Running on http://127.0.0.1:5000
 * Running on http://192.168.1.4:5000
2025-07-08 12:53:10,163 - INFO - [33mPress CTRL+C to quit[0m
2025-07-08 12:53:12,256 - INFO - Event sent to Splunk successfully
2025-07-08 12:53:12,258 - INFO - Starting Enhanced USB monitoring service with MTP support...
2025-07-08 12:53:12,260 - WARNING - Enhanced device detection failed, using fallback: winmgmts:.Win32_LogicalDisk
2025-07-08 12:53:14,263 - WARNING - Enhanced device detection failed, using fallback: winmgmts:.Win32_LogicalDisk
2025-07-08 12:53:16,265 - WARNING - Enhanced device detection failed, using fallback: winmgmts:.Win32_LogicalDisk
2025-07-08 12:53:18,268 - WARNING - Enhanced device detection failed, using fallback: winmgmts:.Win32_LogicalDisk
2025-07-08 12:53:18,876 - INFO - 127.0.0.1 - - [08/Jul/2025 12:53:18] "[33mGET / HTTP/1.1[0m" 404 -
2025-07-08 12:53:19,073 - INFO - 127.0.0.1 - - [08/Jul/2025 12:53:19] "[33mGET /favicon.ico HTTP/1.1[0m" 404 -
2025-07-08 12:53:20,269 - WARNING - Enhanced device detection failed, using fallback: winmgmts:.Win32_LogicalDisk
2025-07-08 12:53:22,273 - WARNING - Enhanced device detection failed, using fallback: winmgmts:.Win32_LogicalDisk
2025-07-08 12:53:24,276 - WARNING - Enhanced device detection failed, using fallback: winmgmts:.Win32_LogicalDisk
2025-07-08 12:53:26,279 - WARNING - Enhanced device detection failed, using fallback: winmgmts:.Win32_LogicalDisk
2025-07-08 12:53:28,280 - WARNING - Enhanced device detection failed, using fallback: winmgmts:.Win32_LogicalDisk
2025-07-08 12:53:30,283 - WARNING - Enhanced device detection failed, using fallback: winmgmts:.Win32_LogicalDisk
2025-07-08 12:53:32,287 - WARNING - Enhanced device detection failed, using fallback: winmgmts:.Win32_LogicalDisk
2025-07-08 12:53:34,291 - WARNING - Enhanced device detection failed, using fallback: winmgmts:.Win32_LogicalDisk
2025-07-08 12:53:36,295 - WARNING - Enhanced device detection failed, using fallback: winmgmts:.Win32_LogicalDisk
2025-07-08 12:53:38,299 - WARNING - Enhanced device detection failed, using fallback: winmgmts:.Win32_LogicalDisk
2025-07-08 12:53:40,301 - WARNING - Enhanced device detection failed, using fallback: winmgmts:.Win32_LogicalDisk
2025-07-08 12:53:40,302 - ERROR - Failed to save events: [Errno 22] Invalid argument: 'tmp/usb_monitor_data\\usb_events.json'
2025-07-08 12:53:41,815 - INFO - Initializing USB DLP System
2025-07-08 12:53:41,820 - INFO - WMI connection established successfully
2025-07-08 12:53:41,821 - INFO - System initialization complete
2025-07-08 12:53:41,823 - INFO - Starting monitoring services
2025-07-08 12:53:41,824 - INFO - USB Event: {"timestamp": "2025-07-08T12:53:41.824118", "event_type": "monitoring_started", "threat_level": "INFO", "details": {}, "system_info": {"hostname": "LAPTOP-9N62H7OO", "user": "aayus"}, "event_data": {"status": "starting"}}
2025-07-08 12:53:41,824 - INFO - Starting USB DLP System...
2025-07-08 12:53:41,825 - INFO - Dashboard will be available at http://localhost:5000
2025-07-08 12:53:41,841 - INFO - [31m[1mWARNING: This is a development server. Do not use it in a production deployment. Use a production WSGI server instead.[0m
 * Running on all addresses (0.0.0.0)
 * Running on http://127.0.0.1:5000
 * Running on http://192.168.1.4:5000
2025-07-08 12:53:41,841 - INFO - [33mPress CTRL+C to quit[0m
2025-07-08 12:53:42,304 - WARNING - Enhanced device detection failed, using fallback: winmgmts:.Win32_LogicalDisk
2025-07-08 12:53:43,891 - INFO - Event sent to Splunk successfully
2025-07-08 12:53:43,892 - INFO - Starting Enhanced USB monitoring service with MTP support...
2025-07-08 12:53:43,893 - WARNING - Enhanced device detection failed, using fallback: winmgmts:.Win32_LogicalDisk
2025-07-08 12:53:44,307 - WARNING - Enhanced device detection failed, using fallback: winmgmts:.Win32_LogicalDisk
2025-07-08 12:53:45,895 - WARNING - Enhanced device detection failed, using fallback: winmgmts:.Win32_LogicalDisk
2025-07-08 12:53:46,311 - WARNING - Enhanced device detection failed, using fallback: winmgmts:.Win32_LogicalDisk
2025-07-08 12:53:47,897 - WARNING - Enhanced device detection failed, using fallback: winmgmts:.Win32_LogicalDisk
2025-07-08 12:53:48,315 - WARNING - Enhanced device detection failed, using fallback: winmgmts:.Win32_LogicalDisk
2025-07-08 12:53:49,903 - WARNING - Enhanced device detection failed, using fallback: winmgmts:.Win32_LogicalDisk
2025-07-08 12:53:50,319 - WARNING - Enhanced device detection failed, using fallback: winmgmts:.Win32_LogicalDisk
2025-07-08 12:53:51,907 - WARNING - Enhanced device detection failed, using fallback: winmgmts:.Win32_LogicalDisk
2025-07-08 12:53:52,325 - WARNING - Enhanced device detection failed, using fallback: winmgmts:.Win32_LogicalDisk
2025-07-08 12:53:53,911 - WARNING - Enhanced device detection failed, using fallback: winmgmts:.Win32_LogicalDisk
2025-07-08 12:53:54,327 - WARNING - Enhanced device detection failed, using fallback: winmgmts:.Win32_LogicalDisk
2025-07-08 12:53:55,913 - WARNING - Enhanced device detection failed, using fallback: winmgmts:.Win32_LogicalDisk
2025-07-08 12:53:56,329 - WARNING - Enhanced device detection failed, using fallback: winmgmts:.Win32_LogicalDisk
2025-07-08 12:53:57,915 - WARNING - Enhanced device detection failed, using fallback: winmgmts:.Win32_LogicalDisk
2025-07-08 12:53:58,334 - WARNING - Enhanced device detection failed, using fallback: winmgmts:.Win32_LogicalDisk
2025-07-08 12:53:59,919 - WARNING - Enhanced device detection failed, using fallback: winmgmts:.Win32_LogicalDisk
2025-07-08 12:54:00,338 - WARNING - Enhanced device detection failed, using fallback: winmgmts:.Win32_LogicalDisk
2025-07-08 12:54:01,923 - WARNING - Enhanced device detection failed, using fallback: winmgmts:.Win32_LogicalDisk
2025-07-08 12:54:02,341 - WARNING - Enhanced device detection failed, using fallback: winmgmts:.Win32_LogicalDisk
2025-07-08 12:54:03,925 - WARNING - Enhanced device detection failed, using fallback: winmgmts:.Win32_LogicalDisk
2025-07-08 12:54:04,343 - WARNING - Enhanced device detection failed, using fallback: winmgmts:.Win32_LogicalDisk
2025-07-08 12:54:05,929 - WARNING - Enhanced device detection failed, using fallback: winmgmts:.Win32_LogicalDisk
2025-07-08 12:54:06,346 - WARNING - Enhanced device detection failed, using fallback: winmgmts:.Win32_LogicalDisk
2025-07-08 12:54:07,931 - WARNING - Enhanced device detection failed, using fallback: winmgmts:.Win32_LogicalDisk
2025-07-08 12:54:08,350 - WARNING - Enhanced device detection failed, using fallback: winmgmts:.Win32_LogicalDisk
2025-07-08 12:54:09,933 - WARNING - Enhanced device detection failed, using fallback: winmgmts:.Win32_LogicalDisk
2025-07-08 12:54:10,352 - WARNING - Enhanced device detection failed, using fallback: winmgmts:.Win32_LogicalDisk
2025-07-08 12:54:11,936 - WARNING - Enhanced device detection failed, using fallback: winmgmts:.Win32_LogicalDisk
2025-07-08 12:54:12,355 - WARNING - Enhanced device detection failed, using fallback: winmgmts:.Win32_LogicalDisk
2025-07-08 12:54:13,938 - WARNING - Enhanced device detection failed, using fallback: winmgmts:.Win32_LogicalDisk
2025-07-08 12:54:14,358 - WARNING - Enhanced device detection failed, using fallback: winmgmts:.Win32_LogicalDisk
2025-07-08 12:54:15,943 - WARNING - Enhanced device detection failed, using fallback: winmgmts:.Win32_LogicalDisk
2025-07-08 12:54:16,361 - WARNING - Enhanced device detection failed, using fallback: winmgmts:.Win32_LogicalDisk
2025-07-08 12:54:17,946 - WARNING - Enhanced device detection failed, using fallback: winmgmts:.Win32_LogicalDisk
2025-07-08 12:54:18,365 - WARNING - Enhanced device detection failed, using fallback: winmgmts:.Win32_LogicalDisk
2025-07-08 12:54:19,949 - WARNING - Enhanced device detection failed, using fallback: winmgmts:.Win32_LogicalDisk
2025-07-08 12:54:20,370 - WARNING - Enhanced device detection failed, using fallback: winmgmts:.Win32_LogicalDisk
2025-07-08 12:54:21,952 - WARNING - Enhanced device detection failed, using fallback: winmgmts:.Win32_LogicalDisk
2025-07-08 12:54:22,373 - WARNING - Enhanced device detection failed, using fallback: winmgmts:.Win32_LogicalDisk
2025-07-08 12:54:23,957 - WARNING - Enhanced device detection failed, using fallback: winmgmts:.Win32_LogicalDisk
2025-07-08 12:54:24,375 - WARNING - Enhanced device detection failed, using fallback: winmgmts:.Win32_LogicalDisk
2025-07-08 12:54:25,959 - WARNING - Enhanced device detection failed, using fallback: winmgmts:.Win32_LogicalDisk
2025-07-08 12:54:26,379 - WARNING - Enhanced device detection failed, using fallback: winmgmts:.Win32_LogicalDisk
2025-07-08 12:54:27,961 - WARNING - Enhanced device detection failed, using fallback: winmgmts:.Win32_LogicalDisk
2025-07-08 12:54:28,381 - WARNING - Enhanced device detection failed, using fallback: winmgmts:.Win32_LogicalDisk
2025-07-08 12:54:29,964 - WARNING - Enhanced device detection failed, using fallback: winmgmts:.Win32_LogicalDisk
2025-07-08 12:54:30,389 - WARNING - Enhanced device detection failed, using fallback: winmgmts:.Win32_LogicalDisk
2025-07-08 12:54:31,968 - WARNING - Enhanced device detection failed, using fallback: winmgmts:.Win32_LogicalDisk
2025-07-08 12:54:32,391 - WARNING - Enhanced device detection failed, using fallback: winmgmts:.Win32_LogicalDisk
2025-07-08 12:54:33,973 - WARNING - Enhanced device detection failed, using fallback: winmgmts:.Win32_LogicalDisk
2025-07-08 12:54:34,393 - WARNING - Enhanced device detection failed, using fallback: winmgmts:.Win32_LogicalDisk
2025-07-08 12:54:35,977 - WARNING - Enhanced device detection failed, using fallback: winmgmts:.Win32_LogicalDisk
2025-07-08 12:54:36,395 - WARNING - Enhanced device detection failed, using fallback: winmgmts:.Win32_LogicalDisk
2025-07-08 12:54:37,979 - WARNING - Enhanced device detection failed, using fallback: winmgmts:.Win32_LogicalDisk
2025-07-08 12:54:38,401 - WARNING - Enhanced device detection failed, using fallback: winmgmts:.Win32_LogicalDisk
2025-07-08 12:54:39,982 - WARNING - Enhanced device detection failed, using fallback: winmgmts:.Win32_LogicalDisk
2025-07-08 12:54:40,404 - WARNING - Enhanced device detection failed, using fallback: winmgmts:.Win32_LogicalDisk
2025-07-08 12:54:41,983 - WARNING - Enhanced device detection failed, using fallback: winmgmts:.Win32_LogicalDisk
2025-07-08 12:54:42,406 - WARNING - Enhanced device detection failed, using fallback: winmgmts:.Win32_LogicalDisk
2025-07-08 12:54:43,987 - WARNING - Enhanced device detection failed, using fallback: winmgmts:.Win32_LogicalDisk
2025-07-08 12:54:44,409 - WARNING - Enhanced device detection failed, using fallback: winmgmts:.Win32_LogicalDisk
2025-07-08 12:54:45,994 - WARNING - Enhanced device detection failed, using fallback: winmgmts:.Win32_LogicalDisk
2025-07-08 12:54:46,411 - WARNING - Enhanced device detection failed, using fallback: winmgmts:.Win32_LogicalDisk
2025-07-08 12:54:47,996 - WARNING - Enhanced device detection failed, using fallback: winmgmts:.Win32_LogicalDisk
2025-07-08 12:54:48,414 - WARNING - Enhanced device detection failed, using fallback: winmgmts:.Win32_LogicalDisk
2025-07-08 12:54:50,001 - WARNING - Enhanced device detection failed, using fallback: winmgmts:.Win32_LogicalDisk
2025-07-08 12:54:50,420 - WARNING - Enhanced device detection failed, using fallback: winmgmts:.Win32_LogicalDisk
2025-07-08 12:54:52,003 - WARNING - Enhanced device detection failed, using fallback: winmgmts:.Win32_LogicalDisk
2025-07-08 12:54:52,423 - WARNING - Enhanced device detection failed, using fallback: winmgmts:.Win32_LogicalDisk
2025-07-08 12:54:54,006 - WARNING - Enhanced device detection failed, using fallback: winmgmts:.Win32_LogicalDisk
2025-07-08 12:54:54,425 - WARNING - Enhanced device detection failed, using fallback: winmgmts:.Win32_LogicalDisk
2025-07-08 12:54:56,008 - WARNING - Enhanced device detection failed, using fallback: winmgmts:.Win32_LogicalDisk
2025-07-08 12:54:56,427 - WARNING - Enhanced device detection failed, using fallback: winmgmts:.Win32_LogicalDisk
2025-07-08 12:54:58,010 - WARNING - Enhanced device detection failed, using fallback: winmgmts:.Win32_LogicalDisk
2025-07-08 12:54:58,010 - ERROR - Failed to save events: [Errno 22] Invalid argument: 'tmp/usb_monitor_data\\usb_events.json'
2025-07-08 12:54:58,431 - WARNING - Enhanced device detection failed, using fallback: winmgmts:.Win32_LogicalDisk
2025-07-08 12:55:00,012 - WARNING - Enhanced device detection failed, using fallback: winmgmts:.Win32_LogicalDisk
2025-07-08 12:55:00,433 - WARNING - Enhanced device detection failed, using fallback: winmgmts:.Win32_LogicalDisk
2025-07-08 12:55:02,015 - WARNING - Enhanced device detection failed, using fallback: winmgmts:.Win32_LogicalDisk
2025-07-08 12:55:02,435 - WARNING - Enhanced device detection failed, using fallback: winmgmts:.Win32_LogicalDisk
2025-07-08 12:55:04,017 - WARNING - Enhanced device detection failed, using fallback: winmgmts:.Win32_LogicalDisk
2025-07-08 12:55:04,438 - WARNING - Enhanced device detection failed, using fallback: winmgmts:.Win32_LogicalDisk
2025-07-08 12:55:06,020 - WARNING - Enhanced device detection failed, using fallback: winmgmts:.Win32_LogicalDisk
2025-07-08 12:55:06,440 - WARNING - Enhanced device detection failed, using fallback: winmgmts:.Win32_LogicalDisk
2025-07-08 12:55:08,023 - WARNING - Enhanced device detection failed, using fallback: winmgmts:.Win32_LogicalDisk
2025-07-08 12:55:08,442 - WARNING - Enhanced device detection failed, using fallback: winmgmts:.Win32_LogicalDisk
2025-07-08 12:55:10,025 - WARNING - Enhanced device detection failed, using fallback: winmgmts:.Win32_LogicalDisk
2025-07-08 12:55:10,444 - WARNING - Enhanced device detection failed, using fallback: winmgmts:.Win32_LogicalDisk
2025-07-08 12:55:12,027 - WARNING - Enhanced device detection failed, using fallback: winmgmts:.Win32_LogicalDisk
2025-07-08 12:55:12,447 - WARNING - Enhanced device detection failed, using fallback: winmgmts:.Win32_LogicalDisk
2025-07-08 12:55:14,029 - WARNING - Enhanced device detection failed, using fallback: winmgmts:.Win32_LogicalDisk
2025-07-08 12:55:14,449 - WARNING - Enhanced device detection failed, using fallback: winmgmts:.Win32_LogicalDisk
2025-07-08 12:55:16,032 - WARNING - Enhanced device detection failed, using fallback: winmgmts:.Win32_LogicalDisk
2025-07-08 12:55:16,454 - WARNING - Enhanced device detection failed, using fallback: winmgmts:.Win32_LogicalDisk
2025-07-08 12:55:18,035 - WARNING - Enhanced device detection failed, using fallback: winmgmts:.Win32_LogicalDisk
2025-07-08 12:55:18,457 - WARNING - Enhanced device detection failed, using fallback: winmgmts:.Win32_LogicalDisk
2025-07-08 12:55:20,038 - WARNING - Enhanced device detection failed, using fallback: winmgmts:.Win32_LogicalDisk
2025-07-08 12:55:20,459 - WARNING - Enhanced device detection failed, using fallback: winmgmts:.Win32_LogicalDisk
2025-07-08 12:55:22,040 - WARNING - Enhanced device detection failed, using fallback: winmgmts:.Win32_LogicalDisk
2025-07-08 12:55:22,462 - WARNING - Enhanced device detection failed, using fallback: winmgmts:.Win32_LogicalDisk
2025-07-08 12:55:24,043 - WARNING - Enhanced device detection failed, using fallback: winmgmts:.Win32_LogicalDisk
2025-07-08 12:55:24,464 - WARNING - Enhanced device detection failed, using fallback: winmgmts:.Win32_LogicalDisk
2025-07-08 12:55:26,046 - WARNING - Enhanced device detection failed, using fallback: winmgmts:.Win32_LogicalDisk
2025-07-08 12:55:26,468 - WARNING - Enhanced device detection failed, using fallback: winmgmts:.Win32_LogicalDisk
2025-07-08 12:55:28,050 - WARNING - Enhanced device detection failed, using fallback: winmgmts:.Win32_LogicalDisk
2025-07-08 12:55:28,472 - WARNING - Enhanced device detection failed, using fallback: winmgmts:.Win32_LogicalDisk
2025-07-08 12:55:30,053 - WARNING - Enhanced device detection failed, using fallback: winmgmts:.Win32_LogicalDisk
2025-07-08 12:55:30,474 - WARNING - Enhanced device detection failed, using fallback: winmgmts:.Win32_LogicalDisk
2025-07-08 12:55:32,056 - WARNING - Enhanced device detection failed, using fallback: winmgmts:.Win32_LogicalDisk
2025-07-08 12:55:32,477 - WARNING - Enhanced device detection failed, using fallback: winmgmts:.Win32_LogicalDisk
2025-07-08 12:55:34,060 - WARNING - Enhanced device detection failed, using fallback: winmgmts:.Win32_LogicalDisk
2025-07-08 12:55:34,480 - WARNING - Enhanced device detection failed, using fallback: winmgmts:.Win32_LogicalDisk
2025-07-08 12:55:36,063 - WARNING - Enhanced device detection failed, using fallback: winmgmts:.Win32_LogicalDisk
2025-07-08 12:55:36,482 - WARNING - Enhanced device detection failed, using fallback: winmgmts:.Win32_LogicalDisk
2025-07-08 12:55:38,064 - WARNING - Enhanced device detection failed, using fallback: winmgmts:.Win32_LogicalDisk
2025-07-08 12:55:38,484 - WARNING - Enhanced device detection failed, using fallback: winmgmts:.Win32_LogicalDisk
2025-07-08 12:55:40,067 - WARNING - Enhanced device detection failed, using fallback: winmgmts:.Win32_LogicalDisk
2025-07-08 12:55:40,487 - WARNING - Enhanced device detection failed, using fallback: winmgmts:.Win32_LogicalDisk
2025-07-08 12:55:42,070 - WARNING - Enhanced device detection failed, using fallback: winmgmts:.Win32_LogicalDisk
2025-07-08 12:55:42,492 - WARNING - Enhanced device detection failed, using fallback: winmgmts:.Win32_LogicalDisk
2025-07-08 12:55:44,074 - WARNING - Enhanced device detection failed, using fallback: winmgmts:.Win32_LogicalDisk
2025-07-08 12:55:44,496 - WARNING - Enhanced device detection failed, using fallback: winmgmts:.Win32_LogicalDisk
2025-07-08 12:55:46,076 - WARNING - Enhanced device detection failed, using fallback: winmgmts:.Win32_LogicalDisk
2025-07-08 12:55:46,502 - WARNING - Enhanced device detection failed, using fallback: winmgmts:.Win32_LogicalDisk
2025-07-08 12:55:48,078 - WARNING - Enhanced device detection failed, using fallback: winmgmts:.Win32_LogicalDisk
2025-07-08 12:55:48,504 - WARNING - Enhanced device detection failed, using fallback: winmgmts:.Win32_LogicalDisk
2025-07-08 12:55:50,080 - WARNING - Enhanced device detection failed, using fallback: winmgmts:.Win32_LogicalDisk
2025-07-08 12:55:50,509 - WARNING - Enhanced device detection failed, using fallback: winmgmts:.Win32_LogicalDisk
2025-07-08 12:55:51,293 - INFO - Initializing USB DLP System
2025-07-08 12:55:51,297 - INFO - WMI connection established successfully
2025-07-08 12:55:51,298 - INFO - System initialization complete
2025-07-08 12:55:51,300 - INFO - Starting monitoring services
2025-07-08 12:55:51,300 - INFO - USB Event: {"timestamp": "2025-07-08T12:55:51.300373", "event_type": "monitoring_started", "threat_level": "INFO", "details": {}, "system_info": {"hostname": "LAPTOP-9N62H7OO", "user": "aayus"}, "event_data": {"status": "starting"}}
2025-07-08 12:55:51,301 - INFO - Starting USB DLP System...
2025-07-08 12:55:51,301 - INFO - Dashboard will be available at http://localhost:5000
2025-07-08 12:55:51,325 - INFO - [31m[1mWARNING: This is a development server. Do not use it in a production deployment. Use a production WSGI server instead.[0m
 * Running on all addresses (0.0.0.0)
 * Running on http://127.0.0.1:5000
 * Running on http://192.168.1.4:5000
2025-07-08 12:55:51,325 - INFO - [33mPress CTRL+C to quit[0m
2025-07-08 12:55:52,082 - WARNING - Enhanced device detection failed, using fallback: winmgmts:.Win32_LogicalDisk
2025-07-08 12:55:52,513 - WARNING - Enhanced device detection failed, using fallback: winmgmts:.Win32_LogicalDisk
2025-07-08 12:55:53,371 - INFO - Event sent to Splunk successfully
2025-07-08 12:55:53,372 - INFO - Starting Enhanced USB monitoring service with MTP support...
2025-07-08 12:55:53,373 - WARNING - Enhanced device detection failed, using fallback: winmgmts:.Win32_LogicalDisk
2025-07-08 12:55:54,084 - WARNING - Enhanced device detection failed, using fallback: winmgmts:.Win32_LogicalDisk
2025-07-08 12:55:54,517 - WARNING - Enhanced device detection failed, using fallback: winmgmts:.Win32_LogicalDisk
2025-07-08 12:55:55,375 - WARNING - Enhanced device detection failed, using fallback: winmgmts:.Win32_LogicalDisk
2025-07-08 12:55:56,086 - WARNING - Enhanced device detection failed, using fallback: winmgmts:.Win32_LogicalDisk
2025-07-08 12:55:56,521 - WARNING - Enhanced device detection failed, using fallback: winmgmts:.Win32_LogicalDisk
2025-07-08 12:55:57,239 - INFO - 127.0.0.1 - - [08/Jul/2025 12:55:57] "[33mGET / HTTP/1.1[0m" 404 -
2025-07-08 12:55:57,377 - WARNING - Enhanced device detection failed, using fallback: winmgmts:.Win32_LogicalDisk
2025-07-08 12:55:58,088 - WARNING - Enhanced device detection failed, using fallback: winmgmts:.Win32_LogicalDisk
2025-07-08 12:55:58,523 - WARNING - Enhanced device detection failed, using fallback: winmgmts:.Win32_LogicalDisk
2025-07-08 12:55:59,379 - WARNING - Enhanced device detection failed, using fallback: winmgmts:.Win32_LogicalDisk
2025-07-08 12:56:00,091 - WARNING - Enhanced device detection failed, using fallback: winmgmts:.Win32_LogicalDisk
2025-07-08 12:56:00,525 - WARNING - Enhanced device detection failed, using fallback: winmgmts:.Win32_LogicalDisk
2025-07-08 12:56:01,382 - WARNING - Enhanced device detection failed, using fallback: winmgmts:.Win32_LogicalDisk
2025-07-08 12:56:02,093 - WARNING - Enhanced device detection failed, using fallback: winmgmts:.Win32_LogicalDisk
2025-07-08 12:56:02,527 - WARNING - Enhanced device detection failed, using fallback: winmgmts:.Win32_LogicalDisk
2025-07-08 12:56:03,387 - WARNING - Enhanced device detection failed, using fallback: winmgmts:.Win32_LogicalDisk
2025-07-08 12:56:04,096 - WARNING - Enhanced device detection failed, using fallback: winmgmts:.Win32_LogicalDisk
2025-07-08 12:56:04,531 - WARNING - Enhanced device detection failed, using fallback: winmgmts:.Win32_LogicalDisk
2025-07-08 12:56:05,390 - WARNING - Enhanced device detection failed, using fallback: winmgmts:.Win32_LogicalDisk
2025-07-08 12:56:06,102 - WARNING - Enhanced device detection failed, using fallback: winmgmts:.Win32_LogicalDisk
2025-07-08 12:56:06,536 - WARNING - Enhanced device detection failed, using fallback: winmgmts:.Win32_LogicalDisk
2025-07-08 12:56:07,396 - WARNING - Enhanced device detection failed, using fallback: winmgmts:.Win32_LogicalDisk
2025-07-08 12:56:08,104 - WARNING - Enhanced device detection failed, using fallback: winmgmts:.Win32_LogicalDisk
2025-07-08 12:56:08,538 - WARNING - Enhanced device detection failed, using fallback: winmgmts:.Win32_LogicalDisk
2025-07-08 12:56:09,400 - WARNING - Enhanced device detection failed, using fallback: winmgmts:.Win32_LogicalDisk
2025-07-08 12:56:10,108 - WARNING - Enhanced device detection failed, using fallback: winmgmts:.Win32_LogicalDisk
2025-07-08 12:56:10,540 - WARNING - Enhanced device detection failed, using fallback: winmgmts:.Win32_LogicalDisk
2025-07-08 12:56:11,402 - WARNING - Enhanced device detection failed, using fallback: winmgmts:.Win32_LogicalDisk
2025-07-08 12:56:12,110 - WARNING - Enhanced device detection failed, using fallback: winmgmts:.Win32_LogicalDisk
2025-07-08 12:56:12,542 - WARNING - Enhanced device detection failed, using fallback: winmgmts:.Win32_LogicalDisk
2025-07-08 12:56:13,405 - WARNING - Enhanced device detection failed, using fallback: winmgmts:.Win32_LogicalDisk
2025-07-08 12:56:14,112 - WARNING - Enhanced device detection failed, using fallback: winmgmts:.Win32_LogicalDisk
2025-07-08 12:56:14,545 - WARNING - Enhanced device detection failed, using fallback: winmgmts:.Win32_LogicalDisk
2025-07-08 12:56:15,407 - WARNING - Enhanced device detection failed, using fallback: winmgmts:.Win32_LogicalDisk
2025-07-08 12:56:16,119 - WARNING - Enhanced device detection failed, using fallback: winmgmts:.Win32_LogicalDisk
2025-07-08 12:56:16,548 - WARNING - Enhanced device detection failed, using fallback: winmgmts:.Win32_LogicalDisk
2025-07-08 12:56:17,411 - WARNING - Enhanced device detection failed, using fallback: winmgmts:.Win32_LogicalDisk
2025-07-08 12:56:18,123 - WARNING - Enhanced device detection failed, using fallback: winmgmts:.Win32_LogicalDisk
2025-07-08 12:56:18,550 - WARNING - Enhanced device detection failed, using fallback: winmgmts:.Win32_LogicalDisk
2025-07-08 12:56:19,414 - WARNING - Enhanced device detection failed, using fallback: winmgmts:.Win32_LogicalDisk
2025-07-08 12:56:20,128 - WARNING - Enhanced device detection failed, using fallback: winmgmts:.Win32_LogicalDisk
2025-07-08 12:56:20,554 - WARNING - Enhanced device detection failed, using fallback: winmgmts:.Win32_LogicalDisk
2025-07-08 12:56:22,130 - WARNING - Enhanced device detection failed, using fallback: winmgmts:.Win32_LogicalDisk
2025-07-08 12:56:22,558 - WARNING - Enhanced device detection failed, using fallback: winmgmts:.Win32_LogicalDisk
2025-07-08 12:56:24,133 - WARNING - Enhanced device detection failed, using fallback: winmgmts:.Win32_LogicalDisk
2025-07-08 12:56:24,562 - WARNING - Enhanced device detection failed, using fallback: winmgmts:.Win32_LogicalDisk
2025-07-08 12:56:26,136 - WARNING - Enhanced device detection failed, using fallback: winmgmts:.Win32_LogicalDisk
2025-07-08 12:56:26,566 - WARNING - Enhanced device detection failed, using fallback: winmgmts:.Win32_LogicalDisk
2025-07-08 12:56:28,138 - WARNING - Enhanced device detection failed, using fallback: winmgmts:.Win32_LogicalDisk
2025-07-08 12:56:28,571 - WARNING - Enhanced device detection failed, using fallback: winmgmts:.Win32_LogicalDisk
2025-07-08 12:56:30,141 - WARNING - Enhanced device detection failed, using fallback: winmgmts:.Win32_LogicalDisk
2025-07-08 12:56:30,574 - WARNING - Enhanced device detection failed, using fallback: winmgmts:.Win32_LogicalDisk
2025-07-08 12:56:32,145 - WARNING - Enhanced device detection failed, using fallback: winmgmts:.Win32_LogicalDisk
2025-07-08 12:56:32,577 - WARNING - Enhanced device detection failed, using fallback: winmgmts:.Win32_LogicalDisk
2025-07-08 12:56:34,147 - WARNING - Enhanced device detection failed, using fallback: winmgmts:.Win32_LogicalDisk
2025-07-08 12:56:34,579 - WARNING - Enhanced device detection failed, using fallback: winmgmts:.Win32_LogicalDisk
2025-07-08 12:56:36,153 - WARNING - Enhanced device detection failed, using fallback: winmgmts:.Win32_LogicalDisk
2025-07-08 12:56:36,583 - WARNING - Enhanced device detection failed, using fallback: winmgmts:.Win32_LogicalDisk
2025-07-08 12:56:38,155 - WARNING - Enhanced device detection failed, using fallback: winmgmts:.Win32_LogicalDisk
2025-07-08 12:56:38,584 - WARNING - Enhanced device detection failed, using fallback: winmgmts:.Win32_LogicalDisk
2025-07-08 12:56:40,159 - WARNING - Enhanced device detection failed, using fallback: winmgmts:.Win32_LogicalDisk
2025-07-08 12:56:40,587 - WARNING - Enhanced device detection failed, using fallback: winmgmts:.Win32_LogicalDisk
2025-07-08 12:56:42,162 - WARNING - Enhanced device detection failed, using fallback: winmgmts:.Win32_LogicalDisk
2025-07-08 12:56:42,590 - WARNING - Enhanced device detection failed, using fallback: winmgmts:.Win32_LogicalDisk
2025-07-08 12:56:44,169 - WARNING - Enhanced device detection failed, using fallback: winmgmts:.Win32_LogicalDisk
2025-07-08 12:56:44,592 - WARNING - Enhanced device detection failed, using fallback: winmgmts:.Win32_LogicalDisk
2025-07-08 12:56:46,188 - WARNING - Enhanced device detection failed, using fallback: winmgmts:.Win32_LogicalDisk
2025-07-08 12:56:46,594 - WARNING - Enhanced device detection failed, using fallback: winmgmts:.Win32_LogicalDisk
2025-07-08 12:56:48,191 - WARNING - Enhanced device detection failed, using fallback: winmgmts:.Win32_LogicalDisk
2025-07-08 12:56:48,595 - WARNING - Enhanced device detection failed, using fallback: winmgmts:.Win32_LogicalDisk
2025-07-08 12:56:50,196 - WARNING - Enhanced device detection failed, using fallback: winmgmts:.Win32_LogicalDisk
2025-07-08 12:56:50,599 - WARNING - Enhanced device detection failed, using fallback: winmgmts:.Win32_LogicalDisk
2025-07-08 12:56:52,197 - WARNING - Enhanced device detection failed, using fallback: winmgmts:.Win32_LogicalDisk
2025-07-08 12:56:52,600 - WARNING - Enhanced device detection failed, using fallback: winmgmts:.Win32_LogicalDisk
2025-07-08 12:56:54,201 - WARNING - Enhanced device detection failed, using fallback: winmgmts:.Win32_LogicalDisk
2025-07-08 12:56:54,603 - WARNING - Enhanced device detection failed, using fallback: winmgmts:.Win32_LogicalDisk
2025-07-08 12:56:56,206 - WARNING - Enhanced device detection failed, using fallback: winmgmts:.Win32_LogicalDisk
2025-07-08 12:56:56,606 - WARNING - Enhanced device detection failed, using fallback: winmgmts:.Win32_LogicalDisk
2025-07-08 12:56:58,209 - WARNING - Enhanced device detection failed, using fallback: winmgmts:.Win32_LogicalDisk
2025-07-08 12:56:58,609 - WARNING - Enhanced device detection failed, using fallback: winmgmts:.Win32_LogicalDisk
2025-07-08 12:57:00,211 - WARNING - Enhanced device detection failed, using fallback: winmgmts:.Win32_LogicalDisk
2025-07-08 12:57:00,611 - WARNING - Enhanced device detection failed, using fallback: winmgmts:.Win32_LogicalDisk
2025-07-08 12:57:02,213 - WARNING - Enhanced device detection failed, using fallback: winmgmts:.Win32_LogicalDisk
2025-07-08 12:57:02,614 - WARNING - Enhanced device detection failed, using fallback: winmgmts:.Win32_LogicalDisk
2025-07-08 12:57:04,219 - WARNING - Enhanced device detection failed, using fallback: winmgmts:.Win32_LogicalDisk
2025-07-08 12:57:04,616 - WARNING - Enhanced device detection failed, using fallback: winmgmts:.Win32_LogicalDisk
2025-07-08 12:57:06,222 - WARNING - Enhanced device detection failed, using fallback: winmgmts:.Win32_LogicalDisk
2025-07-08 12:57:06,619 - WARNING - Enhanced device detection failed, using fallback: winmgmts:.Win32_LogicalDisk
2025-07-08 12:57:08,225 - WARNING - Enhanced device detection failed, using fallback: winmgmts:.Win32_LogicalDisk
2025-07-08 12:57:08,622 - WARNING - Enhanced device detection failed, using fallback: winmgmts:.Win32_LogicalDisk
2025-07-08 12:57:10,228 - WARNING - Enhanced device detection failed, using fallback: winmgmts:.Win32_LogicalDisk
2025-07-08 12:57:10,625 - WARNING - Enhanced device detection failed, using fallback: winmgmts:.Win32_LogicalDisk
2025-07-08 12:57:12,230 - WARNING - Enhanced device detection failed, using fallback: winmgmts:.Win32_LogicalDisk
2025-07-08 12:57:12,627 - WARNING - Enhanced device detection failed, using fallback: winmgmts:.Win32_LogicalDisk
2025-07-08 12:57:14,233 - WARNING - Enhanced device detection failed, using fallback: winmgmts:.Win32_LogicalDisk
2025-07-08 12:57:14,630 - WARNING - Enhanced device detection failed, using fallback: winmgmts:.Win32_LogicalDisk
2025-07-08 12:57:16,243 - WARNING - Enhanced device detection failed, using fallback: winmgmts:.Win32_LogicalDisk
2025-07-08 12:57:16,632 - WARNING - Enhanced device detection failed, using fallback: winmgmts:.Win32_LogicalDisk
2025-07-08 12:57:18,246 - WARNING - Enhanced device detection failed, using fallback: winmgmts:.Win32_LogicalDisk
2025-07-08 12:57:18,634 - WARNING - Enhanced device detection failed, using fallback: winmgmts:.Win32_LogicalDisk
2025-07-08 12:57:20,248 - WARNING - Enhanced device detection failed, using fallback: winmgmts:.Win32_LogicalDisk
2025-07-08 12:57:20,636 - WARNING - Enhanced device detection failed, using fallback: winmgmts:.Win32_LogicalDisk
2025-07-08 12:57:22,251 - WARNING - Enhanced device detection failed, using fallback: winmgmts:.Win32_LogicalDisk
2025-07-08 12:57:22,638 - WARNING - Enhanced device detection failed, using fallback: winmgmts:.Win32_LogicalDisk
2025-07-08 12:57:24,256 - WARNING - Enhanced device detection failed, using fallback: winmgmts:.Win32_LogicalDisk
2025-07-08 12:57:24,643 - WARNING - Enhanced device detection failed, using fallback: winmgmts:.Win32_LogicalDisk
2025-07-08 12:57:26,260 - WARNING - Enhanced device detection failed, using fallback: winmgmts:.Win32_LogicalDisk
2025-07-08 12:57:26,648 - WARNING - Enhanced device detection failed, using fallback: winmgmts:.Win32_LogicalDisk
2025-07-08 12:57:28,261 - WARNING - Enhanced device detection failed, using fallback: winmgmts:.Win32_LogicalDisk
2025-07-08 12:57:28,651 - WARNING - Enhanced device detection failed, using fallback: winmgmts:.Win32_LogicalDisk
2025-07-08 12:57:30,264 - WARNING - Enhanced device detection failed, using fallback: winmgmts:.Win32_LogicalDisk
2025-07-08 12:57:30,654 - WARNING - Enhanced device detection failed, using fallback: winmgmts:.Win32_LogicalDisk
2025-07-08 12:57:32,266 - WARNING - Enhanced device detection failed, using fallback: winmgmts:.Win32_LogicalDisk
2025-07-08 12:57:32,656 - WARNING - Enhanced device detection failed, using fallback: winmgmts:.Win32_LogicalDisk
2025-07-08 12:57:34,268 - WARNING - Enhanced device detection failed, using fallback: winmgmts:.Win32_LogicalDisk
2025-07-08 12:57:34,660 - WARNING - Enhanced device detection failed, using fallback: winmgmts:.Win32_LogicalDisk
2025-07-08 12:57:36,270 - WARNING - Enhanced device detection failed, using fallback: winmgmts:.Win32_LogicalDisk
2025-07-08 12:57:36,663 - WARNING - Enhanced device detection failed, using fallback: winmgmts:.Win32_LogicalDisk
2025-07-08 12:57:38,271 - WARNING - Enhanced device detection failed, using fallback: winmgmts:.Win32_LogicalDisk
2025-07-08 12:57:38,667 - WARNING - Enhanced device detection failed, using fallback: winmgmts:.Win32_LogicalDisk
2025-07-08 12:57:40,274 - WARNING - Enhanced device detection failed, using fallback: winmgmts:.Win32_LogicalDisk
2025-07-08 12:57:40,671 - WARNING - Enhanced device detection failed, using fallback: winmgmts:.Win32_LogicalDisk
2025-07-08 12:57:42,283 - WARNING - Enhanced device detection failed, using fallback: winmgmts:.Win32_LogicalDisk
2025-07-08 12:57:42,675 - WARNING - Enhanced device detection failed, using fallback: winmgmts:.Win32_LogicalDisk
2025-07-08 12:57:44,288 - WARNING - Enhanced device detection failed, using fallback: winmgmts:.Win32_LogicalDisk
2025-07-08 12:57:44,676 - WARNING - Enhanced device detection failed, using fallback: winmgmts:.Win32_LogicalDisk
2025-07-08 12:57:46,291 - WARNING - Enhanced device detection failed, using fallback: winmgmts:.Win32_LogicalDisk
2025-07-08 12:57:46,679 - WARNING - Enhanced device detection failed, using fallback: winmgmts:.Win32_LogicalDisk
2025-07-08 12:57:48,295 - WARNING - Enhanced device detection failed, using fallback: winmgmts:.Win32_LogicalDisk
2025-07-08 12:57:48,681 - WARNING - Enhanced device detection failed, using fallback: winmgmts:.Win32_LogicalDisk
2025-07-08 12:57:50,301 - WARNING - Enhanced device detection failed, using fallback: winmgmts:.Win32_LogicalDisk
2025-07-08 12:57:50,686 - WARNING - Enhanced device detection failed, using fallback: winmgmts:.Win32_LogicalDisk
2025-07-08 12:57:52,304 - WARNING - Enhanced device detection failed, using fallback: winmgmts:.Win32_LogicalDisk
2025-07-08 12:57:52,688 - WARNING - Enhanced device detection failed, using fallback: winmgmts:.Win32_LogicalDisk
2025-07-08 12:57:54,314 - WARNING - Enhanced device detection failed, using fallback: winmgmts:.Win32_LogicalDisk
2025-07-08 12:57:54,703 - WARNING - Enhanced device detection failed, using fallback: winmgmts:.Win32_LogicalDisk
2025-07-08 12:57:56,320 - WARNING - Enhanced device detection failed, using fallback: winmgmts:.Win32_LogicalDisk
2025-07-08 12:57:56,706 - WARNING - Enhanced device detection failed, using fallback: winmgmts:.Win32_LogicalDisk
2025-07-08 12:57:58,326 - WARNING - Enhanced device detection failed, using fallback: winmgmts:.Win32_LogicalDisk
2025-07-08 12:57:58,708 - WARNING - Enhanced device detection failed, using fallback: winmgmts:.Win32_LogicalDisk
2025-07-08 12:58:00,327 - WARNING - Enhanced device detection failed, using fallback: winmgmts:.Win32_LogicalDisk
2025-07-08 12:58:00,710 - WARNING - Enhanced device detection failed, using fallback: winmgmts:.Win32_LogicalDisk
2025-07-08 12:58:02,335 - WARNING - Enhanced device detection failed, using fallback: winmgmts:.Win32_LogicalDisk
2025-07-08 12:58:02,714 - WARNING - Enhanced device detection failed, using fallback: winmgmts:.Win32_LogicalDisk
2025-07-08 12:58:04,339 - WARNING - Enhanced device detection failed, using fallback: winmgmts:.Win32_LogicalDisk
2025-07-08 12:58:04,342 - ERROR - Failed to save events: [Errno 22] Invalid argument: 'tmp/usb_monitor_data\\usb_events.json'
2025-07-08 12:58:04,718 - WARNING - Enhanced device detection failed, using fallback: winmgmts:.Win32_LogicalDisk
2025-07-08 12:58:06,343 - WARNING - Enhanced device detection failed, using fallback: winmgmts:.Win32_LogicalDisk
2025-07-08 12:58:06,344 - ERROR - Failed to save events: [Errno 22] Invalid argument: 'tmp/usb_monitor_data\\usb_events.json'
2025-07-08 12:58:06,721 - WARNING - Enhanced device detection failed, using fallback: winmgmts:.Win32_LogicalDisk
2025-07-08 12:58:08,345 - WARNING - Enhanced device detection failed, using fallback: winmgmts:.Win32_LogicalDisk
2025-07-08 12:58:08,724 - WARNING - Enhanced device detection failed, using fallback: winmgmts:.Win32_LogicalDisk
2025-07-08 12:58:10,348 - WARNING - Enhanced device detection failed, using fallback: winmgmts:.Win32_LogicalDisk
2025-07-08 12:58:10,726 - WARNING - Enhanced device detection failed, using fallback: winmgmts:.Win32_LogicalDisk
2025-07-08 12:58:12,351 - WARNING - Enhanced device detection failed, using fallback: winmgmts:.Win32_LogicalDisk
2025-07-08 12:58:12,729 - WARNING - Enhanced device detection failed, using fallback: winmgmts:.Win32_LogicalDisk
2025-07-08 12:58:14,353 - WARNING - Enhanced device detection failed, using fallback: winmgmts:.Win32_LogicalDisk
2025-07-08 12:58:14,731 - WARNING - Enhanced device detection failed, using fallback: winmgmts:.Win32_LogicalDisk
2025-07-08 12:58:16,356 - WARNING - Enhanced device detection failed, using fallback: winmgmts:.Win32_LogicalDisk
2025-07-08 12:58:16,737 - WARNING - Enhanced device detection failed, using fallback: winmgmts:.Win32_LogicalDisk
2025-07-08 12:58:18,358 - WARNING - Enhanced device detection failed, using fallback: winmgmts:.Win32_LogicalDisk
2025-07-08 12:58:18,740 - WARNING - Enhanced device detection failed, using fallback: winmgmts:.Win32_LogicalDisk
2025-07-08 12:58:20,360 - WARNING - Enhanced device detection failed, using fallback: winmgmts:.Win32_LogicalDisk
2025-07-08 12:58:20,743 - WARNING - Enhanced device detection failed, using fallback: winmgmts:.Win32_LogicalDisk
2025-07-08 12:58:22,362 - WARNING - Enhanced device detection failed, using fallback: winmgmts:.Win32_LogicalDisk
2025-07-08 12:58:22,747 - WARNING - Enhanced device detection failed, using fallback: winmgmts:.Win32_LogicalDisk
2025-07-08 12:58:24,371 - WARNING - Enhanced device detection failed, using fallback: winmgmts:.Win32_LogicalDisk
2025-07-08 12:58:24,751 - WARNING - Enhanced device detection failed, using fallback: winmgmts:.Win32_LogicalDisk
2025-07-08 12:58:26,373 - WARNING - Enhanced device detection failed, using fallback: winmgmts:.Win32_LogicalDisk
2025-07-08 12:58:26,758 - WARNING - Enhanced device detection failed, using fallback: winmgmts:.Win32_LogicalDisk
2025-07-08 12:58:28,377 - WARNING - Enhanced device detection failed, using fallback: winmgmts:.Win32_LogicalDisk
2025-07-08 12:58:28,760 - WARNING - Enhanced device detection failed, using fallback: winmgmts:.Win32_LogicalDisk
2025-07-08 12:58:30,381 - WARNING - Enhanced device detection failed, using fallback: winmgmts:.Win32_LogicalDisk
2025-07-08 12:58:30,766 - WARNING - Enhanced device detection failed, using fallback: winmgmts:.Win32_LogicalDisk
2025-07-08 12:58:32,384 - WARNING - Enhanced device detection failed, using fallback: winmgmts:.Win32_LogicalDisk
2025-07-08 12:58:32,769 - WARNING - Enhanced device detection failed, using fallback: winmgmts:.Win32_LogicalDisk
2025-07-08 12:58:34,387 - WARNING - Enhanced device detection failed, using fallback: winmgmts:.Win32_LogicalDisk
2025-07-08 12:58:34,771 - WARNING - Enhanced device detection failed, using fallback: winmgmts:.Win32_LogicalDisk
2025-07-08 12:58:36,392 - WARNING - Enhanced device detection failed, using fallback: winmgmts:.Win32_LogicalDisk
2025-07-08 12:58:36,773 - WARNING - Enhanced device detection failed, using fallback: winmgmts:.Win32_LogicalDisk
2025-07-08 12:58:38,395 - WARNING - Enhanced device detection failed, using fallback: winmgmts:.Win32_LogicalDisk
2025-07-08 12:58:38,775 - WARNING - Enhanced device detection failed, using fallback: winmgmts:.Win32_LogicalDisk
2025-07-08 12:58:40,397 - WARNING - Enhanced device detection failed, using fallback: winmgmts:.Win32_LogicalDisk
2025-07-08 12:58:40,779 - WARNING - Enhanced device detection failed, using fallback: winmgmts:.Win32_LogicalDisk
2025-07-08 12:58:42,401 - WARNING - Enhanced device detection failed, using fallback: winmgmts:.Win32_LogicalDisk
2025-07-08 12:58:42,786 - WARNING - Enhanced device detection failed, using fallback: winmgmts:.Win32_LogicalDisk
2025-07-08 12:58:44,403 - WARNING - Enhanced device detection failed, using fallback: winmgmts:.Win32_LogicalDisk
2025-07-08 12:58:44,789 - WARNING - Enhanced device detection failed, using fallback: winmgmts:.Win32_LogicalDisk
2025-07-08 12:58:46,405 - WARNING - Enhanced device detection failed, using fallback: winmgmts:.Win32_LogicalDisk
2025-07-08 12:58:46,792 - WARNING - Enhanced device detection failed, using fallback: winmgmts:.Win32_LogicalDisk
2025-07-08 12:58:48,409 - WARNING - Enhanced device detection failed, using fallback: winmgmts:.Win32_LogicalDisk
2025-07-08 12:58:48,799 - WARNING - Enhanced device detection failed, using fallback: winmgmts:.Win32_LogicalDisk
2025-07-08 12:58:50,415 - WARNING - Enhanced device detection failed, using fallback: winmgmts:.Win32_LogicalDisk
2025-07-08 12:58:50,803 - WARNING - Enhanced device detection failed, using fallback: winmgmts:.Win32_LogicalDisk
2025-07-08 12:58:52,418 - WARNING - Enhanced device detection failed, using fallback: winmgmts:.Win32_LogicalDisk
2025-07-08 12:58:52,820 - WARNING - Enhanced device detection failed, using fallback: winmgmts:.Win32_LogicalDisk
2025-07-08 12:58:54,420 - WARNING - Enhanced device detection failed, using fallback: winmgmts:.Win32_LogicalDisk
2025-07-08 12:58:54,824 - WARNING - Enhanced device detection failed, using fallback: winmgmts:.Win32_LogicalDisk
2025-07-08 12:58:56,448 - WARNING - Enhanced device detection failed, using fallback: winmgmts:.Win32_LogicalDisk
2025-07-08 12:58:56,826 - WARNING - Enhanced device detection failed, using fallback: winmgmts:.Win32_LogicalDisk
2025-07-08 12:58:58,451 - WARNING - Enhanced device detection failed, using fallback: winmgmts:.Win32_LogicalDisk
2025-07-08 12:58:58,831 - WARNING - Enhanced device detection failed, using fallback: winmgmts:.Win32_LogicalDisk
2025-07-08 12:59:00,453 - WARNING - Enhanced device detection failed, using fallback: winmgmts:.Win32_LogicalDisk
2025-07-08 12:59:00,834 - WARNING - Enhanced device detection failed, using fallback: winmgmts:.Win32_LogicalDisk
2025-07-08 12:59:02,455 - WARNING - Enhanced device detection failed, using fallback: winmgmts:.Win32_LogicalDisk
2025-07-08 12:59:02,839 - WARNING - Enhanced device detection failed, using fallback: winmgmts:.Win32_LogicalDisk
2025-07-08 12:59:04,462 - WARNING - Enhanced device detection failed, using fallback: winmgmts:.Win32_LogicalDisk
2025-07-08 12:59:04,843 - WARNING - Enhanced device detection failed, using fallback: winmgmts:.Win32_LogicalDisk
2025-07-08 12:59:06,465 - WARNING - Enhanced device detection failed, using fallback: winmgmts:.Win32_LogicalDisk
2025-07-08 12:59:06,847 - WARNING - Enhanced device detection failed, using fallback: winmgmts:.Win32_LogicalDisk
2025-07-08 12:59:08,469 - WARNING - Enhanced device detection failed, using fallback: winmgmts:.Win32_LogicalDisk
2025-07-08 12:59:08,854 - WARNING - Enhanced device detection failed, using fallback: winmgmts:.Win32_LogicalDisk
2025-07-08 12:59:10,471 - WARNING - Enhanced device detection failed, using fallback: winmgmts:.Win32_LogicalDisk
2025-07-08 12:59:10,856 - WARNING - Enhanced device detection failed, using fallback: winmgmts:.Win32_LogicalDisk
2025-07-08 12:59:12,476 - WARNING - Enhanced device detection failed, using fallback: winmgmts:.Win32_LogicalDisk
2025-07-08 12:59:12,860 - WARNING - Enhanced device detection failed, using fallback: winmgmts:.Win32_LogicalDisk
2025-07-08 12:59:14,480 - WARNING - Enhanced device detection failed, using fallback: winmgmts:.Win32_LogicalDisk
2025-07-08 12:59:14,866 - WARNING - Enhanced device detection failed, using fallback: winmgmts:.Win32_LogicalDisk
2025-07-08 12:59:16,485 - WARNING - Enhanced device detection failed, using fallback: winmgmts:.Win32_LogicalDisk
2025-07-08 12:59:16,869 - WARNING - Enhanced device detection failed, using fallback: winmgmts:.Win32_LogicalDisk
2025-07-08 12:59:18,493 - WARNING - Enhanced device detection failed, using fallback: winmgmts:.Win32_LogicalDisk
2025-07-08 12:59:18,874 - WARNING - Enhanced device detection failed, using fallback: winmgmts:.Win32_LogicalDisk
2025-07-08 12:59:20,500 - WARNING - Enhanced device detection failed, using fallback: winmgmts:.Win32_LogicalDisk
2025-07-08 12:59:20,876 - WARNING - Enhanced device detection failed, using fallback: winmgmts:.Win32_LogicalDisk
2025-07-08 12:59:22,505 - WARNING - Enhanced device detection failed, using fallback: winmgmts:.Win32_LogicalDisk
2025-07-08 12:59:22,881 - WARNING - Enhanced device detection failed, using fallback: winmgmts:.Win32_LogicalDisk
2025-07-08 12:59:24,512 - WARNING - Enhanced device detection failed, using fallback: winmgmts:.Win32_LogicalDisk
2025-07-08 12:59:24,885 - WARNING - Enhanced device detection failed, using fallback: winmgmts:.Win32_LogicalDisk
2025-07-08 12:59:26,516 - WARNING - Enhanced device detection failed, using fallback: winmgmts:.Win32_LogicalDisk
2025-07-08 12:59:26,890 - WARNING - Enhanced device detection failed, using fallback: winmgmts:.Win32_LogicalDisk
2025-07-08 12:59:28,519 - WARNING - Enhanced device detection failed, using fallback: winmgmts:.Win32_LogicalDisk
2025-07-08 12:59:28,893 - WARNING - Enhanced device detection failed, using fallback: winmgmts:.Win32_LogicalDisk
2025-07-08 12:59:30,522 - WARNING - Enhanced device detection failed, using fallback: winmgmts:.Win32_LogicalDisk
2025-07-08 12:59:30,898 - WARNING - Enhanced device detection failed, using fallback: winmgmts:.Win32_LogicalDisk
2025-07-08 12:59:32,524 - WARNING - Enhanced device detection failed, using fallback: winmgmts:.Win32_LogicalDisk
2025-07-08 12:59:32,903 - WARNING - Enhanced device detection failed, using fallback: winmgmts:.Win32_LogicalDisk
2025-07-08 12:59:34,528 - WARNING - Enhanced device detection failed, using fallback: winmgmts:.Win32_LogicalDisk
2025-07-08 12:59:34,906 - WARNING - Enhanced device detection failed, using fallback: winmgmts:.Win32_LogicalDisk
2025-07-08 12:59:36,531 - WARNING - Enhanced device detection failed, using fallback: winmgmts:.Win32_LogicalDisk
2025-07-08 12:59:36,908 - WARNING - Enhanced device detection failed, using fallback: winmgmts:.Win32_LogicalDisk
2025-07-08 12:59:38,533 - WARNING - Enhanced device detection failed, using fallback: winmgmts:.Win32_LogicalDisk
2025-07-08 12:59:38,910 - WARNING - Enhanced device detection failed, using fallback: winmgmts:.Win32_LogicalDisk
2025-07-08 12:59:40,535 - WARNING - Enhanced device detection failed, using fallback: winmgmts:.Win32_LogicalDisk
2025-07-08 12:59:40,914 - WARNING - Enhanced device detection failed, using fallback: winmgmts:.Win32_LogicalDisk
2025-07-08 12:59:42,538 - WARNING - Enhanced device detection failed, using fallback: winmgmts:.Win32_LogicalDisk
2025-07-08 12:59:42,916 - WARNING - Enhanced device detection failed, using fallback: winmgmts:.Win32_LogicalDisk
2025-07-08 12:59:44,541 - WARNING - Enhanced device detection failed, using fallback: winmgmts:.Win32_LogicalDisk
2025-07-08 12:59:44,918 - WARNING - Enhanced device detection failed, using fallback: winmgmts:.Win32_LogicalDisk
2025-07-08 12:59:46,545 - WARNING - Enhanced device detection failed, using fallback: winmgmts:.Win32_LogicalDisk
2025-07-08 12:59:46,920 - WARNING - Enhanced device detection failed, using fallback: winmgmts:.Win32_LogicalDisk
2025-07-08 12:59:48,550 - WARNING - Enhanced device detection failed, using fallback: winmgmts:.Win32_LogicalDisk
2025-07-08 12:59:48,925 - WARNING - Enhanced device detection failed, using fallback: winmgmts:.Win32_LogicalDisk
2025-07-08 12:59:50,553 - WARNING - Enhanced device detection failed, using fallback: winmgmts:.Win32_LogicalDisk
2025-07-08 12:59:50,929 - WARNING - Enhanced device detection failed, using fallback: winmgmts:.Win32_LogicalDisk
2025-07-08 12:59:52,574 - WARNING - Enhanced device detection failed, using fallback: winmgmts:.Win32_LogicalDisk
2025-07-08 12:59:52,931 - WARNING - Enhanced device detection failed, using fallback: winmgmts:.Win32_LogicalDisk
2025-07-08 12:59:54,579 - WARNING - Enhanced device detection failed, using fallback: winmgmts:.Win32_LogicalDisk
2025-07-08 12:59:54,936 - WARNING - Enhanced device detection failed, using fallback: winmgmts:.Win32_LogicalDisk
2025-07-08 12:59:56,581 - WARNING - Enhanced device detection failed, using fallback: winmgmts:.Win32_LogicalDisk
2025-07-08 12:59:56,940 - WARNING - Enhanced device detection failed, using fallback: winmgmts:.Win32_LogicalDisk
2025-07-08 12:59:58,584 - WARNING - Enhanced device detection failed, using fallback: winmgmts:.Win32_LogicalDisk
2025-07-08 12:59:58,943 - WARNING - Enhanced device detection failed, using fallback: winmgmts:.Win32_LogicalDisk
2025-07-08 13:00:00,588 - WARNING - Enhanced device detection failed, using fallback: winmgmts:.Win32_LogicalDisk
2025-07-08 13:00:00,948 - WARNING - Enhanced device detection failed, using fallback: winmgmts:.Win32_LogicalDisk
2025-07-08 13:00:02,590 - WARNING - Enhanced device detection failed, using fallback: winmgmts:.Win32_LogicalDisk
2025-07-08 13:00:02,950 - WARNING - Enhanced device detection failed, using fallback: winmgmts:.Win32_LogicalDisk
2025-07-08 13:00:04,593 - WARNING - Enhanced device detection failed, using fallback: winmgmts:.Win32_LogicalDisk
2025-07-08 13:00:04,955 - WARNING - Enhanced device detection failed, using fallback: winmgmts:.Win32_LogicalDisk
2025-07-08 13:00:06,598 - WARNING - Enhanced device detection failed, using fallback: winmgmts:.Win32_LogicalDisk
2025-07-08 13:00:06,957 - WARNING - Enhanced device detection failed, using fallback: winmgmts:.Win32_LogicalDisk
2025-07-08 13:00:08,602 - WARNING - Enhanced device detection failed, using fallback: winmgmts:.Win32_LogicalDisk
2025-07-08 13:00:08,964 - WARNING - Enhanced device detection failed, using fallback: winmgmts:.Win32_LogicalDisk
2025-07-08 13:00:10,606 - WARNING - Enhanced device detection failed, using fallback: winmgmts:.Win32_LogicalDisk
2025-07-08 13:00:10,969 - WARNING - Enhanced device detection failed, using fallback: winmgmts:.Win32_LogicalDisk
2025-07-08 13:00:12,609 - WARNING - Enhanced device detection failed, using fallback: winmgmts:.Win32_LogicalDisk
2025-07-08 13:00:12,973 - WARNING - Enhanced device detection failed, using fallback: winmgmts:.Win32_LogicalDisk
2025-07-08 13:00:14,613 - WARNING - Enhanced device detection failed, using fallback: winmgmts:.Win32_LogicalDisk
2025-07-08 13:00:14,978 - WARNING - Enhanced device detection failed, using fallback: winmgmts:.Win32_LogicalDisk
2025-07-08 13:00:16,615 - WARNING - Enhanced device detection failed, using fallback: winmgmts:.Win32_LogicalDisk
2025-07-08 13:00:16,980 - WARNING - Enhanced device detection failed, using fallback: winmgmts:.Win32_LogicalDisk
2025-07-08 13:00:18,622 - WARNING - Enhanced device detection failed, using fallback: winmgmts:.Win32_LogicalDisk
2025-07-08 13:00:18,983 - WARNING - Enhanced device detection failed, using fallback: winmgmts:.Win32_LogicalDisk
2025-07-08 13:00:20,625 - WARNING - Enhanced device detection failed, using fallback: winmgmts:.Win32_LogicalDisk
2025-07-08 13:00:20,989 - WARNING - Enhanced device detection failed, using fallback: winmgmts:.Win32_LogicalDisk
2025-07-08 13:00:22,632 - WARNING - Enhanced device detection failed, using fallback: winmgmts:.Win32_LogicalDisk
2025-07-08 13:00:22,991 - WARNING - Enhanced device detection failed, using fallback: winmgmts:.Win32_LogicalDisk
2025-07-08 13:00:24,636 - WARNING - Enhanced device detection failed, using fallback: winmgmts:.Win32_LogicalDisk
2025-07-08 13:00:24,995 - WARNING - Enhanced device detection failed, using fallback: winmgmts:.Win32_LogicalDisk
2025-07-08 13:00:26,640 - WARNING - Enhanced device detection failed, using fallback: winmgmts:.Win32_LogicalDisk
2025-07-08 13:00:27,002 - WARNING - Enhanced device detection failed, using fallback: winmgmts:.Win32_LogicalDisk
2025-07-08 13:00:28,642 - WARNING - Enhanced device detection failed, using fallback: winmgmts:.Win32_LogicalDisk
2025-07-08 13:00:29,008 - WARNING - Enhanced device detection failed, using fallback: winmgmts:.Win32_LogicalDisk
2025-07-08 13:00:30,645 - WARNING - Enhanced device detection failed, using fallback: winmgmts:.Win32_LogicalDisk
2025-07-08 13:00:31,011 - WARNING - Enhanced device detection failed, using fallback: winmgmts:.Win32_LogicalDisk
2025-07-08 13:00:32,650 - WARNING - Enhanced device detection failed, using fallback: winmgmts:.Win32_LogicalDisk
2025-07-08 13:00:33,013 - WARNING - Enhanced device detection failed, using fallback: winmgmts:.Win32_LogicalDisk
2025-07-08 13:00:34,654 - WARNING - Enhanced device detection failed, using fallback: winmgmts:.Win32_LogicalDisk
2025-07-08 13:00:35,015 - WARNING - Enhanced device detection failed, using fallback: winmgmts:.Win32_LogicalDisk
2025-07-08 13:00:36,656 - WARNING - Enhanced device detection failed, using fallback: winmgmts:.Win32_LogicalDisk
2025-07-08 13:00:37,017 - WARNING - Enhanced device detection failed, using fallback: winmgmts:.Win32_LogicalDisk
2025-07-08 13:00:38,659 - WARNING - Enhanced device detection failed, using fallback: winmgmts:.Win32_LogicalDisk
2025-07-08 13:00:39,022 - WARNING - Enhanced device detection failed, using fallback: winmgmts:.Win32_LogicalDisk
2025-07-08 13:00:40,662 - WARNING - Enhanced device detection failed, using fallback: winmgmts:.Win32_LogicalDisk
2025-07-08 13:00:41,023 - WARNING - Enhanced device detection failed, using fallback: winmgmts:.Win32_LogicalDisk
2025-07-08 13:00:42,667 - WARNING - Enhanced device detection failed, using fallback: winmgmts:.Win32_LogicalDisk
2025-07-08 13:00:43,026 - WARNING - Enhanced device detection failed, using fallback: winmgmts:.Win32_LogicalDisk
2025-07-08 13:00:44,672 - WARNING - Enhanced device detection failed, using fallback: winmgmts:.Win32_LogicalDisk
2025-07-08 13:00:45,028 - WARNING - Enhanced device detection failed, using fallback: winmgmts:.Win32_LogicalDisk
2025-07-08 13:00:46,675 - WARNING - Enhanced device detection failed, using fallback: winmgmts:.Win32_LogicalDisk
2025-07-08 13:00:47,029 - WARNING - Enhanced device detection failed, using fallback: winmgmts:.Win32_LogicalDisk
2025-07-08 13:00:48,680 - WARNING - Enhanced device detection failed, using fallback: winmgmts:.Win32_LogicalDisk
2025-07-08 13:00:49,032 - WARNING - Enhanced device detection failed, using fallback: winmgmts:.Win32_LogicalDisk
2025-07-08 13:00:50,683 - WARNING - Enhanced device detection failed, using fallback: winmgmts:.Win32_LogicalDisk
2025-07-08 13:00:51,035 - WARNING - Enhanced device detection failed, using fallback: winmgmts:.Win32_LogicalDisk
2025-07-08 13:00:52,686 - WARNING - Enhanced device detection failed, using fallback: winmgmts:.Win32_LogicalDisk
2025-07-08 13:00:53,038 - WARNING - Enhanced device detection failed, using fallback: winmgmts:.Win32_LogicalDisk
2025-07-08 13:00:54,689 - WARNING - Enhanced device detection failed, using fallback: winmgmts:.Win32_LogicalDisk
2025-07-08 13:00:55,041 - WARNING - Enhanced device detection failed, using fallback: winmgmts:.Win32_LogicalDisk
2025-07-08 13:00:56,693 - WARNING - Enhanced device detection failed, using fallback: winmgmts:.Win32_LogicalDisk
2025-07-08 13:00:57,044 - WARNING - Enhanced device detection failed, using fallback: winmgmts:.Win32_LogicalDisk
2025-07-08 13:00:58,698 - WARNING - Enhanced device detection failed, using fallback: winmgmts:.Win32_LogicalDisk
2025-07-08 13:00:59,047 - WARNING - Enhanced device detection failed, using fallback: winmgmts:.Win32_LogicalDisk
2025-07-08 13:01:00,701 - WARNING - Enhanced device detection failed, using fallback: winmgmts:.Win32_LogicalDisk
2025-07-08 13:01:01,050 - WARNING - Enhanced device detection failed, using fallback: winmgmts:.Win32_LogicalDisk
2025-07-08 13:01:02,705 - WARNING - Enhanced device detection failed, using fallback: winmgmts:.Win32_LogicalDisk
2025-07-08 13:01:03,052 - WARNING - Enhanced device detection failed, using fallback: winmgmts:.Win32_LogicalDisk
2025-07-08 13:01:04,708 - WARNING - Enhanced device detection failed, using fallback: winmgmts:.Win32_LogicalDisk
2025-07-08 13:01:05,055 - WARNING - Enhanced device detection failed, using fallback: winmgmts:.Win32_LogicalDisk
2025-07-08 13:01:06,712 - WARNING - Enhanced device detection failed, using fallback: winmgmts:.Win32_LogicalDisk
2025-07-08 13:01:07,058 - WARNING - Enhanced device detection failed, using fallback: winmgmts:.Win32_LogicalDisk
2025-07-08 13:01:08,715 - WARNING - Enhanced device detection failed, using fallback: winmgmts:.Win32_LogicalDisk
2025-07-08 13:01:09,060 - WARNING - Enhanced device detection failed, using fallback: winmgmts:.Win32_LogicalDisk
2025-07-08 13:01:10,721 - WARNING - Enhanced device detection failed, using fallback: winmgmts:.Win32_LogicalDisk
2025-07-08 13:01:11,064 - WARNING - Enhanced device detection failed, using fallback: winmgmts:.Win32_LogicalDisk
2025-07-08 13:01:12,723 - WARNING - Enhanced device detection failed, using fallback: winmgmts:.Win32_LogicalDisk
2025-07-08 13:01:13,067 - WARNING - Enhanced device detection failed, using fallback: winmgmts:.Win32_LogicalDisk
2025-07-08 13:01:14,725 - WARNING - Enhanced device detection failed, using fallback: winmgmts:.Win32_LogicalDisk
2025-07-08 13:01:15,069 - WARNING - Enhanced device detection failed, using fallback: winmgmts:.Win32_LogicalDisk
2025-07-08 13:01:16,730 - WARNING - Enhanced device detection failed, using fallback: winmgmts:.Win32_LogicalDisk
2025-07-08 13:01:17,072 - WARNING - Enhanced device detection failed, using fallback: winmgmts:.Win32_LogicalDisk
2025-07-08 13:01:18,738 - WARNING - Enhanced device detection failed, using fallback: winmgmts:.Win32_LogicalDisk
2025-07-08 13:01:19,074 - WARNING - Enhanced device detection failed, using fallback: winmgmts:.Win32_LogicalDisk
2025-07-08 13:01:20,743 - WARNING - Enhanced device detection failed, using fallback: winmgmts:.Win32_LogicalDisk
2025-07-08 13:01:21,078 - WARNING - Enhanced device detection failed, using fallback: winmgmts:.Win32_LogicalDisk
2025-07-08 13:01:22,749 - WARNING - Enhanced device detection failed, using fallback: winmgmts:.Win32_LogicalDisk
2025-07-08 13:01:23,083 - WARNING - Enhanced device detection failed, using fallback: winmgmts:.Win32_LogicalDisk
2025-07-08 13:01:24,754 - WARNING - Enhanced device detection failed, using fallback: winmgmts:.Win32_LogicalDisk
2025-07-08 13:01:25,087 - WARNING - Enhanced device detection failed, using fallback: winmgmts:.Win32_LogicalDisk
2025-07-08 13:01:26,761 - WARNING - Enhanced device detection failed, using fallback: winmgmts:.Win32_LogicalDisk
2025-07-08 13:01:27,090 - WARNING - Enhanced device detection failed, using fallback: winmgmts:.Win32_LogicalDisk
2025-07-08 13:01:28,765 - WARNING - Enhanced device detection failed, using fallback: winmgmts:.Win32_LogicalDisk
2025-07-08 13:01:29,094 - WARNING - Enhanced device detection failed, using fallback: winmgmts:.Win32_LogicalDisk
2025-07-08 13:01:30,770 - WARNING - Enhanced device detection failed, using fallback: winmgmts:.Win32_LogicalDisk
2025-07-08 13:01:31,098 - WARNING - Enhanced device detection failed, using fallback: winmgmts:.Win32_LogicalDisk
2025-07-08 13:01:32,775 - WARNING - Enhanced device detection failed, using fallback: winmgmts:.Win32_LogicalDisk
2025-07-08 13:01:33,102 - WARNING - Enhanced device detection failed, using fallback: winmgmts:.Win32_LogicalDisk
2025-07-08 13:01:34,782 - WARNING - Enhanced device detection failed, using fallback: winmgmts:.Win32_LogicalDisk
2025-07-08 13:01:35,105 - WARNING - Enhanced device detection failed, using fallback: winmgmts:.Win32_LogicalDisk
2025-07-08 13:01:36,786 - WARNING - Enhanced device detection failed, using fallback: winmgmts:.Win32_LogicalDisk
2025-07-08 13:01:37,110 - WARNING - Enhanced device detection failed, using fallback: winmgmts:.Win32_LogicalDisk
2025-07-08 13:01:38,787 - WARNING - Enhanced device detection failed, using fallback: winmgmts:.Win32_LogicalDisk
2025-07-08 13:01:39,115 - WARNING - Enhanced device detection failed, using fallback: winmgmts:.Win32_LogicalDisk
2025-07-08 13:01:40,791 - WARNING - Enhanced device detection failed, using fallback: winmgmts:.Win32_LogicalDisk
2025-07-08 13:01:41,121 - WARNING - Enhanced device detection failed, using fallback: winmgmts:.Win32_LogicalDisk
2025-07-08 13:01:42,794 - WARNING - Enhanced device detection failed, using fallback: winmgmts:.Win32_LogicalDisk
2025-07-08 13:01:43,126 - WARNING - Enhanced device detection failed, using fallback: winmgmts:.Win32_LogicalDisk
2025-07-08 13:01:44,799 - WARNING - Enhanced device detection failed, using fallback: winmgmts:.Win32_LogicalDisk
2025-07-08 13:01:45,130 - WARNING - Enhanced device detection failed, using fallback: winmgmts:.Win32_LogicalDisk
2025-07-08 13:01:46,804 - WARNING - Enhanced device detection failed, using fallback: winmgmts:.Win32_LogicalDisk
2025-07-08 13:01:47,134 - WARNING - Enhanced device detection failed, using fallback: winmgmts:.Win32_LogicalDisk
2025-07-08 13:01:48,811 - WARNING - Enhanced device detection failed, using fallback: winmgmts:.Win32_LogicalDisk
2025-07-08 13:01:49,136 - WARNING - Enhanced device detection failed, using fallback: winmgmts:.Win32_LogicalDisk
2025-07-08 13:01:50,816 - WARNING - Enhanced device detection failed, using fallback: winmgmts:.Win32_LogicalDisk
2025-07-08 13:01:51,140 - WARNING - Enhanced device detection failed, using fallback: winmgmts:.Win32_LogicalDisk
2025-07-08 13:01:52,820 - WARNING - Enhanced device detection failed, using fallback: winmgmts:.Win32_LogicalDisk
2025-07-08 13:01:53,142 - WARNING - Enhanced device detection failed, using fallback: winmgmts:.Win32_LogicalDisk
2025-07-08 13:01:54,823 - WARNING - Enhanced device detection failed, using fallback: winmgmts:.Win32_LogicalDisk
2025-07-08 13:01:55,149 - WARNING - Enhanced device detection failed, using fallback: winmgmts:.Win32_LogicalDisk
2025-07-08 13:01:56,825 - WARNING - Enhanced device detection failed, using fallback: winmgmts:.Win32_LogicalDisk
2025-07-08 13:01:57,152 - WARNING - Enhanced device detection failed, using fallback: winmgmts:.Win32_LogicalDisk
2025-07-08 13:01:58,829 - WARNING - Enhanced device detection failed, using fallback: winmgmts:.Win32_LogicalDisk
2025-07-08 13:01:59,158 - WARNING - Enhanced device detection failed, using fallback: winmgmts:.Win32_LogicalDisk
2025-07-08 13:02:00,836 - WARNING - Enhanced device detection failed, using fallback: winmgmts:.Win32_LogicalDisk
2025-07-08 13:02:01,162 - WARNING - Enhanced device detection failed, using fallback: winmgmts:.Win32_LogicalDisk
2025-07-08 13:02:02,840 - WARNING - Enhanced device detection failed, using fallback: winmgmts:.Win32_LogicalDisk
2025-07-08 13:02:03,164 - WARNING - Enhanced device detection failed, using fallback: winmgmts:.Win32_LogicalDisk
2025-07-08 13:02:04,845 - WARNING - Enhanced device detection failed, using fallback: winmgmts:.Win32_LogicalDisk
2025-07-08 13:02:05,170 - WARNING - Enhanced device detection failed, using fallback: winmgmts:.Win32_LogicalDisk
2025-07-08 13:02:06,851 - WARNING - Enhanced device detection failed, using fallback: winmgmts:.Win32_LogicalDisk
2025-07-08 13:02:07,173 - WARNING - Enhanced device detection failed, using fallback: winmgmts:.Win32_LogicalDisk
2025-07-08 13:02:08,855 - WARNING - Enhanced device detection failed, using fallback: winmgmts:.Win32_LogicalDisk
2025-07-08 13:02:09,177 - WARNING - Enhanced device detection failed, using fallback: winmgmts:.Win32_LogicalDisk
2025-07-08 13:02:10,858 - WARNING - Enhanced device detection failed, using fallback: winmgmts:.Win32_LogicalDisk
2025-07-08 13:02:11,183 - WARNING - Enhanced device detection failed, using fallback: winmgmts:.Win32_LogicalDisk
2025-07-08 13:02:12,860 - WARNING - Enhanced device detection failed, using fallback: winmgmts:.Win32_LogicalDisk
2025-07-08 13:02:13,186 - WARNING - Enhanced device detection failed, using fallback: winmgmts:.Win32_LogicalDisk
2025-07-08 13:02:14,865 - WARNING - Enhanced device detection failed, using fallback: winmgmts:.Win32_LogicalDisk
2025-07-08 13:02:15,190 - WARNING - Enhanced device detection failed, using fallback: winmgmts:.Win32_LogicalDisk
2025-07-08 13:02:16,868 - WARNING - Enhanced device detection failed, using fallback: winmgmts:.Win32_LogicalDisk
2025-07-08 13:02:17,196 - WARNING - Enhanced device detection failed, using fallback: winmgmts:.Win32_LogicalDisk
2025-07-08 13:02:18,870 - WARNING - Enhanced device detection failed, using fallback: winmgmts:.Win32_LogicalDisk
2025-07-08 13:02:19,199 - WARNING - Enhanced device detection failed, using fallback: winmgmts:.Win32_LogicalDisk
2025-07-08 13:02:20,872 - WARNING - Enhanced device detection failed, using fallback: winmgmts:.Win32_LogicalDisk
2025-07-08 13:02:21,201 - WARNING - Enhanced device detection failed, using fallback: winmgmts:.Win32_LogicalDisk
2025-07-08 13:02:22,875 - WARNING - Enhanced device detection failed, using fallback: winmgmts:.Win32_LogicalDisk
2025-07-08 13:02:23,204 - WARNING - Enhanced device detection failed, using fallback: winmgmts:.Win32_LogicalDisk
2025-07-08 13:02:24,877 - WARNING - Enhanced device detection failed, using fallback: winmgmts:.Win32_LogicalDisk
2025-07-08 13:02:25,206 - WARNING - Enhanced device detection failed, using fallback: winmgmts:.Win32_LogicalDisk
2025-07-08 13:02:26,880 - WARNING - Enhanced device detection failed, using fallback: winmgmts:.Win32_LogicalDisk
2025-07-08 13:02:27,210 - WARNING - Enhanced device detection failed, using fallback: winmgmts:.Win32_LogicalDisk
2025-07-08 13:02:28,884 - WARNING - Enhanced device detection failed, using fallback: winmgmts:.Win32_LogicalDisk
2025-07-08 13:02:29,212 - WARNING - Enhanced device detection failed, using fallback: winmgmts:.Win32_LogicalDisk
2025-07-08 13:02:30,887 - WARNING - Enhanced device detection failed, using fallback: winmgmts:.Win32_LogicalDisk
2025-07-08 13:02:31,214 - WARNING - Enhanced device detection failed, using fallback: winmgmts:.Win32_LogicalDisk
2025-07-08 13:02:32,890 - WARNING - Enhanced device detection failed, using fallback: winmgmts:.Win32_LogicalDisk
2025-07-08 13:02:33,222 - WARNING - Enhanced device detection failed, using fallback: winmgmts:.Win32_LogicalDisk
2025-07-08 13:02:34,905 - WARNING - Enhanced device detection failed, using fallback: winmgmts:.Win32_LogicalDisk
2025-07-08 13:02:35,224 - WARNING - Enhanced device detection failed, using fallback: winmgmts:.Win32_LogicalDisk
2025-07-08 13:02:36,916 - WARNING - Enhanced device detection failed, using fallback: winmgmts:.Win32_LogicalDisk
2025-07-08 13:02:37,230 - WARNING - Enhanced device detection failed, using fallback: winmgmts:.Win32_LogicalDisk
2025-07-08 13:02:38,919 - WARNING - Enhanced device detection failed, using fallback: winmgmts:.Win32_LogicalDisk
2025-07-08 13:02:39,233 - WARNING - Enhanced device detection failed, using fallback: winmgmts:.Win32_LogicalDisk
2025-07-08 13:02:40,921 - WARNING - Enhanced device detection failed, using fallback: winmgmts:.Win32_LogicalDisk
2025-07-08 13:02:41,238 - WARNING - Enhanced device detection failed, using fallback: winmgmts:.Win32_LogicalDisk
2025-07-08 13:02:42,924 - WARNING - Enhanced device detection failed, using fallback: winmgmts:.Win32_LogicalDisk
2025-07-08 13:02:43,242 - WARNING - Enhanced device detection failed, using fallback: winmgmts:.Win32_LogicalDisk
2025-07-08 13:02:44,928 - WARNING - Enhanced device detection failed, using fallback: winmgmts:.Win32_LogicalDisk
2025-07-08 13:02:45,244 - WARNING - Enhanced device detection failed, using fallback: winmgmts:.Win32_LogicalDisk
2025-07-08 13:02:46,932 - WARNING - Enhanced device detection failed, using fallback: winmgmts:.Win32_LogicalDisk
2025-07-08 13:02:47,249 - WARNING - Enhanced device detection failed, using fallback: winmgmts:.Win32_LogicalDisk
2025-07-08 13:02:48,935 - WARNING - Enhanced device detection failed, using fallback: winmgmts:.Win32_LogicalDisk
2025-07-08 13:02:49,252 - WARNING - Enhanced device detection failed, using fallback: winmgmts:.Win32_LogicalDisk
2025-07-08 13:02:50,937 - WARNING - Enhanced device detection failed, using fallback: winmgmts:.Win32_LogicalDisk
2025-07-08 13:02:51,254 - WARNING - Enhanced device detection failed, using fallback: winmgmts:.Win32_LogicalDisk
2025-07-08 13:02:51,386 - INFO - Initializing USB DLP System
2025-07-08 13:02:51,391 - INFO - WMI connection established successfully
2025-07-08 13:02:51,393 - INFO - System initialization complete
2025-07-08 13:02:51,395 - INFO - Starting monitoring services
2025-07-08 13:02:51,396 - INFO - USB Event: {"timestamp": "2025-07-08T13:02:51.396022", "event_type": "monitoring_started", "threat_level": "INFO", "details": {}, "system_info": {"hostname": "LAPTOP-9N62H7OO", "user": "aayus"}, "event_data": {"status": "starting"}}
2025-07-08 13:02:51,397 - INFO - Starting USB DLP System...
2025-07-08 13:02:51,397 - INFO - Dashboard will be available at http://localhost:5000
2025-07-08 13:02:51,430 - INFO - [31m[1mWARNING: This is a development server. Do not use it in a production deployment. Use a production WSGI server instead.[0m
 * Running on all addresses (0.0.0.0)
 * Running on http://127.0.0.1:5000
 * Running on http://192.168.1.4:5000
2025-07-08 13:02:51,430 - INFO - [33mPress CTRL+C to quit[0m
2025-07-08 13:02:52,940 - WARNING - Enhanced device detection failed, using fallback: winmgmts:.Win32_LogicalDisk
2025-07-08 13:02:53,258 - WARNING - Enhanced device detection failed, using fallback: winmgmts:.Win32_LogicalDisk
2025-07-08 13:02:53,490 - INFO - Event sent to Splunk successfully
2025-07-08 13:02:53,492 - INFO - Starting Enhanced USB monitoring service with MTP support...
2025-07-08 13:02:53,493 - WARNING - Enhanced device detection failed, using fallback: winmgmts:.Win32_LogicalDisk
2025-07-08 13:02:54,943 - WARNING - Enhanced device detection failed, using fallback: winmgmts:.Win32_LogicalDisk
2025-07-08 13:02:55,261 - WARNING - Enhanced device detection failed, using fallback: winmgmts:.Win32_LogicalDisk
2025-07-08 13:02:55,496 - WARNING - Enhanced device detection failed, using fallback: winmgmts:.Win32_LogicalDisk
2025-07-08 13:02:56,947 - WARNING - Enhanced device detection failed, using fallback: winmgmts:.Win32_LogicalDisk
2025-07-08 13:02:57,268 - WARNING - Enhanced device detection failed, using fallback: winmgmts:.Win32_LogicalDisk
2025-07-08 13:02:57,268 - ERROR - Failed to save events: [Errno 22] Invalid argument: 'tmp/usb_monitor_data\\usb_events.json'
2025-07-08 13:02:57,287 - INFO - 127.0.0.1 - - [08/Jul/2025 13:02:57] "[33mGET / HTTP/1.1[0m" 404 -
2025-07-08 13:02:57,499 - WARNING - Enhanced device detection failed, using fallback: winmgmts:.Win32_LogicalDisk
2025-07-08 13:02:58,949 - WARNING - Enhanced device detection failed, using fallback: winmgmts:.Win32_LogicalDisk
2025-07-08 13:02:59,270 - WARNING - Enhanced device detection failed, using fallback: winmgmts:.Win32_LogicalDisk
2025-07-08 13:02:59,502 - WARNING - Enhanced device detection failed, using fallback: winmgmts:.Win32_LogicalDisk
2025-07-08 13:03:00,953 - WARNING - Enhanced device detection failed, using fallback: winmgmts:.Win32_LogicalDisk
2025-07-08 13:03:01,272 - WARNING - Enhanced device detection failed, using fallback: winmgmts:.Win32_LogicalDisk
2025-07-08 13:03:01,506 - WARNING - Enhanced device detection failed, using fallback: winmgmts:.Win32_LogicalDisk
2025-07-08 13:03:02,957 - WARNING - Enhanced device detection failed, using fallback: winmgmts:.Win32_LogicalDisk
2025-07-08 13:03:03,276 - WARNING - Enhanced device detection failed, using fallback: winmgmts:.Win32_LogicalDisk
2025-07-08 13:03:03,508 - WARNING - Enhanced device detection failed, using fallback: winmgmts:.Win32_LogicalDisk
2025-07-08 13:03:04,959 - WARNING - Enhanced device detection failed, using fallback: winmgmts:.Win32_LogicalDisk
2025-07-08 13:03:05,280 - WARNING - Enhanced device detection failed, using fallback: winmgmts:.Win32_LogicalDisk
2025-07-08 13:03:05,512 - WARNING - Enhanced device detection failed, using fallback: winmgmts:.Win32_LogicalDisk
2025-07-08 13:03:06,962 - WARNING - Enhanced device detection failed, using fallback: winmgmts:.Win32_LogicalDisk
2025-07-08 13:03:07,282 - WARNING - Enhanced device detection failed, using fallback: winmgmts:.Win32_LogicalDisk
2025-07-08 13:03:07,514 - WARNING - Enhanced device detection failed, using fallback: winmgmts:.Win32_LogicalDisk
2025-07-08 13:03:08,965 - WARNING - Enhanced device detection failed, using fallback: winmgmts:.Win32_LogicalDisk
2025-07-08 13:03:09,286 - WARNING - Enhanced device detection failed, using fallback: winmgmts:.Win32_LogicalDisk
2025-07-08 13:03:09,518 - WARNING - Enhanced device detection failed, using fallback: winmgmts:.Win32_LogicalDisk
2025-07-08 13:03:10,968 - WARNING - Enhanced device detection failed, using fallback: winmgmts:.Win32_LogicalDisk
2025-07-08 13:03:11,289 - WARNING - Enhanced device detection failed, using fallback: winmgmts:.Win32_LogicalDisk
2025-07-08 13:03:11,524 - WARNING - Enhanced device detection failed, using fallback: winmgmts:.Win32_LogicalDisk
2025-07-08 13:03:12,970 - WARNING - Enhanced device detection failed, using fallback: winmgmts:.Win32_LogicalDisk
2025-07-08 13:03:13,291 - WARNING - Enhanced device detection failed, using fallback: winmgmts:.Win32_LogicalDisk
2025-07-08 13:03:13,526 - WARNING - Enhanced device detection failed, using fallback: winmgmts:.Win32_LogicalDisk
2025-07-08 13:03:14,972 - WARNING - Enhanced device detection failed, using fallback: winmgmts:.Win32_LogicalDisk
2025-07-08 13:03:15,293 - WARNING - Enhanced device detection failed, using fallback: winmgmts:.Win32_LogicalDisk
2025-07-08 13:03:16,977 - WARNING - Enhanced device detection failed, using fallback: winmgmts:.Win32_LogicalDisk
2025-07-08 13:03:17,299 - WARNING - Enhanced device detection failed, using fallback: winmgmts:.Win32_LogicalDisk
2025-07-08 13:03:18,979 - WARNING - Enhanced device detection failed, using fallback: winmgmts:.Win32_LogicalDisk
2025-07-08 13:03:19,307 - WARNING - Enhanced device detection failed, using fallback: winmgmts:.Win32_LogicalDisk
2025-07-08 13:03:20,983 - WARNING - Enhanced device detection failed, using fallback: winmgmts:.Win32_LogicalDisk
2025-07-08 13:03:21,313 - WARNING - Enhanced device detection failed, using fallback: winmgmts:.Win32_LogicalDisk
2025-07-08 13:03:22,985 - WARNING - Enhanced device detection failed, using fallback: winmgmts:.Win32_LogicalDisk
2025-07-08 13:03:23,315 - WARNING - Enhanced device detection failed, using fallback: winmgmts:.Win32_LogicalDisk
2025-07-08 13:03:24,987 - WARNING - Enhanced device detection failed, using fallback: winmgmts:.Win32_LogicalDisk
2025-07-08 13:03:25,318 - WARNING - Enhanced device detection failed, using fallback: winmgmts:.Win32_LogicalDisk
2025-07-08 13:03:26,993 - WARNING - Enhanced device detection failed, using fallback: winmgmts:.Win32_LogicalDisk
2025-07-08 13:03:27,320 - WARNING - Enhanced device detection failed, using fallback: winmgmts:.Win32_LogicalDisk
2025-07-08 13:03:28,997 - WARNING - Enhanced device detection failed, using fallback: winmgmts:.Win32_LogicalDisk
2025-07-08 13:03:29,322 - WARNING - Enhanced device detection failed, using fallback: winmgmts:.Win32_LogicalDisk
2025-07-08 13:03:30,999 - WARNING - Enhanced device detection failed, using fallback: winmgmts:.Win32_LogicalDisk
2025-07-08 13:03:31,326 - WARNING - Enhanced device detection failed, using fallback: winmgmts:.Win32_LogicalDisk
2025-07-08 13:03:33,001 - WARNING - Enhanced device detection failed, using fallback: winmgmts:.Win32_LogicalDisk
2025-07-08 13:03:33,329 - WARNING - Enhanced device detection failed, using fallback: winmgmts:.Win32_LogicalDisk
2025-07-08 13:03:35,003 - WARNING - Enhanced device detection failed, using fallback: winmgmts:.Win32_LogicalDisk
2025-07-08 13:03:35,331 - WARNING - Enhanced device detection failed, using fallback: winmgmts:.Win32_LogicalDisk
2025-07-08 13:03:37,006 - WARNING - Enhanced device detection failed, using fallback: winmgmts:.Win32_LogicalDisk
2025-07-08 13:03:37,335 - WARNING - Enhanced device detection failed, using fallback: winmgmts:.Win32_LogicalDisk
2025-07-08 13:03:39,010 - WARNING - Enhanced device detection failed, using fallback: winmgmts:.Win32_LogicalDisk
2025-07-08 13:03:39,337 - WARNING - Enhanced device detection failed, using fallback: winmgmts:.Win32_LogicalDisk
2025-07-08 13:03:41,013 - WARNING - Enhanced device detection failed, using fallback: winmgmts:.Win32_LogicalDisk
2025-07-08 13:03:41,339 - WARNING - Enhanced device detection failed, using fallback: winmgmts:.Win32_LogicalDisk
2025-07-08 13:03:43,342 - WARNING - Enhanced device detection failed, using fallback: winmgmts:.Win32_LogicalDisk
2025-07-08 13:14:17,571 - INFO - WMI connection established successfully
2025-07-08 13:14:17,573 - INFO - USB Event: {"timestamp": "2025-07-08T13:14:17.573724", "event_type": "monitoring_started", "threat_level": "INFO", "details": {}, "system_info": {"hostname": "LAPTOP-9N62H7OO", "user": "aayus"}, "event_data": {"status": "starting"}}
2025-07-08 13:14:19,684 - INFO - Event sent to Splunk successfully
2025-07-08 13:14:19,685 - INFO - Starting Enhanced USB monitoring service with MTP support...
2025-07-08 13:14:21,738 - INFO - USB Event: {"timestamp": "2025-07-08T13:14:21.738136", "event_type": "usb_device_connected", "threat_level": "MEDIUM", "details": {}, "system_info": {"hostname": "LAPTOP-9N62H7OO", "user": "aayus"}, "event_data": {"device_type": "Mobile_Device", "protocol": "MTP/PTP", "is_phone": true, "connection_time": "2025-07-08T13:14:21.738136", "manufacturer": "Unknown", "device_name": "VID_04E8&PID_6860&MS_COMP_MTP&SAMSUNG_Android"}}
2025-07-08 13:14:23,794 - INFO - Event sent to Splunk successfully
2025-07-08 13:14:25,818 - INFO - Device connected: VID_04E8&PID_6860&MS_COMP_MTP&SAMSUNG_Android (Protocol: MTP/PTP)
2025-07-08 13:14:25,818 - INFO - USB Event: {"timestamp": "2025-07-08T13:14:25.818654", "event_type": "usb_device_connected", "threat_level": "MEDIUM", "details": {}, "system_info": {"hostname": "LAPTOP-9N62H7OO", "user": "aayus"}, "event_data": {"device_type": "Mobile_Device", "protocol": "MTP/PTP", "is_phone": true, "connection_time": "2025-07-08T13:14:25.818654", "manufacturer": "Unknown", "device_name": "##?#USB#VID_04E8&PID_6860&MS_COMP_MTP&SAMSUNG_Android#6&c70e816&2&0000#{6ac27878-a6fa-4155-ba85-f98f491d4f33}"}}
2025-07-08 13:14:27,876 - INFO - Event sent to Splunk successfully
2025-07-08 13:14:29,898 - INFO - Device connected: ##?#USB#VID_04E8&PID_6860&MS_COMP_MTP&SAMSUNG_Android#6&c70e816&2&0000#{6ac27878-a6fa-4155-ba85-f98f491d4f33} (Protocol: MTP/PTP)
2025-07-08 13:14:40,197 - INFO - Initializing USB DLP System
2025-07-08 13:14:40,199 - INFO - WMI connection established successfully
2025-07-08 13:14:40,200 - INFO - System initialization complete
2025-07-08 13:14:40,202 - INFO - Starting monitoring services
2025-07-08 13:14:40,202 - INFO - USB Event: {"timestamp": "2025-07-08T13:14:40.202986", "event_type": "monitoring_started", "threat_level": "INFO", "details": {}, "system_info": {"hostname": "LAPTOP-9N62H7OO", "user": "aayus"}, "event_data": {"status": "starting"}}
2025-07-08 13:14:40,202 - INFO - Starting USB DLP System...
2025-07-08 13:14:40,203 - INFO - Dashboard will be available at http://localhost:5000
2025-07-08 13:14:40,225 - INFO - [31m[1mWARNING: This is a development server. Do not use it in a production deployment. Use a production WSGI server instead.[0m
 * Running on all addresses (0.0.0.0)
 * Running on http://127.0.0.1:5000
 * Running on http://192.168.1.4:5000
2025-07-08 13:14:40,225 - INFO - [33mPress CTRL+C to quit[0m
2025-07-08 13:14:42,255 - INFO - Event sent to Splunk successfully
2025-07-08 13:14:42,256 - INFO - Starting Enhanced USB monitoring service with MTP support...
2025-07-08 13:14:42,260 - WARNING - Enhanced device detection failed, using fallback: winmgmts:.Win32_LogicalDisk
2025-07-08 13:14:44,262 - WARNING - Enhanced device detection failed, using fallback: winmgmts:.Win32_LogicalDisk
2025-07-08 13:14:46,266 - WARNING - Enhanced device detection failed, using fallback: winmgmts:.Win32_LogicalDisk
2025-07-08 13:14:48,268 - WARNING - Enhanced device detection failed, using fallback: winmgmts:.Win32_LogicalDisk
2025-07-08 13:14:50,271 - WARNING - Enhanced device detection failed, using fallback: winmgmts:.Win32_LogicalDisk
2025-07-08 13:14:52,275 - WARNING - Enhanced device detection failed, using fallback: winmgmts:.Win32_LogicalDisk
2025-07-08 13:14:52,769 - INFO - USB Event: {"timestamp": "2025-07-08T13:14:52.769575", "event_type": "mtp_file_transfer", "threat_level": "MEDIUM", "details": {}, "system_info": {"hostname": "LAPTOP-9N62H7OO", "user": "aayus"}, "event_data": {"device_id": "REG_VID_04E8&PID_6860&MS_COMP_MTP&SAMSUNG_Android", "device_name": "VID_04E8&PID_6860&MS_COMP_MTP&SAMSUNG_Android", "protocol": "MTP/PTP", "is_phone": true, "manufacturer": "Unknown", "transfer_type": "MTP_FILE_TRANSFER"}}
2025-07-08 13:14:54,277 - WARNING - Enhanced device detection failed, using fallback: winmgmts:.Win32_LogicalDisk
2025-07-08 13:14:54,821 - INFO - Event sent to Splunk successfully
2025-07-08 13:14:54,823 - INFO - MTP file transfer detected on VID_04E8&PID_6860&MS_COMP_MTP&SAMSUNG_Android
2025-07-08 13:14:55,051 - INFO - USB Event: {"timestamp": "2025-07-08T13:14:55.051976", "event_type": "mtp_file_transfer", "threat_level": "MEDIUM", "details": {}, "system_info": {"hostname": "LAPTOP-9N62H7OO", "user": "aayus"}, "event_data": {"device_id": "REG_##?#USB#VID_04E8&PID_6860&MS_COMP_MTP&SAMSUNG_Android#6&c70e816&2&0000#{6ac27878-a6fa-4155-ba85-f98f491d4f33}", "device_name": "##?#USB#VID_04E8&PID_6860&MS_COMP_MTP&SAMSUNG_Android#6&c70e816&2&0000#{6ac27878-a6fa-4155-ba85-f98f491d4f33}", "protocol": "MTP/PTP", "is_phone": true, "manufacturer": "Unknown", "transfer_type": "MTP_FILE_TRANSFER"}}
2025-07-08 13:14:56,279 - WARNING - Enhanced device detection failed, using fallback: winmgmts:.Win32_LogicalDisk
2025-07-08 13:14:56,755 - INFO - 127.0.0.1 - - [08/Jul/2025 13:14:56] "[33mGET / HTTP/1.1[0m" 404 -
2025-07-08 13:14:57,112 - INFO - Event sent to Splunk successfully
2025-07-08 13:14:57,113 - INFO - MTP file transfer detected on ##?#USB#VID_04E8&PID_6860&MS_COMP_MTP&SAMSUNG_Android#6&c70e816&2&0000#{6ac27878-a6fa-4155-ba85-f98f491d4f33}
2025-07-08 13:14:58,281 - WARNING - Enhanced device detection failed, using fallback: winmgmts:.Win32_LogicalDisk
2025-07-08 13:15:00,283 - WARNING - Enhanced device detection failed, using fallback: winmgmts:.Win32_LogicalDisk
2025-07-08 13:15:02,286 - WARNING - Enhanced device detection failed, using fallback: winmgmts:.Win32_LogicalDisk
2025-07-08 13:15:04,289 - WARNING - Enhanced device detection failed, using fallback: winmgmts:.Win32_LogicalDisk
2025-07-08 13:15:06,292 - WARNING - Enhanced device detection failed, using fallback: winmgmts:.Win32_LogicalDisk
2025-07-08 13:15:08,295 - WARNING - Enhanced device detection failed, using fallback: winmgmts:.Win32_LogicalDisk
2025-07-08 13:15:10,298 - WARNING - Enhanced device detection failed, using fallback: winmgmts:.Win32_LogicalDisk
2025-07-08 13:15:12,302 - WARNING - Enhanced device detection failed, using fallback: winmgmts:.Win32_LogicalDisk
2025-07-08 13:15:14,306 - WARNING - Enhanced device detection failed, using fallback: winmgmts:.Win32_LogicalDisk
2025-07-08 13:15:16,307 - WARNING - Enhanced device detection failed, using fallback: winmgmts:.Win32_LogicalDisk
2025-07-08 13:15:18,311 - WARNING - Enhanced device detection failed, using fallback: winmgmts:.Win32_LogicalDisk
2025-07-08 13:15:20,316 - WARNING - Enhanced device detection failed, using fallback: winmgmts:.Win32_LogicalDisk
2025-07-08 13:15:22,320 - WARNING - Enhanced device detection failed, using fallback: winmgmts:.Win32_LogicalDisk
2025-07-08 13:15:24,322 - WARNING - Enhanced device detection failed, using fallback: winmgmts:.Win32_LogicalDisk
2025-07-08 13:15:26,326 - WARNING - Enhanced device detection failed, using fallback: winmgmts:.Win32_LogicalDisk
2025-07-08 13:15:28,329 - WARNING - Enhanced device detection failed, using fallback: winmgmts:.Win32_LogicalDisk
2025-07-08 13:15:30,331 - WARNING - Enhanced device detection failed, using fallback: winmgmts:.Win32_LogicalDisk
2025-07-08 13:15:32,334 - WARNING - Enhanced device detection failed, using fallback: winmgmts:.Win32_LogicalDisk
2025-07-08 13:15:34,335 - WARNING - Enhanced device detection failed, using fallback: winmgmts:.Win32_LogicalDisk
2025-07-08 13:15:36,338 - WARNING - Enhanced device detection failed, using fallback: winmgmts:.Win32_LogicalDisk
2025-07-08 13:15:37,176 - INFO - USB Event: {"timestamp": "2025-07-08T13:15:37.176925", "event_type": "mtp_file_transfer", "threat_level": "MEDIUM", "details": {}, "system_info": {"hostname": "LAPTOP-9N62H7OO", "user": "aayus"}, "event_data": {"device_id": "REG_VID_04E8&PID_6860&MS_COMP_MTP&SAMSUNG_Android", "device_name": "VID_04E8&PID_6860&MS_COMP_MTP&SAMSUNG_Android", "protocol": "MTP/PTP", "is_phone": true, "manufacturer": "Unknown", "transfer_type": "MTP_FILE_TRANSFER"}}
2025-07-08 13:15:38,342 - WARNING - Enhanced device detection failed, using fallback: winmgmts:.Win32_LogicalDisk
2025-07-08 13:15:39,248 - INFO - Event sent to Splunk successfully
2025-07-08 13:15:39,248 - INFO - MTP file transfer detected on VID_04E8&PID_6860&MS_COMP_MTP&SAMSUNG_Android
2025-07-08 13:15:39,462 - INFO - USB Event: {"timestamp": "2025-07-08T13:15:39.462677", "event_type": "mtp_file_transfer", "threat_level": "MEDIUM", "details": {}, "system_info": {"hostname": "LAPTOP-9N62H7OO", "user": "aayus"}, "event_data": {"device_id": "REG_##?#USB#VID_04E8&PID_6860&MS_COMP_MTP&SAMSUNG_Android#6&c70e816&2&0000#{6ac27878-a6fa-4155-ba85-f98f491d4f33}", "device_name": "##?#USB#VID_04E8&PID_6860&MS_COMP_MTP&SAMSUNG_Android#6&c70e816&2&0000#{6ac27878-a6fa-4155-ba85-f98f491d4f33}", "protocol": "MTP/PTP", "is_phone": true, "manufacturer": "Unknown", "transfer_type": "MTP_FILE_TRANSFER"}}
2025-07-08 13:15:40,346 - WARNING - Enhanced device detection failed, using fallback: winmgmts:.Win32_LogicalDisk
2025-07-08 13:15:41,542 - INFO - Event sent to Splunk successfully
2025-07-08 13:15:41,544 - INFO - MTP file transfer detected on ##?#USB#VID_04E8&PID_6860&MS_COMP_MTP&SAMSUNG_Android#6&c70e816&2&0000#{6ac27878-a6fa-4155-ba85-f98f491d4f33}
2025-07-08 13:15:42,349 - WARNING - Enhanced device detection failed, using fallback: winmgmts:.Win32_LogicalDisk
2025-07-08 13:15:44,357 - WARNING - Enhanced device detection failed, using fallback: winmgmts:.Win32_LogicalDisk
2025-07-08 13:15:46,359 - WARNING - Enhanced device detection failed, using fallback: winmgmts:.Win32_LogicalDisk
2025-07-08 13:15:48,362 - WARNING - Enhanced device detection failed, using fallback: winmgmts:.Win32_LogicalDisk
2025-07-08 13:15:50,366 - WARNING - Enhanced device detection failed, using fallback: winmgmts:.Win32_LogicalDisk
2025-07-08 13:15:52,369 - WARNING - Enhanced device detection failed, using fallback: winmgmts:.Win32_LogicalDisk
2025-07-08 13:15:54,371 - WARNING - Enhanced device detection failed, using fallback: winmgmts:.Win32_LogicalDisk
2025-07-08 13:15:56,379 - WARNING - Enhanced device detection failed, using fallback: winmgmts:.Win32_LogicalDisk
2025-07-08 13:15:58,381 - WARNING - Enhanced device detection failed, using fallback: winmgmts:.Win32_LogicalDisk
2025-07-08 13:16:00,384 - WARNING - Enhanced device detection failed, using fallback: winmgmts:.Win32_LogicalDisk
2025-07-08 13:16:02,386 - WARNING - Enhanced device detection failed, using fallback: winmgmts:.Win32_LogicalDisk
2025-07-08 13:16:04,389 - WARNING - Enhanced device detection failed, using fallback: winmgmts:.Win32_LogicalDisk
2025-07-08 13:16:06,392 - WARNING - Enhanced device detection failed, using fallback: winmgmts:.Win32_LogicalDisk
2025-07-08 13:16:08,397 - WARNING - Enhanced device detection failed, using fallback: winmgmts:.Win32_LogicalDisk
2025-07-08 13:16:10,399 - WARNING - Enhanced device detection failed, using fallback: winmgmts:.Win32_LogicalDisk
2025-07-08 13:16:12,402 - WARNING - Enhanced device detection failed, using fallback: winmgmts:.Win32_LogicalDisk
2025-07-08 13:16:14,410 - WARNING - Enhanced device detection failed, using fallback: winmgmts:.Win32_LogicalDisk
2025-07-08 13:16:16,412 - WARNING - Enhanced device detection failed, using fallback: winmgmts:.Win32_LogicalDisk
2025-07-08 13:16:16,697 - INFO - USB Event: {"timestamp": "2025-07-08T13:16:16.697527", "event_type": "mtp_file_transfer", "threat_level": "MEDIUM", "details": {}, "system_info": {"hostname": "LAPTOP-9N62H7OO", "user": "aayus"}, "event_data": {"device_id": "REG_VID_04E8&PID_6860&MS_COMP_MTP&SAMSUNG_Android", "device_name": "VID_04E8&PID_6860&MS_COMP_MTP&SAMSUNG_Android", "protocol": "MTP/PTP", "is_phone": true, "manufacturer": "Unknown", "transfer_type": "MTP_FILE_TRANSFER"}}
2025-07-08 13:16:18,414 - WARNING - Enhanced device detection failed, using fallback: winmgmts:.Win32_LogicalDisk
2025-07-08 13:16:18,748 - INFO - Event sent to Splunk successfully
2025-07-08 13:16:18,749 - INFO - MTP file transfer detected on VID_04E8&PID_6860&MS_COMP_MTP&SAMSUNG_Android
2025-07-08 13:16:18,963 - INFO - USB Event: {"timestamp": "2025-07-08T13:16:18.963985", "event_type": "mtp_file_transfer", "threat_level": "MEDIUM", "details": {}, "system_info": {"hostname": "LAPTOP-9N62H7OO", "user": "aayus"}, "event_data": {"device_id": "REG_##?#USB#VID_04E8&PID_6860&MS_COMP_MTP&SAMSUNG_Android#6&c70e816&2&0000#{6ac27878-a6fa-4155-ba85-f98f491d4f33}", "device_name": "##?#USB#VID_04E8&PID_6860&MS_COMP_MTP&SAMSUNG_Android#6&c70e816&2&0000#{6ac27878-a6fa-4155-ba85-f98f491d4f33}", "protocol": "MTP/PTP", "is_phone": true, "manufacturer": "Unknown", "transfer_type": "MTP_FILE_TRANSFER"}}
2025-07-08 13:16:20,421 - WARNING - Enhanced device detection failed, using fallback: winmgmts:.Win32_LogicalDisk
2025-07-08 13:16:21,046 - INFO - Event sent to Splunk successfully
2025-07-08 13:16:21,046 - INFO - MTP file transfer detected on ##?#USB#VID_04E8&PID_6860&MS_COMP_MTP&SAMSUNG_Android#6&c70e816&2&0000#{6ac27878-a6fa-4155-ba85-f98f491d4f33}
2025-07-08 13:16:22,427 - WARNING - Enhanced device detection failed, using fallback: winmgmts:.Win32_LogicalDisk
2025-07-08 13:16:24,431 - WARNING - Enhanced device detection failed, using fallback: winmgmts:.Win32_LogicalDisk
2025-07-08 13:16:26,434 - WARNING - Enhanced device detection failed, using fallback: winmgmts:.Win32_LogicalDisk
2025-07-08 13:16:28,436 - WARNING - Enhanced device detection failed, using fallback: winmgmts:.Win32_LogicalDisk
2025-07-08 13:16:30,438 - WARNING - Enhanced device detection failed, using fallback: winmgmts:.Win32_LogicalDisk
2025-07-08 13:16:32,441 - WARNING - Enhanced device detection failed, using fallback: winmgmts:.Win32_LogicalDisk
2025-07-08 13:16:34,444 - WARNING - Enhanced device detection failed, using fallback: winmgmts:.Win32_LogicalDisk
2025-07-08 13:16:36,451 - WARNING - Enhanced device detection failed, using fallback: winmgmts:.Win32_LogicalDisk
2025-07-08 13:16:38,453 - WARNING - Enhanced device detection failed, using fallback: winmgmts:.Win32_LogicalDisk
2025-07-08 13:16:40,457 - WARNING - Enhanced device detection failed, using fallback: winmgmts:.Win32_LogicalDisk
2025-07-08 13:16:42,463 - WARNING - Enhanced device detection failed, using fallback: winmgmts:.Win32_LogicalDisk
2025-07-08 13:16:44,466 - WARNING - Enhanced device detection failed, using fallback: winmgmts:.Win32_LogicalDisk
2025-07-08 13:16:46,468 - WARNING - Enhanced device detection failed, using fallback: winmgmts:.Win32_LogicalDisk
2025-07-08 13:16:48,474 - WARNING - Enhanced device detection failed, using fallback: winmgmts:.Win32_LogicalDisk
2025-07-08 13:16:50,477 - WARNING - Enhanced device detection failed, using fallback: winmgmts:.Win32_LogicalDisk
2025-07-08 13:16:52,480 - WARNING - Enhanced device detection failed, using fallback: winmgmts:.Win32_LogicalDisk
2025-07-08 13:16:54,485 - WARNING - Enhanced device detection failed, using fallback: winmgmts:.Win32_LogicalDisk
2025-07-08 13:16:56,488 - WARNING - Enhanced device detection failed, using fallback: winmgmts:.Win32_LogicalDisk
2025-07-08 13:16:56,587 - INFO - USB Event: {"timestamp": "2025-07-08T13:16:56.587509", "event_type": "mtp_file_transfer", "threat_level": "MEDIUM", "details": {}, "system_info": {"hostname": "LAPTOP-9N62H7OO", "user": "aayus"}, "event_data": {"device_id": "REG_VID_04E8&PID_6860&MS_COMP_MTP&SAMSUNG_Android", "device_name": "VID_04E8&PID_6860&MS_COMP_MTP&SAMSUNG_Android", "protocol": "MTP/PTP", "is_phone": true, "manufacturer": "Unknown", "transfer_type": "MTP_FILE_TRANSFER"}}
2025-07-08 13:16:58,490 - WARNING - Enhanced device detection failed, using fallback: winmgmts:.Win32_LogicalDisk
2025-07-08 13:16:58,675 - INFO - Event sent to Splunk successfully
2025-07-08 13:16:58,676 - INFO - MTP file transfer detected on VID_04E8&PID_6860&MS_COMP_MTP&SAMSUNG_Android
2025-07-08 13:16:58,887 - INFO - USB Event: {"timestamp": "2025-07-08T13:16:58.887344", "event_type": "mtp_file_transfer", "threat_level": "MEDIUM", "details": {}, "system_info": {"hostname": "LAPTOP-9N62H7OO", "user": "aayus"}, "event_data": {"device_id": "REG_##?#USB#VID_04E8&PID_6860&MS_COMP_MTP&SAMSUNG_Android#6&c70e816&2&0000#{6ac27878-a6fa-4155-ba85-f98f491d4f33}", "device_name": "##?#USB#VID_04E8&PID_6860&MS_COMP_MTP&SAMSUNG_Android#6&c70e816&2&0000#{6ac27878-a6fa-4155-ba85-f98f491d4f33}", "protocol": "MTP/PTP", "is_phone": true, "manufacturer": "Unknown", "transfer_type": "MTP_FILE_TRANSFER"}}
2025-07-08 13:17:00,496 - WARNING - Enhanced device detection failed, using fallback: winmgmts:.Win32_LogicalDisk
2025-07-08 13:17:00,927 - INFO - Event sent to Splunk successfully
2025-07-08 13:17:00,928 - INFO - MTP file transfer detected on ##?#USB#VID_04E8&PID_6860&MS_COMP_MTP&SAMSUNG_Android#6&c70e816&2&0000#{6ac27878-a6fa-4155-ba85-f98f491d4f33}
2025-07-08 13:17:02,500 - WARNING - Enhanced device detection failed, using fallback: winmgmts:.Win32_LogicalDisk
2025-07-08 13:17:04,508 - WARNING - Enhanced device detection failed, using fallback: winmgmts:.Win32_LogicalDisk
2025-07-08 13:17:06,511 - WARNING - Enhanced device detection failed, using fallback: winmgmts:.Win32_LogicalDisk
2025-07-08 13:17:08,513 - WARNING - Enhanced device detection failed, using fallback: winmgmts:.Win32_LogicalDisk
2025-07-08 13:17:10,516 - WARNING - Enhanced device detection failed, using fallback: winmgmts:.Win32_LogicalDisk
2025-07-08 13:17:12,518 - WARNING - Enhanced device detection failed, using fallback: winmgmts:.Win32_LogicalDisk
2025-07-08 13:17:14,521 - WARNING - Enhanced device detection failed, using fallback: winmgmts:.Win32_LogicalDisk
2025-07-08 13:17:16,525 - WARNING - Enhanced device detection failed, using fallback: winmgmts:.Win32_LogicalDisk
2025-07-08 13:17:18,527 - WARNING - Enhanced device detection failed, using fallback: winmgmts:.Win32_LogicalDisk
2025-07-08 13:17:20,531 - WARNING - Enhanced device detection failed, using fallback: winmgmts:.Win32_LogicalDisk
2025-07-08 13:17:22,533 - WARNING - Enhanced device detection failed, using fallback: winmgmts:.Win32_LogicalDisk
2025-07-08 13:17:24,538 - WARNING - Enhanced device detection failed, using fallback: winmgmts:.Win32_LogicalDisk
2025-07-08 13:17:26,541 - WARNING - Enhanced device detection failed, using fallback: winmgmts:.Win32_LogicalDisk
2025-07-08 13:17:28,547 - WARNING - Enhanced device detection failed, using fallback: winmgmts:.Win32_LogicalDisk
2025-07-08 13:17:30,549 - WARNING - Enhanced device detection failed, using fallback: winmgmts:.Win32_LogicalDisk
2025-07-08 13:17:32,552 - WARNING - Enhanced device detection failed, using fallback: winmgmts:.Win32_LogicalDisk
2025-07-08 13:17:34,554 - WARNING - Enhanced device detection failed, using fallback: winmgmts:.Win32_LogicalDisk
2025-07-08 13:17:36,560 - WARNING - Enhanced device detection failed, using fallback: winmgmts:.Win32_LogicalDisk
2025-07-08 13:17:38,448 - INFO - USB Event: {"timestamp": "2025-07-08T13:17:38.448139", "event_type": "mtp_file_transfer", "threat_level": "MEDIUM", "details": {}, "system_info": {"hostname": "LAPTOP-9N62H7OO", "user": "aayus"}, "event_data": {"device_id": "REG_VID_04E8&PID_6860&MS_COMP_MTP&SAMSUNG_Android", "device_name": "VID_04E8&PID_6860&MS_COMP_MTP&SAMSUNG_Android", "protocol": "MTP/PTP", "is_phone": true, "manufacturer": "Unknown", "transfer_type": "MTP_FILE_TRANSFER"}}
2025-07-08 13:17:38,562 - WARNING - Enhanced device detection failed, using fallback: winmgmts:.Win32_LogicalDisk
2025-07-08 13:17:40,531 - INFO - Event sent to Splunk successfully
2025-07-08 13:17:40,531 - INFO - MTP file transfer detected on VID_04E8&PID_6860&MS_COMP_MTP&SAMSUNG_Android
2025-07-08 13:17:40,569 - WARNING - Enhanced device detection failed, using fallback: winmgmts:.Win32_LogicalDisk
2025-07-08 13:17:40,740 - INFO - USB Event: {"timestamp": "2025-07-08T13:17:40.740413", "event_type": "mtp_file_transfer", "threat_level": "MEDIUM", "details": {}, "system_info": {"hostname": "LAPTOP-9N62H7OO", "user": "aayus"}, "event_data": {"device_id": "REG_##?#USB#VID_04E8&PID_6860&MS_COMP_MTP&SAMSUNG_Android#6&c70e816&2&0000#{6ac27878-a6fa-4155-ba85-f98f491d4f33}", "device_name": "##?#USB#VID_04E8&PID_6860&MS_COMP_MTP&SAMSUNG_Android#6&c70e816&2&0000#{6ac27878-a6fa-4155-ba85-f98f491d4f33}", "protocol": "MTP/PTP", "is_phone": true, "manufacturer": "Unknown", "transfer_type": "MTP_FILE_TRANSFER"}}
2025-07-08 13:17:42,572 - WARNING - Enhanced device detection failed, using fallback: winmgmts:.Win32_LogicalDisk
2025-07-08 13:17:42,831 - INFO - Event sent to Splunk successfully
2025-07-08 13:17:42,832 - INFO - MTP file transfer detected on ##?#USB#VID_04E8&PID_6860&MS_COMP_MTP&SAMSUNG_Android#6&c70e816&2&0000#{6ac27878-a6fa-4155-ba85-f98f491d4f33}
2025-07-08 13:17:44,577 - WARNING - Enhanced device detection failed, using fallback: winmgmts:.Win32_LogicalDisk
2025-07-08 13:17:46,584 - WARNING - Enhanced device detection failed, using fallback: winmgmts:.Win32_LogicalDisk
2025-07-08 13:17:48,586 - WARNING - Enhanced device detection failed, using fallback: winmgmts:.Win32_LogicalDisk
2025-07-08 13:17:50,589 - WARNING - Enhanced device detection failed, using fallback: winmgmts:.Win32_LogicalDisk
2025-07-08 13:17:52,596 - WARNING - Enhanced device detection failed, using fallback: winmgmts:.Win32_LogicalDisk
2025-07-08 13:17:54,600 - WARNING - Enhanced device detection failed, using fallback: winmgmts:.Win32_LogicalDisk
2025-07-08 13:17:56,602 - WARNING - Enhanced device detection failed, using fallback: winmgmts:.Win32_LogicalDisk
2025-07-08 13:17:58,609 - WARNING - Enhanced device detection failed, using fallback: winmgmts:.Win32_LogicalDisk
2025-07-08 13:18:00,611 - WARNING - Enhanced device detection failed, using fallback: winmgmts:.Win32_LogicalDisk
2025-07-08 13:18:02,613 - WARNING - Enhanced device detection failed, using fallback: winmgmts:.Win32_LogicalDisk
2025-07-08 13:18:04,617 - WARNING - Enhanced device detection failed, using fallback: winmgmts:.Win32_LogicalDisk
2025-07-08 13:18:06,620 - WARNING - Enhanced device detection failed, using fallback: winmgmts:.Win32_LogicalDisk
2025-07-08 13:18:08,623 - WARNING - Enhanced device detection failed, using fallback: winmgmts:.Win32_LogicalDisk
2025-07-08 13:18:10,627 - WARNING - Enhanced device detection failed, using fallback: winmgmts:.Win32_LogicalDisk
2025-07-08 13:18:12,630 - WARNING - Enhanced device detection failed, using fallback: winmgmts:.Win32_LogicalDisk
2025-07-08 13:18:14,637 - WARNING - Enhanced device detection failed, using fallback: winmgmts:.Win32_LogicalDisk
2025-07-08 13:18:16,641 - WARNING - Enhanced device detection failed, using fallback: winmgmts:.Win32_LogicalDisk
2025-07-08 13:18:18,644 - WARNING - Enhanced device detection failed, using fallback: winmgmts:.Win32_LogicalDisk
2025-07-08 13:18:19,385 - INFO - USB Event: {"timestamp": "2025-07-08T13:18:19.385290", "event_type": "mtp_file_transfer", "threat_level": "MEDIUM", "details": {}, "system_info": {"hostname": "LAPTOP-9N62H7OO", "user": "aayus"}, "event_data": {"device_id": "REG_VID_04E8&PID_6860&MS_COMP_MTP&SAMSUNG_Android", "device_name": "VID_04E8&PID_6860&MS_COMP_MTP&SAMSUNG_Android", "protocol": "MTP/PTP", "is_phone": true, "manufacturer": "Unknown", "transfer_type": "MTP_FILE_TRANSFER"}}
2025-07-08 13:18:20,647 - WARNING - Enhanced device detection failed, using fallback: winmgmts:.Win32_LogicalDisk
2025-07-08 13:18:21,439 - INFO - Event sent to Splunk successfully
2025-07-08 13:18:21,439 - INFO - MTP file transfer detected on VID_04E8&PID_6860&MS_COMP_MTP&SAMSUNG_Android
2025-07-08 13:18:21,653 - INFO - USB Event: {"timestamp": "2025-07-08T13:18:21.653127", "event_type": "mtp_file_transfer", "threat_level": "MEDIUM", "details": {}, "system_info": {"hostname": "LAPTOP-9N62H7OO", "user": "aayus"}, "event_data": {"device_id": "REG_##?#USB#VID_04E8&PID_6860&MS_COMP_MTP&SAMSUNG_Android#6&c70e816&2&0000#{6ac27878-a6fa-4155-ba85-f98f491d4f33}", "device_name": "##?#USB#VID_04E8&PID_6860&MS_COMP_MTP&SAMSUNG_Android#6&c70e816&2&0000#{6ac27878-a6fa-4155-ba85-f98f491d4f33}", "protocol": "MTP/PTP", "is_phone": true, "manufacturer": "Unknown", "transfer_type": "MTP_FILE_TRANSFER"}}
2025-07-08 13:18:22,653 - WARNING - Enhanced device detection failed, using fallback: winmgmts:.Win32_LogicalDisk
2025-07-08 13:18:23,713 - INFO - Event sent to Splunk successfully
2025-07-08 13:18:23,714 - INFO - MTP file transfer detected on ##?#USB#VID_04E8&PID_6860&MS_COMP_MTP&SAMSUNG_Android#6&c70e816&2&0000#{6ac27878-a6fa-4155-ba85-f98f491d4f33}
2025-07-08 13:18:24,658 - WARNING - Enhanced device detection failed, using fallback: winmgmts:.Win32_LogicalDisk
2025-07-08 13:18:26,662 - WARNING - Enhanced device detection failed, using fallback: winmgmts:.Win32_LogicalDisk
2025-07-08 13:18:28,665 - WARNING - Enhanced device detection failed, using fallback: winmgmts:.Win32_LogicalDisk
2025-07-08 13:18:30,667 - WARNING - Enhanced device detection failed, using fallback: winmgmts:.Win32_LogicalDisk
2025-07-08 13:18:32,673 - WARNING - Enhanced device detection failed, using fallback: winmgmts:.Win32_LogicalDisk
2025-07-08 13:18:34,676 - WARNING - Enhanced device detection failed, using fallback: winmgmts:.Win32_LogicalDisk
2025-07-08 13:18:36,679 - WARNING - Enhanced device detection failed, using fallback: winmgmts:.Win32_LogicalDisk
2025-07-08 13:18:38,684 - WARNING - Enhanced device detection failed, using fallback: winmgmts:.Win32_LogicalDisk
2025-07-08 13:18:40,687 - WARNING - Enhanced device detection failed, using fallback: winmgmts:.Win32_LogicalDisk
2025-07-08 13:18:42,691 - WARNING - Enhanced device detection failed, using fallback: winmgmts:.Win32_LogicalDisk
2025-07-08 13:18:44,698 - WARNING - Enhanced device detection failed, using fallback: winmgmts:.Win32_LogicalDisk
2025-07-08 13:18:46,701 - WARNING - Enhanced device detection failed, using fallback: winmgmts:.Win32_LogicalDisk
2025-07-08 13:18:48,704 - WARNING - Enhanced device detection failed, using fallback: winmgmts:.Win32_LogicalDisk
2025-07-08 13:18:50,711 - WARNING - Enhanced device detection failed, using fallback: winmgmts:.Win32_LogicalDisk
2025-07-08 13:18:52,713 - WARNING - Enhanced device detection failed, using fallback: winmgmts:.Win32_LogicalDisk
2025-07-08 13:18:54,716 - WARNING - Enhanced device detection failed, using fallback: winmgmts:.Win32_LogicalDisk
2025-07-08 13:18:56,721 - WARNING - Enhanced device detection failed, using fallback: winmgmts:.Win32_LogicalDisk
2025-07-08 13:18:58,724 - WARNING - Enhanced device detection failed, using fallback: winmgmts:.Win32_LogicalDisk
2025-07-08 13:18:59,909 - INFO - USB Event: {"timestamp": "2025-07-08T13:18:59.908650", "event_type": "mtp_file_transfer", "threat_level": "MEDIUM", "details": {}, "system_info": {"hostname": "LAPTOP-9N62H7OO", "user": "aayus"}, "event_data": {"device_id": "REG_VID_04E8&PID_6860&MS_COMP_MTP&SAMSUNG_Android", "device_name": "VID_04E8&PID_6860&MS_COMP_MTP&SAMSUNG_Android", "protocol": "MTP/PTP", "is_phone": true, "manufacturer": "Unknown", "transfer_type": "MTP_FILE_TRANSFER"}}
2025-07-08 13:19:00,726 - WARNING - Enhanced device detection failed, using fallback: winmgmts:.Win32_LogicalDisk
2025-07-08 13:19:01,981 - INFO - Event sent to Splunk successfully
2025-07-08 13:19:01,982 - INFO - MTP file transfer detected on VID_04E8&PID_6860&MS_COMP_MTP&SAMSUNG_Android
2025-07-08 13:19:02,200 - INFO - USB Event: {"timestamp": "2025-07-08T13:19:02.200731", "event_type": "mtp_file_transfer", "threat_level": "MEDIUM", "details": {}, "system_info": {"hostname": "LAPTOP-9N62H7OO", "user": "aayus"}, "event_data": {"device_id": "REG_##?#USB#VID_04E8&PID_6860&MS_COMP_MTP&SAMSUNG_Android#6&c70e816&2&0000#{6ac27878-a6fa-4155-ba85-f98f491d4f33}", "device_name": "##?#USB#VID_04E8&PID_6860&MS_COMP_MTP&SAMSUNG_Android#6&c70e816&2&0000#{6ac27878-a6fa-4155-ba85-f98f491d4f33}", "protocol": "MTP/PTP", "is_phone": true, "manufacturer": "Unknown", "transfer_type": "MTP_FILE_TRANSFER"}}
2025-07-08 13:19:02,730 - WARNING - Enhanced device detection failed, using fallback: winmgmts:.Win32_LogicalDisk
2025-07-08 13:19:04,276 - INFO - Event sent to Splunk successfully
2025-07-08 13:19:04,277 - INFO - MTP file transfer detected on ##?#USB#VID_04E8&PID_6860&MS_COMP_MTP&SAMSUNG_Android#6&c70e816&2&0000#{6ac27878-a6fa-4155-ba85-f98f491d4f33}
2025-07-08 13:19:04,734 - WARNING - Enhanced device detection failed, using fallback: winmgmts:.Win32_LogicalDisk
2025-07-08 13:19:06,740 - WARNING - Enhanced device detection failed, using fallback: winmgmts:.Win32_LogicalDisk
2025-07-08 13:19:08,743 - WARNING - Enhanced device detection failed, using fallback: winmgmts:.Win32_LogicalDisk
2025-07-08 13:19:10,745 - WARNING - Enhanced device detection failed, using fallback: winmgmts:.Win32_LogicalDisk
2025-07-08 13:19:12,748 - WARNING - Enhanced device detection failed, using fallback: winmgmts:.Win32_LogicalDisk
2025-07-08 13:19:14,750 - WARNING - Enhanced device detection failed, using fallback: winmgmts:.Win32_LogicalDisk
2025-07-08 13:19:16,753 - WARNING - Enhanced device detection failed, using fallback: winmgmts:.Win32_LogicalDisk
2025-07-08 13:19:18,756 - WARNING - Enhanced device detection failed, using fallback: winmgmts:.Win32_LogicalDisk
2025-07-08 13:19:20,759 - WARNING - Enhanced device detection failed, using fallback: winmgmts:.Win32_LogicalDisk
2025-07-08 13:19:22,762 - WARNING - Enhanced device detection failed, using fallback: winmgmts:.Win32_LogicalDisk
2025-07-08 13:19:24,770 - WARNING - Enhanced device detection failed, using fallback: winmgmts:.Win32_LogicalDisk
2025-07-08 13:19:26,772 - WARNING - Enhanced device detection failed, using fallback: winmgmts:.Win32_LogicalDisk
2025-07-08 13:19:28,775 - WARNING - Enhanced device detection failed, using fallback: winmgmts:.Win32_LogicalDisk
2025-07-08 13:19:30,783 - WARNING - Enhanced device detection failed, using fallback: winmgmts:.Win32_LogicalDisk
2025-07-08 13:19:32,786 - WARNING - Enhanced device detection failed, using fallback: winmgmts:.Win32_LogicalDisk
2025-07-08 13:19:34,789 - WARNING - Enhanced device detection failed, using fallback: winmgmts:.Win32_LogicalDisk
2025-07-08 13:19:36,796 - WARNING - Enhanced device detection failed, using fallback: winmgmts:.Win32_LogicalDisk
2025-07-08 13:19:38,799 - WARNING - Enhanced device detection failed, using fallback: winmgmts:.Win32_LogicalDisk
2025-07-08 13:19:40,066 - INFO - USB Event: {"timestamp": "2025-07-08T13:19:40.066667", "event_type": "mtp_file_transfer", "threat_level": "MEDIUM", "details": {}, "system_info": {"hostname": "LAPTOP-9N62H7OO", "user": "aayus"}, "event_data": {"device_id": "REG_VID_04E8&PID_6860&MS_COMP_MTP&SAMSUNG_Android", "device_name": "VID_04E8&PID_6860&MS_COMP_MTP&SAMSUNG_Android", "protocol": "MTP/PTP", "is_phone": true, "manufacturer": "Unknown", "transfer_type": "MTP_FILE_TRANSFER"}}
2025-07-08 13:19:40,802 - WARNING - Enhanced device detection failed, using fallback: winmgmts:.Win32_LogicalDisk
2025-07-08 13:19:42,137 - INFO - Event sent to Splunk successfully
2025-07-08 13:19:42,137 - INFO - MTP file transfer detected on VID_04E8&PID_6860&MS_COMP_MTP&SAMSUNG_Android
2025-07-08 13:19:42,428 - INFO - USB Event: {"timestamp": "2025-07-08T13:19:42.428318", "event_type": "mtp_file_transfer", "threat_level": "MEDIUM", "details": {}, "system_info": {"hostname": "LAPTOP-9N62H7OO", "user": "aayus"}, "event_data": {"device_id": "REG_##?#USB#VID_04E8&PID_6860&MS_COMP_MTP&SAMSUNG_Android#6&c70e816&2&0000#{6ac27878-a6fa-4155-ba85-f98f491d4f33}", "device_name": "##?#USB#VID_04E8&PID_6860&MS_COMP_MTP&SAMSUNG_Android#6&c70e816&2&0000#{6ac27878-a6fa-4155-ba85-f98f491d4f33}", "protocol": "MTP/PTP", "is_phone": true, "manufacturer": "Unknown", "transfer_type": "MTP_FILE_TRANSFER"}}
2025-07-08 13:19:42,808 - WARNING - Enhanced device detection failed, using fallback: winmgmts:.Win32_LogicalDisk
2025-07-08 13:19:44,486 - INFO - Event sent to Splunk successfully
2025-07-08 13:19:44,487 - INFO - MTP file transfer detected on ##?#USB#VID_04E8&PID_6860&MS_COMP_MTP&SAMSUNG_Android#6&c70e816&2&0000#{6ac27878-a6fa-4155-ba85-f98f491d4f33}
2025-07-08 13:19:44,814 - WARNING - Enhanced device detection failed, using fallback: winmgmts:.Win32_LogicalDisk
2025-07-08 13:19:46,821 - WARNING - Enhanced device detection failed, using fallback: winmgmts:.Win32_LogicalDisk
2025-07-08 13:19:48,823 - WARNING - Enhanced device detection failed, using fallback: winmgmts:.Win32_LogicalDisk
2025-07-08 13:19:50,826 - WARNING - Enhanced device detection failed, using fallback: winmgmts:.Win32_LogicalDisk
2025-07-08 13:19:52,829 - WARNING - Enhanced device detection failed, using fallback: winmgmts:.Win32_LogicalDisk
2025-07-08 13:19:54,831 - WARNING - Enhanced device detection failed, using fallback: winmgmts:.Win32_LogicalDisk
2025-07-08 13:19:56,834 - WARNING - Enhanced device detection failed, using fallback: winmgmts:.Win32_LogicalDisk
2025-07-08 13:19:58,839 - WARNING - Enhanced device detection failed, using fallback: winmgmts:.Win32_LogicalDisk
2025-07-08 13:20:00,842 - WARNING - Enhanced device detection failed, using fallback: winmgmts:.Win32_LogicalDisk
2025-07-08 13:20:02,844 - WARNING - Enhanced device detection failed, using fallback: winmgmts:.Win32_LogicalDisk
2025-07-08 13:20:04,850 - WARNING - Enhanced device detection failed, using fallback: winmgmts:.Win32_LogicalDisk
2025-07-08 13:20:06,853 - WARNING - Enhanced device detection failed, using fallback: winmgmts:.Win32_LogicalDisk
2025-07-08 13:20:08,855 - WARNING - Enhanced device detection failed, using fallback: winmgmts:.Win32_LogicalDisk
2025-07-08 13:20:10,862 - WARNING - Enhanced device detection failed, using fallback: winmgmts:.Win32_LogicalDisk
2025-07-08 13:20:12,864 - WARNING - Enhanced device detection failed, using fallback: winmgmts:.Win32_LogicalDisk
2025-07-08 13:20:14,867 - WARNING - Enhanced device detection failed, using fallback: winmgmts:.Win32_LogicalDisk
2025-07-08 13:20:16,874 - WARNING - Enhanced device detection failed, using fallback: winmgmts:.Win32_LogicalDisk
2025-07-08 13:20:18,877 - WARNING - Enhanced device detection failed, using fallback: winmgmts:.Win32_LogicalDisk
2025-07-08 13:20:20,880 - WARNING - Enhanced device detection failed, using fallback: winmgmts:.Win32_LogicalDisk
2025-07-08 13:20:21,118 - INFO - USB Event: {"timestamp": "2025-07-08T13:20:21.118499", "event_type": "mtp_file_transfer", "threat_level": "MEDIUM", "details": {}, "system_info": {"hostname": "LAPTOP-9N62H7OO", "user": "aayus"}, "event_data": {"device_id": "REG_VID_04E8&PID_6860&MS_COMP_MTP&SAMSUNG_Android", "device_name": "VID_04E8&PID_6860&MS_COMP_MTP&SAMSUNG_Android", "protocol": "MTP/PTP", "is_phone": true, "manufacturer": "Unknown", "transfer_type": "MTP_FILE_TRANSFER"}}
2025-07-08 13:20:22,882 - WARNING - Enhanced device detection failed, using fallback: winmgmts:.Win32_LogicalDisk
2025-07-08 13:20:23,197 - INFO - Event sent to Splunk successfully
2025-07-08 13:20:23,198 - INFO - MTP file transfer detected on VID_04E8&PID_6860&MS_COMP_MTP&SAMSUNG_Android
2025-07-08 13:20:23,526 - INFO - USB Event: {"timestamp": "2025-07-08T13:20:23.526149", "event_type": "mtp_file_transfer", "threat_level": "MEDIUM", "details": {}, "system_info": {"hostname": "LAPTOP-9N62H7OO", "user": "aayus"}, "event_data": {"device_id": "REG_##?#USB#VID_04E8&PID_6860&MS_COMP_MTP&SAMSUNG_Android#6&c70e816&2&0000#{6ac27878-a6fa-4155-ba85-f98f491d4f33}", "device_name": "##?#USB#VID_04E8&PID_6860&MS_COMP_MTP&SAMSUNG_Android#6&c70e816&2&0000#{6ac27878-a6fa-4155-ba85-f98f491d4f33}", "protocol": "MTP/PTP", "is_phone": true, "manufacturer": "Unknown", "transfer_type": "MTP_FILE_TRANSFER"}}
2025-07-08 13:20:24,886 - WARNING - Enhanced device detection failed, using fallback: winmgmts:.Win32_LogicalDisk
2025-07-08 13:20:25,599 - INFO - Event sent to Splunk successfully
2025-07-08 13:20:25,599 - INFO - MTP file transfer detected on ##?#USB#VID_04E8&PID_6860&MS_COMP_MTP&SAMSUNG_Android#6&c70e816&2&0000#{6ac27878-a6fa-4155-ba85-f98f491d4f33}
2025-07-08 13:20:26,888 - WARNING - Enhanced device detection failed, using fallback: winmgmts:.Win32_LogicalDisk
2025-07-08 13:20:28,891 - WARNING - Enhanced device detection failed, using fallback: winmgmts:.Win32_LogicalDisk
2025-07-08 13:20:30,893 - WARNING - Enhanced device detection failed, using fallback: winmgmts:.Win32_LogicalDisk
2025-07-08 13:20:32,149 - ERROR - Failed to save events: [Errno 22] Invalid argument: 'tmp/usb_monitor_data\\usb_events.json'
2025-07-08 13:20:32,896 - WARNING - Enhanced device detection failed, using fallback: winmgmts:.Win32_LogicalDisk
2025-07-08 13:20:34,898 - WARNING - Enhanced device detection failed, using fallback: winmgmts:.Win32_LogicalDisk
2025-07-08 13:20:36,922 - WARNING - Enhanced device detection failed, using fallback: winmgmts:.Win32_LogicalDisk
2025-07-08 13:20:38,924 - WARNING - Enhanced device detection failed, using fallback: winmgmts:.Win32_LogicalDisk
2025-07-08 13:20:40,926 - WARNING - Enhanced device detection failed, using fallback: winmgmts:.Win32_LogicalDisk
2025-07-08 13:20:42,930 - WARNING - Enhanced device detection failed, using fallback: winmgmts:.Win32_LogicalDisk
2025-07-08 13:20:44,932 - WARNING - Enhanced device detection failed, using fallback: winmgmts:.Win32_LogicalDisk
2025-07-08 13:20:46,935 - WARNING - Enhanced device detection failed, using fallback: winmgmts:.Win32_LogicalDisk
2025-07-08 13:20:48,993 - WARNING - Enhanced device detection failed, using fallback: winmgmts:.Win32_LogicalDisk
2025-07-08 13:20:50,995 - WARNING - Enhanced device detection failed, using fallback: winmgmts:.Win32_LogicalDisk
2025-07-08 13:20:52,998 - WARNING - Enhanced device detection failed, using fallback: winmgmts:.Win32_LogicalDisk
2025-07-08 13:20:55,001 - WARNING - Enhanced device detection failed, using fallback: winmgmts:.Win32_LogicalDisk
2025-07-08 13:20:57,004 - WARNING - Enhanced device detection failed, using fallback: winmgmts:.Win32_LogicalDisk
2025-07-08 13:20:59,006 - WARNING - Enhanced device detection failed, using fallback: winmgmts:.Win32_LogicalDisk
2025-07-08 13:21:01,040 - WARNING - Enhanced device detection failed, using fallback: winmgmts:.Win32_LogicalDisk
2025-07-08 13:21:03,043 - WARNING - Enhanced device detection failed, using fallback: winmgmts:.Win32_LogicalDisk
2025-07-08 13:21:05,047 - WARNING - Enhanced device detection failed, using fallback: winmgmts:.Win32_LogicalDisk
2025-07-08 13:21:06,259 - INFO - USB Event: {"timestamp": "2025-07-08T13:21:06.259925", "event_type": "mtp_file_transfer", "threat_level": "MEDIUM", "details": {}, "system_info": {"hostname": "LAPTOP-9N62H7OO", "user": "aayus"}, "event_data": {"device_id": "REG_VID_04E8&PID_6860&MS_COMP_MTP&SAMSUNG_Android", "device_name": "VID_04E8&PID_6860&MS_COMP_MTP&SAMSUNG_Android", "protocol": "MTP/PTP", "is_phone": true, "manufacturer": "Unknown", "transfer_type": "MTP_FILE_TRANSFER"}}
2025-07-08 13:21:07,050 - WARNING - Enhanced device detection failed, using fallback: winmgmts:.Win32_LogicalDisk
2025-07-08 13:21:08,323 - INFO - Event sent to Splunk successfully
2025-07-08 13:21:08,324 - INFO - MTP file transfer detected on VID_04E8&PID_6860&MS_COMP_MTP&SAMSUNG_Android
2025-07-08 13:21:08,636 - INFO - USB Event: {"timestamp": "2025-07-08T13:21:08.636685", "event_type": "mtp_file_transfer", "threat_level": "MEDIUM", "details": {}, "system_info": {"hostname": "LAPTOP-9N62H7OO", "user": "aayus"}, "event_data": {"device_id": "REG_##?#USB#VID_04E8&PID_6860&MS_COMP_MTP&SAMSUNG_Android#6&c70e816&2&0000#{6ac27878-a6fa-4155-ba85-f98f491d4f33}", "device_name": "##?#USB#VID_04E8&PID_6860&MS_COMP_MTP&SAMSUNG_Android#6&c70e816&2&0000#{6ac27878-a6fa-4155-ba85-f98f491d4f33}", "protocol": "MTP/PTP", "is_phone": true, "manufacturer": "Unknown", "transfer_type": "MTP_FILE_TRANSFER"}}
2025-07-08 13:21:09,052 - WARNING - Enhanced device detection failed, using fallback: winmgmts:.Win32_LogicalDisk
2025-07-08 13:21:10,685 - INFO - Event sent to Splunk successfully
2025-07-08 13:21:10,685 - INFO - MTP file transfer detected on ##?#USB#VID_04E8&PID_6860&MS_COMP_MTP&SAMSUNG_Android#6&c70e816&2&0000#{6ac27878-a6fa-4155-ba85-f98f491d4f33}
2025-07-08 13:21:11,055 - WARNING - Enhanced device detection failed, using fallback: winmgmts:.Win32_LogicalDisk
2025-07-08 13:21:13,057 - WARNING - Enhanced device detection failed, using fallback: winmgmts:.Win32_LogicalDisk
2025-07-08 13:21:15,060 - WARNING - Enhanced device detection failed, using fallback: winmgmts:.Win32_LogicalDisk
2025-07-08 13:21:17,062 - WARNING - Enhanced device detection failed, using fallback: winmgmts:.Win32_LogicalDisk
2025-07-08 13:21:19,064 - WARNING - Enhanced device detection failed, using fallback: winmgmts:.Win32_LogicalDisk
2025-07-08 13:21:21,068 - WARNING - Enhanced device detection failed, using fallback: winmgmts:.Win32_LogicalDisk
2025-07-08 13:21:23,071 - WARNING - Enhanced device detection failed, using fallback: winmgmts:.Win32_LogicalDisk
2025-07-08 13:21:25,074 - WARNING - Enhanced device detection failed, using fallback: winmgmts:.Win32_LogicalDisk
2025-07-08 13:21:27,078 - WARNING - Enhanced device detection failed, using fallback: winmgmts:.Win32_LogicalDisk
2025-07-08 13:21:29,082 - WARNING - Enhanced device detection failed, using fallback: winmgmts:.Win32_LogicalDisk
2025-07-08 13:21:31,085 - WARNING - Enhanced device detection failed, using fallback: winmgmts:.Win32_LogicalDisk
2025-07-08 13:21:33,088 - WARNING - Enhanced device detection failed, using fallback: winmgmts:.Win32_LogicalDisk
2025-07-08 13:21:35,091 - WARNING - Enhanced device detection failed, using fallback: winmgmts:.Win32_LogicalDisk
2025-07-08 13:21:37,093 - WARNING - Enhanced device detection failed, using fallback: winmgmts:.Win32_LogicalDisk
2025-07-08 13:21:39,096 - WARNING - Enhanced device detection failed, using fallback: winmgmts:.Win32_LogicalDisk
2025-07-08 13:21:41,098 - WARNING - Enhanced device detection failed, using fallback: winmgmts:.Win32_LogicalDisk
2025-07-08 13:21:43,100 - WARNING - Enhanced device detection failed, using fallback: winmgmts:.Win32_LogicalDisk
2025-07-08 13:21:45,103 - WARNING - Enhanced device detection failed, using fallback: winmgmts:.Win32_LogicalDisk
2025-07-08 13:21:47,105 - WARNING - Enhanced device detection failed, using fallback: winmgmts:.Win32_LogicalDisk
2025-07-08 13:21:49,108 - WARNING - Enhanced device detection failed, using fallback: winmgmts:.Win32_LogicalDisk
2025-07-08 13:21:51,110 - WARNING - Enhanced device detection failed, using fallback: winmgmts:.Win32_LogicalDisk
2025-07-08 13:21:51,414 - INFO - USB Event: {"timestamp": "2025-07-08T13:21:51.413394", "event_type": "mtp_file_transfer", "threat_level": "MEDIUM", "details": {}, "system_info": {"hostname": "LAPTOP-9N62H7OO", "user": "aayus"}, "event_data": {"device_id": "REG_VID_04E8&PID_6860&MS_COMP_MTP&SAMSUNG_Android", "device_name": "VID_04E8&PID_6860&MS_COMP_MTP&SAMSUNG_Android", "protocol": "MTP/PTP", "is_phone": true, "manufacturer": "Unknown", "transfer_type": "MTP_FILE_TRANSFER"}}
2025-07-08 13:21:53,112 - WARNING - Enhanced device detection failed, using fallback: winmgmts:.Win32_LogicalDisk
2025-07-08 13:21:53,612 - INFO - Event sent to Splunk successfully
2025-07-08 13:21:53,614 - INFO - MTP file transfer detected on VID_04E8&PID_6860&MS_COMP_MTP&SAMSUNG_Android
2025-07-08 13:21:53,912 - INFO - USB Event: {"timestamp": "2025-07-08T13:21:53.912355", "event_type": "mtp_file_transfer", "threat_level": "MEDIUM", "details": {}, "system_info": {"hostname": "LAPTOP-9N62H7OO", "user": "aayus"}, "event_data": {"device_id": "REG_##?#USB#VID_04E8&PID_6860&MS_COMP_MTP&SAMSUNG_Android#6&c70e816&2&0000#{6ac27878-a6fa-4155-ba85-f98f491d4f33}", "device_name": "##?#USB#VID_04E8&PID_6860&MS_COMP_MTP&SAMSUNG_Android#6&c70e816&2&0000#{6ac27878-a6fa-4155-ba85-f98f491d4f33}", "protocol": "MTP/PTP", "is_phone": true, "manufacturer": "Unknown", "transfer_type": "MTP_FILE_TRANSFER"}}
2025-07-08 13:21:55,117 - WARNING - Enhanced device detection failed, using fallback: winmgmts:.Win32_LogicalDisk
2025-07-08 13:21:55,969 - INFO - Event sent to Splunk successfully
2025-07-08 13:21:55,969 - INFO - MTP file transfer detected on ##?#USB#VID_04E8&PID_6860&MS_COMP_MTP&SAMSUNG_Android#6&c70e816&2&0000#{6ac27878-a6fa-4155-ba85-f98f491d4f33}
2025-07-08 13:21:57,119 - WARNING - Enhanced device detection failed, using fallback: winmgmts:.Win32_LogicalDisk
2025-07-08 13:21:59,122 - WARNING - Enhanced device detection failed, using fallback: winmgmts:.Win32_LogicalDisk
2025-07-08 13:22:01,125 - WARNING - Enhanced device detection failed, using fallback: winmgmts:.Win32_LogicalDisk
2025-07-08 13:22:03,127 - WARNING - Enhanced device detection failed, using fallback: winmgmts:.Win32_LogicalDisk
2025-07-08 13:22:05,129 - WARNING - Enhanced device detection failed, using fallback: winmgmts:.Win32_LogicalDisk
2025-07-08 13:22:07,132 - WARNING - Enhanced device detection failed, using fallback: winmgmts:.Win32_LogicalDisk
2025-07-08 13:22:09,134 - WARNING - Enhanced device detection failed, using fallback: winmgmts:.Win32_LogicalDisk
2025-07-08 13:22:11,136 - WARNING - Enhanced device detection failed, using fallback: winmgmts:.Win32_LogicalDisk
2025-07-08 13:22:13,138 - WARNING - Enhanced device detection failed, using fallback: winmgmts:.Win32_LogicalDisk
2025-07-08 13:22:15,160 - WARNING - Enhanced device detection failed, using fallback: winmgmts:.Win32_LogicalDisk
2025-07-08 13:22:17,163 - WARNING - Enhanced device detection failed, using fallback: winmgmts:.Win32_LogicalDisk
2025-07-08 13:22:19,167 - WARNING - Enhanced device detection failed, using fallback: winmgmts:.Win32_LogicalDisk
2025-07-08 13:22:21,172 - WARNING - Enhanced device detection failed, using fallback: winmgmts:.Win32_LogicalDisk
2025-07-08 13:22:23,173 - WARNING - Enhanced device detection failed, using fallback: winmgmts:.Win32_LogicalDisk
2025-07-08 13:22:25,176 - WARNING - Enhanced device detection failed, using fallback: winmgmts:.Win32_LogicalDisk
2025-07-08 13:22:27,179 - WARNING - Enhanced device detection failed, using fallback: winmgmts:.Win32_LogicalDisk
2025-07-08 13:22:29,184 - WARNING - Enhanced device detection failed, using fallback: winmgmts:.Win32_LogicalDisk
2025-07-08 13:22:31,186 - WARNING - Enhanced device detection failed, using fallback: winmgmts:.Win32_LogicalDisk
2025-07-08 13:22:33,188 - WARNING - Enhanced device detection failed, using fallback: winmgmts:.Win32_LogicalDisk
2025-07-08 13:22:35,191 - WARNING - Enhanced device detection failed, using fallback: winmgmts:.Win32_LogicalDisk
2025-07-08 13:22:36,738 - INFO - USB Event: {"timestamp": "2025-07-08T13:22:36.738733", "event_type": "mtp_file_transfer", "threat_level": "MEDIUM", "details": {}, "system_info": {"hostname": "LAPTOP-9N62H7OO", "user": "aayus"}, "event_data": {"device_id": "REG_VID_04E8&PID_6860&MS_COMP_MTP&SAMSUNG_Android", "device_name": "VID_04E8&PID_6860&MS_COMP_MTP&SAMSUNG_Android", "protocol": "MTP/PTP", "is_phone": true, "manufacturer": "Unknown", "transfer_type": "MTP_FILE_TRANSFER"}}
2025-07-08 13:22:37,193 - WARNING - Enhanced device detection failed, using fallback: winmgmts:.Win32_LogicalDisk
2025-07-08 13:22:38,803 - INFO - Event sent to Splunk successfully
2025-07-08 13:22:38,803 - INFO - MTP file transfer detected on VID_04E8&PID_6860&MS_COMP_MTP&SAMSUNG_Android
2025-07-08 13:22:39,106 - INFO - USB Event: {"timestamp": "2025-07-08T13:22:39.106843", "event_type": "mtp_file_transfer", "threat_level": "MEDIUM", "details": {}, "system_info": {"hostname": "LAPTOP-9N62H7OO", "user": "aayus"}, "event_data": {"device_id": "REG_##?#USB#VID_04E8&PID_6860&MS_COMP_MTP&SAMSUNG_Android#6&c70e816&2&0000#{6ac27878-a6fa-4155-ba85-f98f491d4f33}", "device_name": "##?#USB#VID_04E8&PID_6860&MS_COMP_MTP&SAMSUNG_Android#6&c70e816&2&0000#{6ac27878-a6fa-4155-ba85-f98f491d4f33}", "protocol": "MTP/PTP", "is_phone": true, "manufacturer": "Unknown", "transfer_type": "MTP_FILE_TRANSFER"}}
2025-07-08 13:22:39,195 - WARNING - Enhanced device detection failed, using fallback: winmgmts:.Win32_LogicalDisk
2025-07-08 13:22:41,144 - INFO - Event sent to Splunk successfully
2025-07-08 13:22:41,146 - INFO - MTP file transfer detected on ##?#USB#VID_04E8&PID_6860&MS_COMP_MTP&SAMSUNG_Android#6&c70e816&2&0000#{6ac27878-a6fa-4155-ba85-f98f491d4f33}
2025-07-08 13:22:41,197 - WARNING - Enhanced device detection failed, using fallback: winmgmts:.Win32_LogicalDisk
2025-07-08 13:22:43,200 - WARNING - Enhanced device detection failed, using fallback: winmgmts:.Win32_LogicalDisk
2025-07-08 13:22:45,202 - WARNING - Enhanced device detection failed, using fallback: winmgmts:.Win32_LogicalDisk
2025-07-08 13:22:47,204 - WARNING - Enhanced device detection failed, using fallback: winmgmts:.Win32_LogicalDisk
2025-07-08 13:22:49,206 - WARNING - Enhanced device detection failed, using fallback: winmgmts:.Win32_LogicalDisk
2025-07-08 13:22:51,209 - WARNING - Enhanced device detection failed, using fallback: winmgmts:.Win32_LogicalDisk
2025-07-08 13:22:53,211 - WARNING - Enhanced device detection failed, using fallback: winmgmts:.Win32_LogicalDisk
2025-07-08 13:22:55,213 - WARNING - Enhanced device detection failed, using fallback: winmgmts:.Win32_LogicalDisk
2025-07-08 13:22:57,216 - WARNING - Enhanced device detection failed, using fallback: winmgmts:.Win32_LogicalDisk
2025-07-08 13:22:59,217 - WARNING - Enhanced device detection failed, using fallback: winmgmts:.Win32_LogicalDisk
2025-07-08 13:23:01,220 - WARNING - Enhanced device detection failed, using fallback: winmgmts:.Win32_LogicalDisk
2025-07-08 13:23:03,224 - WARNING - Enhanced device detection failed, using fallback: winmgmts:.Win32_LogicalDisk
2025-07-08 13:23:05,226 - WARNING - Enhanced device detection failed, using fallback: winmgmts:.Win32_LogicalDisk
2025-07-08 13:23:07,229 - WARNING - Enhanced device detection failed, using fallback: winmgmts:.Win32_LogicalDisk
2025-07-08 13:23:09,232 - WARNING - Enhanced device detection failed, using fallback: winmgmts:.Win32_LogicalDisk
2025-07-08 13:23:11,234 - WARNING - Enhanced device detection failed, using fallback: winmgmts:.Win32_LogicalDisk
2025-07-08 13:23:13,236 - WARNING - Enhanced device detection failed, using fallback: winmgmts:.Win32_LogicalDisk
2025-07-08 13:23:15,239 - WARNING - Enhanced device detection failed, using fallback: winmgmts:.Win32_LogicalDisk
2025-07-08 13:23:17,241 - WARNING - Enhanced device detection failed, using fallback: winmgmts:.Win32_LogicalDisk
2025-07-08 13:23:19,244 - WARNING - Enhanced device detection failed, using fallback: winmgmts:.Win32_LogicalDisk
2025-07-08 13:23:21,246 - WARNING - Enhanced device detection failed, using fallback: winmgmts:.Win32_LogicalDisk
2025-07-08 13:23:22,683 - INFO - USB Event: {"timestamp": "2025-07-08T13:23:22.683960", "event_type": "mtp_file_transfer", "threat_level": "MEDIUM", "details": {}, "system_info": {"hostname": "LAPTOP-9N62H7OO", "user": "aayus"}, "event_data": {"device_id": "REG_VID_04E8&PID_6860&MS_COMP_MTP&SAMSUNG_Android", "device_name": "VID_04E8&PID_6860&MS_COMP_MTP&SAMSUNG_Android", "protocol": "MTP/PTP", "is_phone": true, "manufacturer": "Unknown", "transfer_type": "MTP_FILE_TRANSFER"}}
2025-07-08 13:23:23,248 - WARNING - Enhanced device detection failed, using fallback: winmgmts:.Win32_LogicalDisk
2025-07-08 13:23:24,744 - INFO - Event sent to Splunk successfully
2025-07-08 13:23:24,744 - INFO - MTP file transfer detected on VID_04E8&PID_6860&MS_COMP_MTP&SAMSUNG_Android
2025-07-08 13:23:25,250 - WARNING - Enhanced device detection failed, using fallback: winmgmts:.Win32_LogicalDisk
2025-07-08 13:23:25,266 - INFO - USB Event: {"timestamp": "2025-07-08T13:23:25.266311", "event_type": "mtp_file_transfer", "threat_level": "MEDIUM", "details": {}, "system_info": {"hostname": "LAPTOP-9N62H7OO", "user": "aayus"}, "event_data": {"device_id": "REG_##?#USB#VID_04E8&PID_6860&MS_COMP_MTP&SAMSUNG_Android#6&c70e816&2&0000#{6ac27878-a6fa-4155-ba85-f98f491d4f33}", "device_name": "##?#USB#VID_04E8&PID_6860&MS_COMP_MTP&SAMSUNG_Android#6&c70e816&2&0000#{6ac27878-a6fa-4155-ba85-f98f491d4f33}", "protocol": "MTP/PTP", "is_phone": true, "manufacturer": "Unknown", "transfer_type": "MTP_FILE_TRANSFER"}}
2025-07-08 13:23:27,253 - WARNING - Enhanced device detection failed, using fallback: winmgmts:.Win32_LogicalDisk
2025-07-08 13:23:27,341 - INFO - Event sent to Splunk successfully
2025-07-08 13:23:27,342 - INFO - MTP file transfer detected on ##?#USB#VID_04E8&PID_6860&MS_COMP_MTP&SAMSUNG_Android#6&c70e816&2&0000#{6ac27878-a6fa-4155-ba85-f98f491d4f33}
2025-07-08 13:23:29,256 - WARNING - Enhanced device detection failed, using fallback: winmgmts:.Win32_LogicalDisk
2025-07-08 13:23:31,258 - WARNING - Enhanced device detection failed, using fallback: winmgmts:.Win32_LogicalDisk
2025-07-08 13:23:33,260 - WARNING - Enhanced device detection failed, using fallback: winmgmts:.Win32_LogicalDisk
2025-07-08 13:23:35,262 - WARNING - Enhanced device detection failed, using fallback: winmgmts:.Win32_LogicalDisk
2025-07-08 13:23:37,266 - WARNING - Enhanced device detection failed, using fallback: winmgmts:.Win32_LogicalDisk
2025-07-08 13:23:39,269 - WARNING - Enhanced device detection failed, using fallback: winmgmts:.Win32_LogicalDisk
2025-07-08 13:23:41,271 - WARNING - Enhanced device detection failed, using fallback: winmgmts:.Win32_LogicalDisk
2025-07-08 13:23:43,279 - WARNING - Enhanced device detection failed, using fallback: winmgmts:.Win32_LogicalDisk
2025-07-08 13:23:45,281 - WARNING - Enhanced device detection failed, using fallback: winmgmts:.Win32_LogicalDisk
2025-07-08 13:23:47,283 - WARNING - Enhanced device detection failed, using fallback: winmgmts:.Win32_LogicalDisk
2025-07-08 13:23:49,288 - WARNING - Enhanced device detection failed, using fallback: winmgmts:.Win32_LogicalDisk
2025-07-08 13:23:51,290 - WARNING - Enhanced device detection failed, using fallback: winmgmts:.Win32_LogicalDisk
2025-07-08 13:23:53,292 - WARNING - Enhanced device detection failed, using fallback: winmgmts:.Win32_LogicalDisk
2025-07-08 13:23:55,297 - WARNING - Enhanced device detection failed, using fallback: winmgmts:.Win32_LogicalDisk
2025-07-08 13:23:57,300 - WARNING - Enhanced device detection failed, using fallback: winmgmts:.Win32_LogicalDisk
2025-07-08 13:23:59,302 - WARNING - Enhanced device detection failed, using fallback: winmgmts:.Win32_LogicalDisk
2025-07-08 13:24:01,305 - WARNING - Enhanced device detection failed, using fallback: winmgmts:.Win32_LogicalDisk
2025-07-08 13:24:03,307 - WARNING - Enhanced device detection failed, using fallback: winmgmts:.Win32_LogicalDisk
2025-07-08 13:24:03,501 - INFO - USB Event: {"timestamp": "2025-07-08T13:24:03.501732", "event_type": "mtp_file_transfer", "threat_level": "MEDIUM", "details": {}, "system_info": {"hostname": "LAPTOP-9N62H7OO", "user": "aayus"}, "event_data": {"device_id": "REG_VID_04E8&PID_6860&MS_COMP_MTP&SAMSUNG_Android", "device_name": "VID_04E8&PID_6860&MS_COMP_MTP&SAMSUNG_Android", "protocol": "MTP/PTP", "is_phone": true, "manufacturer": "Unknown", "transfer_type": "MTP_FILE_TRANSFER"}}
2025-07-08 13:24:05,310 - WARNING - Enhanced device detection failed, using fallback: winmgmts:.Win32_LogicalDisk
2025-07-08 13:24:05,564 - INFO - Event sent to Splunk successfully
2025-07-08 13:24:05,565 - INFO - MTP file transfer detected on VID_04E8&PID_6860&MS_COMP_MTP&SAMSUNG_Android
2025-07-08 13:24:05,902 - INFO - USB Event: {"timestamp": "2025-07-08T13:24:05.902318", "event_type": "mtp_file_transfer", "threat_level": "MEDIUM", "details": {}, "system_info": {"hostname": "LAPTOP-9N62H7OO", "user": "aayus"}, "event_data": {"device_id": "REG_##?#USB#VID_04E8&PID_6860&MS_COMP_MTP&SAMSUNG_Android#6&c70e816&2&0000#{6ac27878-a6fa-4155-ba85-f98f491d4f33}", "device_name": "##?#USB#VID_04E8&PID_6860&MS_COMP_MTP&SAMSUNG_Android#6&c70e816&2&0000#{6ac27878-a6fa-4155-ba85-f98f491d4f33}", "protocol": "MTP/PTP", "is_phone": true, "manufacturer": "Unknown", "transfer_type": "MTP_FILE_TRANSFER"}}
2025-07-08 13:24:07,312 - WARNING - Enhanced device detection failed, using fallback: winmgmts:.Win32_LogicalDisk
2025-07-08 13:24:07,963 - INFO - Event sent to Splunk successfully
2025-07-08 13:24:07,963 - INFO - MTP file transfer detected on ##?#USB#VID_04E8&PID_6860&MS_COMP_MTP&SAMSUNG_Android#6&c70e816&2&0000#{6ac27878-a6fa-4155-ba85-f98f491d4f33}
2025-07-08 13:24:09,319 - WARNING - Enhanced device detection failed, using fallback: winmgmts:.Win32_LogicalDisk
2025-07-08 13:24:11,322 - WARNING - Enhanced device detection failed, using fallback: winmgmts:.Win32_LogicalDisk
2025-07-08 13:24:13,325 - WARNING - Enhanced device detection failed, using fallback: winmgmts:.Win32_LogicalDisk
2025-07-08 13:24:15,327 - WARNING - Enhanced device detection failed, using fallback: winmgmts:.Win32_LogicalDisk
2025-07-08 13:24:17,331 - WARNING - Enhanced device detection failed, using fallback: winmgmts:.Win32_LogicalDisk
2025-07-08 13:24:19,333 - WARNING - Enhanced device detection failed, using fallback: winmgmts:.Win32_LogicalDisk
2025-07-08 13:24:21,335 - WARNING - Enhanced device detection failed, using fallback: winmgmts:.Win32_LogicalDisk
2025-07-08 13:24:23,337 - WARNING - Enhanced device detection failed, using fallback: winmgmts:.Win32_LogicalDisk
2025-07-08 13:24:25,339 - WARNING - Enhanced device detection failed, using fallback: winmgmts:.Win32_LogicalDisk
2025-07-08 13:24:27,342 - WARNING - Enhanced device detection failed, using fallback: winmgmts:.Win32_LogicalDisk
2025-07-08 13:24:29,346 - WARNING - Enhanced device detection failed, using fallback: winmgmts:.Win32_LogicalDisk
2025-07-08 13:24:31,348 - WARNING - Enhanced device detection failed, using fallback: winmgmts:.Win32_LogicalDisk
2025-07-08 13:24:33,352 - WARNING - Enhanced device detection failed, using fallback: winmgmts:.Win32_LogicalDisk
2025-07-08 13:24:35,355 - WARNING - Enhanced device detection failed, using fallback: winmgmts:.Win32_LogicalDisk
2025-07-08 13:24:37,358 - WARNING - Enhanced device detection failed, using fallback: winmgmts:.Win32_LogicalDisk
2025-07-08 13:24:39,360 - WARNING - Enhanced device detection failed, using fallback: winmgmts:.Win32_LogicalDisk
2025-07-08 13:24:41,363 - WARNING - Enhanced device detection failed, using fallback: winmgmts:.Win32_LogicalDisk
2025-07-08 13:24:42,649 - INFO - USB Event: {"timestamp": "2025-07-08T13:24:42.649576", "event_type": "mtp_file_transfer", "threat_level": "MEDIUM", "details": {}, "system_info": {"hostname": "LAPTOP-9N62H7OO", "user": "aayus"}, "event_data": {"device_id": "REG_VID_04E8&PID_6860&MS_COMP_MTP&SAMSUNG_Android", "device_name": "VID_04E8&PID_6860&MS_COMP_MTP&SAMSUNG_Android", "protocol": "MTP/PTP", "is_phone": true, "manufacturer": "Unknown", "transfer_type": "MTP_FILE_TRANSFER"}}
2025-07-08 13:24:43,365 - WARNING - Enhanced device detection failed, using fallback: winmgmts:.Win32_LogicalDisk
2025-07-08 13:24:44,708 - INFO - Event sent to Splunk successfully
2025-07-08 13:24:44,710 - INFO - MTP file transfer detected on VID_04E8&PID_6860&MS_COMP_MTP&SAMSUNG_Android
2025-07-08 13:24:45,010 - INFO - USB Event: {"timestamp": "2025-07-08T13:24:45.010669", "event_type": "mtp_file_transfer", "threat_level": "MEDIUM", "details": {}, "system_info": {"hostname": "LAPTOP-9N62H7OO", "user": "aayus"}, "event_data": {"device_id": "REG_##?#USB#VID_04E8&PID_6860&MS_COMP_MTP&SAMSUNG_Android#6&c70e816&2&0000#{6ac27878-a6fa-4155-ba85-f98f491d4f33}", "device_name": "##?#USB#VID_04E8&PID_6860&MS_COMP_MTP&SAMSUNG_Android#6&c70e816&2&0000#{6ac27878-a6fa-4155-ba85-f98f491d4f33}", "protocol": "MTP/PTP", "is_phone": true, "manufacturer": "Unknown", "transfer_type": "MTP_FILE_TRANSFER"}}
2025-07-08 13:24:45,367 - WARNING - Enhanced device detection failed, using fallback: winmgmts:.Win32_LogicalDisk
2025-07-08 13:24:47,066 - INFO - Event sent to Splunk successfully
2025-07-08 13:24:47,067 - INFO - MTP file transfer detected on ##?#USB#VID_04E8&PID_6860&MS_COMP_MTP&SAMSUNG_Android#6&c70e816&2&0000#{6ac27878-a6fa-4155-ba85-f98f491d4f33}
2025-07-08 13:24:47,369 - WARNING - Enhanced device detection failed, using fallback: winmgmts:.Win32_LogicalDisk
2025-07-08 13:24:49,372 - WARNING - Enhanced device detection failed, using fallback: winmgmts:.Win32_LogicalDisk
2025-07-08 13:24:51,374 - WARNING - Enhanced device detection failed, using fallback: winmgmts:.Win32_LogicalDisk
2025-07-08 13:24:53,376 - WARNING - Enhanced device detection failed, using fallback: winmgmts:.Win32_LogicalDisk
2025-07-08 13:24:55,379 - WARNING - Enhanced device detection failed, using fallback: winmgmts:.Win32_LogicalDisk
2025-07-08 13:24:57,381 - WARNING - Enhanced device detection failed, using fallback: winmgmts:.Win32_LogicalDisk
2025-07-08 13:24:59,384 - WARNING - Enhanced device detection failed, using fallback: winmgmts:.Win32_LogicalDisk
2025-07-08 13:25:01,386 - WARNING - Enhanced device detection failed, using fallback: winmgmts:.Win32_LogicalDisk
2025-07-08 13:25:03,424 - WARNING - Enhanced device detection failed, using fallback: winmgmts:.Win32_LogicalDisk
2025-07-08 13:25:05,427 - WARNING - Enhanced device detection failed, using fallback: winmgmts:.Win32_LogicalDisk
2025-07-08 13:25:07,431 - WARNING - Enhanced device detection failed, using fallback: winmgmts:.Win32_LogicalDisk
2025-07-08 13:25:09,456 - WARNING - Enhanced device detection failed, using fallback: winmgmts:.Win32_LogicalDisk
2025-07-08 13:25:11,459 - WARNING - Enhanced device detection failed, using fallback: winmgmts:.Win32_LogicalDisk
2025-07-08 13:25:13,462 - WARNING - Enhanced device detection failed, using fallback: winmgmts:.Win32_LogicalDisk
2025-07-08 13:25:15,464 - WARNING - Enhanced device detection failed, using fallback: winmgmts:.Win32_LogicalDisk
2025-07-08 13:25:17,467 - WARNING - Enhanced device detection failed, using fallback: winmgmts:.Win32_LogicalDisk
2025-07-08 13:25:19,469 - WARNING - Enhanced device detection failed, using fallback: winmgmts:.Win32_LogicalDisk
2025-07-08 13:25:21,472 - WARNING - Enhanced device detection failed, using fallback: winmgmts:.Win32_LogicalDisk
2025-07-08 13:25:23,475 - WARNING - Enhanced device detection failed, using fallback: winmgmts:.Win32_LogicalDisk
2025-07-08 13:25:25,478 - WARNING - Enhanced device detection failed, using fallback: winmgmts:.Win32_LogicalDisk
2025-07-08 13:25:27,356 - INFO - USB Event: {"timestamp": "2025-07-08T13:25:27.356660", "event_type": "mtp_file_transfer", "threat_level": "MEDIUM", "details": {}, "system_info": {"hostname": "LAPTOP-9N62H7OO", "user": "aayus"}, "event_data": {"device_id": "REG_VID_04E8&PID_6860&MS_COMP_MTP&SAMSUNG_Android", "device_name": "VID_04E8&PID_6860&MS_COMP_MTP&SAMSUNG_Android", "protocol": "MTP/PTP", "is_phone": true, "manufacturer": "Unknown", "transfer_type": "MTP_FILE_TRANSFER"}}
2025-07-08 13:25:27,481 - WARNING - Enhanced device detection failed, using fallback: winmgmts:.Win32_LogicalDisk
2025-07-08 13:25:29,424 - INFO - Event sent to Splunk successfully
2025-07-08 13:25:29,425 - INFO - MTP file transfer detected on VID_04E8&PID_6860&MS_COMP_MTP&SAMSUNG_Android
2025-07-08 13:25:29,486 - WARNING - Enhanced device detection failed, using fallback: winmgmts:.Win32_LogicalDisk
2025-07-08 13:25:29,694 - INFO - USB Event: {"timestamp": "2025-07-08T13:25:29.694183", "event_type": "mtp_file_transfer", "threat_level": "MEDIUM", "details": {}, "system_info": {"hostname": "LAPTOP-9N62H7OO", "user": "aayus"}, "event_data": {"device_id": "REG_##?#USB#VID_04E8&PID_6860&MS_COMP_MTP&SAMSUNG_Android#6&c70e816&2&0000#{6ac27878-a6fa-4155-ba85-f98f491d4f33}", "device_name": "##?#USB#VID_04E8&PID_6860&MS_COMP_MTP&SAMSUNG_Android#6&c70e816&2&0000#{6ac27878-a6fa-4155-ba85-f98f491d4f33}", "protocol": "MTP/PTP", "is_phone": true, "manufacturer": "Unknown", "transfer_type": "MTP_FILE_TRANSFER"}}
2025-07-08 13:25:31,488 - WARNING - Enhanced device detection failed, using fallback: winmgmts:.Win32_LogicalDisk
2025-07-08 13:25:31,757 - INFO - Event sent to Splunk successfully
2025-07-08 13:25:31,758 - INFO - MTP file transfer detected on ##?#USB#VID_04E8&PID_6860&MS_COMP_MTP&SAMSUNG_Android#6&c70e816&2&0000#{6ac27878-a6fa-4155-ba85-f98f491d4f33}
2025-07-08 13:25:33,492 - WARNING - Enhanced device detection failed, using fallback: winmgmts:.Win32_LogicalDisk
2025-07-08 13:25:35,495 - WARNING - Enhanced device detection failed, using fallback: winmgmts:.Win32_LogicalDisk
2025-07-08 13:25:37,497 - WARNING - Enhanced device detection failed, using fallback: winmgmts:.Win32_LogicalDisk
2025-07-08 13:25:39,499 - WARNING - Enhanced device detection failed, using fallback: winmgmts:.Win32_LogicalDisk
2025-07-08 13:25:41,502 - WARNING - Enhanced device detection failed, using fallback: winmgmts:.Win32_LogicalDisk
2025-07-08 13:25:43,505 - WARNING - Enhanced device detection failed, using fallback: winmgmts:.Win32_LogicalDisk
2025-07-08 13:25:45,507 - WARNING - Enhanced device detection failed, using fallback: winmgmts:.Win32_LogicalDisk
2025-07-08 13:25:47,510 - WARNING - Enhanced device detection failed, using fallback: winmgmts:.Win32_LogicalDisk
2025-07-08 13:25:49,513 - WARNING - Enhanced device detection failed, using fallback: winmgmts:.Win32_LogicalDisk
2025-07-08 13:25:51,515 - WARNING - Enhanced device detection failed, using fallback: winmgmts:.Win32_LogicalDisk
2025-07-08 13:25:53,518 - WARNING - Enhanced device detection failed, using fallback: winmgmts:.Win32_LogicalDisk
2025-07-08 13:25:55,520 - WARNING - Enhanced device detection failed, using fallback: winmgmts:.Win32_LogicalDisk
2025-07-08 13:25:57,523 - WARNING - Enhanced device detection failed, using fallback: winmgmts:.Win32_LogicalDisk
2025-07-08 13:25:59,526 - WARNING - Enhanced device detection failed, using fallback: winmgmts:.Win32_LogicalDisk
2025-07-08 13:26:01,531 - WARNING - Enhanced device detection failed, using fallback: winmgmts:.Win32_LogicalDisk
2025-07-08 13:26:03,535 - WARNING - Enhanced device detection failed, using fallback: winmgmts:.Win32_LogicalDisk
2025-07-08 13:26:05,539 - WARNING - Enhanced device detection failed, using fallback: winmgmts:.Win32_LogicalDisk
2025-07-08 13:26:07,542 - WARNING - Enhanced device detection failed, using fallback: winmgmts:.Win32_LogicalDisk
2025-07-08 13:26:09,546 - WARNING - Enhanced device detection failed, using fallback: winmgmts:.Win32_LogicalDisk
2025-07-08 13:26:11,548 - WARNING - Enhanced device detection failed, using fallback: winmgmts:.Win32_LogicalDisk
2025-07-08 13:26:13,553 - WARNING - Enhanced device detection failed, using fallback: winmgmts:.Win32_LogicalDisk
2025-07-08 13:26:15,556 - WARNING - Enhanced device detection failed, using fallback: winmgmts:.Win32_LogicalDisk
2025-07-08 13:26:17,561 - WARNING - Enhanced device detection failed, using fallback: winmgmts:.Win32_LogicalDisk
2025-07-08 13:26:17,610 - INFO - USB Event: {"timestamp": "2025-07-08T13:26:17.610375", "event_type": "mtp_file_transfer", "threat_level": "MEDIUM", "details": {}, "system_info": {"hostname": "LAPTOP-9N62H7OO", "user": "aayus"}, "event_data": {"device_id": "REG_VID_04E8&PID_6860&MS_COMP_MTP&SAMSUNG_Android", "device_name": "VID_04E8&PID_6860&MS_COMP_MTP&SAMSUNG_Android", "protocol": "MTP/PTP", "is_phone": true, "manufacturer": "Unknown", "transfer_type": "MTP_FILE_TRANSFER"}}
2025-07-08 13:26:19,564 - WARNING - Enhanced device detection failed, using fallback: winmgmts:.Win32_LogicalDisk
2025-07-08 13:26:19,687 - INFO - Event sent to Splunk successfully
2025-07-08 13:26:19,688 - INFO - MTP file transfer detected on VID_04E8&PID_6860&MS_COMP_MTP&SAMSUNG_Android
2025-07-08 13:26:20,017 - INFO - USB Event: {"timestamp": "2025-07-08T13:26:20.017778", "event_type": "mtp_file_transfer", "threat_level": "MEDIUM", "details": {}, "system_info": {"hostname": "LAPTOP-9N62H7OO", "user": "aayus"}, "event_data": {"device_id": "REG_##?#USB#VID_04E8&PID_6860&MS_COMP_MTP&SAMSUNG_Android#6&c70e816&2&0000#{6ac27878-a6fa-4155-ba85-f98f491d4f33}", "device_name": "##?#USB#VID_04E8&PID_6860&MS_COMP_MTP&SAMSUNG_Android#6&c70e816&2&0000#{6ac27878-a6fa-4155-ba85-f98f491d4f33}", "protocol": "MTP/PTP", "is_phone": true, "manufacturer": "Unknown", "transfer_type": "MTP_FILE_TRANSFER"}}
2025-07-08 13:26:21,570 - WARNING - Enhanced device detection failed, using fallback: winmgmts:.Win32_LogicalDisk
2025-07-08 13:26:22,123 - INFO - Event sent to Splunk successfully
2025-07-08 13:26:22,129 - INFO - MTP file transfer detected on ##?#USB#VID_04E8&PID_6860&MS_COMP_MTP&SAMSUNG_Android#6&c70e816&2&0000#{6ac27878-a6fa-4155-ba85-f98f491d4f33}
2025-07-08 13:26:23,573 - WARNING - Enhanced device detection failed, using fallback: winmgmts:.Win32_LogicalDisk
2025-07-08 13:26:25,577 - WARNING - Enhanced device detection failed, using fallback: winmgmts:.Win32_LogicalDisk
2025-07-08 13:26:27,581 - WARNING - Enhanced device detection failed, using fallback: winmgmts:.Win32_LogicalDisk
2025-07-08 13:26:29,584 - WARNING - Enhanced device detection failed, using fallback: winmgmts:.Win32_LogicalDisk
2025-07-08 13:26:31,587 - WARNING - Enhanced device detection failed, using fallback: winmgmts:.Win32_LogicalDisk
2025-07-08 13:26:33,592 - WARNING - Enhanced device detection failed, using fallback: winmgmts:.Win32_LogicalDisk
2025-07-08 13:26:35,594 - WARNING - Enhanced device detection failed, using fallback: winmgmts:.Win32_LogicalDisk
2025-07-08 13:26:37,597 - WARNING - Enhanced device detection failed, using fallback: winmgmts:.Win32_LogicalDisk
2025-07-08 13:26:39,601 - WARNING - Enhanced device detection failed, using fallback: winmgmts:.Win32_LogicalDisk
2025-07-08 13:26:41,604 - WARNING - Enhanced device detection failed, using fallback: winmgmts:.Win32_LogicalDisk
2025-07-08 13:26:43,623 - WARNING - Enhanced device detection failed, using fallback: winmgmts:.Win32_LogicalDisk
2025-07-08 13:26:45,628 - WARNING - Enhanced device detection failed, using fallback: winmgmts:.Win32_LogicalDisk
2025-07-08 13:26:47,635 - WARNING - Enhanced device detection failed, using fallback: winmgmts:.Win32_LogicalDisk
2025-07-08 13:26:49,637 - WARNING - Enhanced device detection failed, using fallback: winmgmts:.Win32_LogicalDisk
2025-07-08 13:26:51,640 - WARNING - Enhanced device detection failed, using fallback: winmgmts:.Win32_LogicalDisk
2025-07-08 13:26:53,644 - WARNING - Enhanced device detection failed, using fallback: winmgmts:.Win32_LogicalDisk
2025-07-08 13:26:55,647 - WARNING - Enhanced device detection failed, using fallback: winmgmts:.Win32_LogicalDisk
2025-07-08 13:26:57,653 - WARNING - Enhanced device detection failed, using fallback: winmgmts:.Win32_LogicalDisk
2025-07-08 13:26:59,658 - WARNING - Enhanced device detection failed, using fallback: winmgmts:.Win32_LogicalDisk
2025-07-08 13:27:01,660 - WARNING - Enhanced device detection failed, using fallback: winmgmts:.Win32_LogicalDisk
2025-07-08 13:27:03,663 - WARNING - Enhanced device detection failed, using fallback: winmgmts:.Win32_LogicalDisk
2025-07-08 13:27:05,667 - WARNING - Enhanced device detection failed, using fallback: winmgmts:.Win32_LogicalDisk
2025-07-08 13:27:07,670 - WARNING - Enhanced device detection failed, using fallback: winmgmts:.Win32_LogicalDisk
2025-07-08 13:27:09,673 - WARNING - Enhanced device detection failed, using fallback: winmgmts:.Win32_LogicalDisk
2025-07-08 13:27:11,676 - WARNING - Enhanced device detection failed, using fallback: winmgmts:.Win32_LogicalDisk
2025-07-08 13:27:13,680 - WARNING - Enhanced device detection failed, using fallback: winmgmts:.Win32_LogicalDisk
2025-07-08 13:27:15,685 - WARNING - Enhanced device detection failed, using fallback: winmgmts:.Win32_LogicalDisk
2025-07-08 13:27:17,691 - WARNING - Enhanced device detection failed, using fallback: winmgmts:.Win32_LogicalDisk
2025-07-08 13:27:18,663 - INFO - USB Event: {"timestamp": "2025-07-08T13:27:18.663494", "event_type": "mtp_file_transfer", "threat_level": "MEDIUM", "details": {}, "system_info": {"hostname": "LAPTOP-9N62H7OO", "user": "aayus"}, "event_data": {"device_id": "REG_VID_04E8&PID_6860&MS_COMP_MTP&SAMSUNG_Android", "device_name": "VID_04E8&PID_6860&MS_COMP_MTP&SAMSUNG_Android", "protocol": "MTP/PTP", "is_phone": true, "manufacturer": "Unknown", "transfer_type": "MTP_FILE_TRANSFER"}}
2025-07-08 13:27:19,693 - WARNING - Enhanced device detection failed, using fallback: winmgmts:.Win32_LogicalDisk
2025-07-08 13:27:20,696 - INFO - Event sent to Splunk successfully
2025-07-08 13:27:20,697 - INFO - MTP file transfer detected on VID_04E8&PID_6860&MS_COMP_MTP&SAMSUNG_Android
2025-07-08 13:27:21,039 - INFO - USB Event: {"timestamp": "2025-07-08T13:27:21.039429", "event_type": "mtp_file_transfer", "threat_level": "MEDIUM", "details": {}, "system_info": {"hostname": "LAPTOP-9N62H7OO", "user": "aayus"}, "event_data": {"device_id": "REG_##?#USB#VID_04E8&PID_6860&MS_COMP_MTP&SAMSUNG_Android#6&c70e816&2&0000#{6ac27878-a6fa-4155-ba85-f98f491d4f33}", "device_name": "##?#USB#VID_04E8&PID_6860&MS_COMP_MTP&SAMSUNG_Android#6&c70e816&2&0000#{6ac27878-a6fa-4155-ba85-f98f491d4f33}", "protocol": "MTP/PTP", "is_phone": true, "manufacturer": "Unknown", "transfer_type": "MTP_FILE_TRANSFER"}}
2025-07-08 13:27:21,695 - WARNING - Enhanced device detection failed, using fallback: winmgmts:.Win32_LogicalDisk
2025-07-08 13:27:23,088 - INFO - Event sent to Splunk successfully
2025-07-08 13:27:23,090 - INFO - MTP file transfer detected on ##?#USB#VID_04E8&PID_6860&MS_COMP_MTP&SAMSUNG_Android#6&c70e816&2&0000#{6ac27878-a6fa-4155-ba85-f98f491d4f33}
2025-07-08 13:27:23,698 - WARNING - Enhanced device detection failed, using fallback: winmgmts:.Win32_LogicalDisk
2025-07-08 13:27:25,701 - WARNING - Enhanced device detection failed, using fallback: winmgmts:.Win32_LogicalDisk
2025-07-08 13:27:27,704 - WARNING - Enhanced device detection failed, using fallback: winmgmts:.Win32_LogicalDisk
2025-07-08 13:27:29,707 - WARNING - Enhanced device detection failed, using fallback: winmgmts:.Win32_LogicalDisk
2025-07-08 13:27:31,712 - WARNING - Enhanced device detection failed, using fallback: winmgmts:.Win32_LogicalDisk
2025-07-08 13:27:33,716 - WARNING - Enhanced device detection failed, using fallback: winmgmts:.Win32_LogicalDisk
2025-07-08 13:27:35,723 - WARNING - Enhanced device detection failed, using fallback: winmgmts:.Win32_LogicalDisk
2025-07-08 13:27:37,726 - WARNING - Enhanced device detection failed, using fallback: winmgmts:.Win32_LogicalDisk
2025-07-08 13:27:39,729 - WARNING - Enhanced device detection failed, using fallback: winmgmts:.Win32_LogicalDisk
2025-07-08 13:27:41,731 - WARNING - Enhanced device detection failed, using fallback: winmgmts:.Win32_LogicalDisk
2025-07-08 13:27:43,734 - WARNING - Enhanced device detection failed, using fallback: winmgmts:.Win32_LogicalDisk
2025-07-08 13:27:45,739 - WARNING - Enhanced device detection failed, using fallback: winmgmts:.Win32_LogicalDisk
2025-07-08 13:27:47,743 - WARNING - Enhanced device detection failed, using fallback: winmgmts:.Win32_LogicalDisk
2025-07-08 13:27:49,746 - WARNING - Enhanced device detection failed, using fallback: winmgmts:.Win32_LogicalDisk
2025-07-08 13:27:51,750 - WARNING - Enhanced device detection failed, using fallback: winmgmts:.Win32_LogicalDisk
2025-07-08 13:27:53,754 - WARNING - Enhanced device detection failed, using fallback: winmgmts:.Win32_LogicalDisk
2025-07-08 13:27:55,758 - WARNING - Enhanced device detection failed, using fallback: winmgmts:.Win32_LogicalDisk
2025-07-08 13:27:57,761 - WARNING - Enhanced device detection failed, using fallback: winmgmts:.Win32_LogicalDisk
2025-07-08 13:27:59,768 - WARNING - Enhanced device detection failed, using fallback: winmgmts:.Win32_LogicalDisk
2025-07-08 13:28:01,774 - WARNING - Enhanced device detection failed, using fallback: winmgmts:.Win32_LogicalDisk
2025-07-08 13:28:01,779 - ERROR - Failed to save events: [Errno 22] Invalid argument: 'tmp/usb_monitor_data\\usb_events.json'
2025-07-08 13:28:03,781 - WARNING - Enhanced device detection failed, using fallback: winmgmts:.Win32_LogicalDisk
2025-07-08 13:28:03,782 - ERROR - Failed to save events: [Errno 22] Invalid argument: 'tmp/usb_monitor_data\\usb_events.json'
2025-07-08 13:28:05,784 - WARNING - Enhanced device detection failed, using fallback: winmgmts:.Win32_LogicalDisk
2025-07-08 13:28:07,786 - WARNING - Enhanced device detection failed, using fallback: winmgmts:.Win32_LogicalDisk
2025-07-08 13:28:09,790 - WARNING - Enhanced device detection failed, using fallback: winmgmts:.Win32_LogicalDisk
2025-07-08 13:28:11,793 - WARNING - Enhanced device detection failed, using fallback: winmgmts:.Win32_LogicalDisk
2025-07-08 13:28:11,798 - ERROR - Failed to save events: [Errno 22] Invalid argument: 'tmp/usb_monitor_data\\usb_events.json'
2025-07-08 13:28:13,800 - WARNING - Enhanced device detection failed, using fallback: winmgmts:.Win32_LogicalDisk
2025-07-08 13:28:13,802 - ERROR - Failed to save events: [Errno 22] Invalid argument: 'tmp/usb_monitor_data\\usb_events.json'
2025-07-08 13:28:15,804 - WARNING - Enhanced device detection failed, using fallback: winmgmts:.Win32_LogicalDisk
2025-07-08 13:28:15,806 - ERROR - Failed to save events: [Errno 22] Invalid argument: 'tmp/usb_monitor_data\\usb_events.json'
2025-07-08 13:28:17,808 - WARNING - Enhanced device detection failed, using fallback: winmgmts:.Win32_LogicalDisk
2025-07-08 13:28:17,810 - ERROR - Failed to save events: [Errno 22] Invalid argument: 'tmp/usb_monitor_data\\usb_events.json'
2025-07-08 13:28:19,812 - WARNING - Enhanced device detection failed, using fallback: winmgmts:.Win32_LogicalDisk
2025-07-08 13:28:21,815 - WARNING - Enhanced device detection failed, using fallback: winmgmts:.Win32_LogicalDisk
2025-07-08 13:28:23,818 - WARNING - Enhanced device detection failed, using fallback: winmgmts:.Win32_LogicalDisk
2025-07-08 13:28:25,822 - WARNING - Enhanced device detection failed, using fallback: winmgmts:.Win32_LogicalDisk
2025-07-08 13:28:27,826 - WARNING - Enhanced device detection failed, using fallback: winmgmts:.Win32_LogicalDisk
2025-07-08 13:28:28,250 - INFO - USB Event: {"timestamp": "2025-07-08T13:28:28.250385", "event_type": "mtp_file_transfer", "threat_level": "MEDIUM", "details": {}, "system_info": {"hostname": "LAPTOP-9N62H7OO", "user": "aayus"}, "event_data": {"device_id": "REG_VID_04E8&PID_6860&MS_COMP_MTP&SAMSUNG_Android", "device_name": "VID_04E8&PID_6860&MS_COMP_MTP&SAMSUNG_Android", "protocol": "MTP/PTP", "is_phone": true, "manufacturer": "Unknown", "transfer_type": "MTP_FILE_TRANSFER"}}
2025-07-08 13:28:29,829 - WARNING - Enhanced device detection failed, using fallback: winmgmts:.Win32_LogicalDisk
2025-07-08 13:28:30,325 - INFO - Event sent to Splunk successfully
2025-07-08 13:28:30,326 - INFO - MTP file transfer detected on VID_04E8&PID_6860&MS_COMP_MTP&SAMSUNG_Android
2025-07-08 13:28:30,915 - INFO - USB Event: {"timestamp": "2025-07-08T13:28:30.915449", "event_type": "mtp_file_transfer", "threat_level": "MEDIUM", "details": {}, "system_info": {"hostname": "LAPTOP-9N62H7OO", "user": "aayus"}, "event_data": {"device_id": "REG_##?#USB#VID_04E8&PID_6860&MS_COMP_MTP&SAMSUNG_Android#6&c70e816&2&0000#{6ac27878-a6fa-4155-ba85-f98f491d4f33}", "device_name": "##?#USB#VID_04E8&PID_6860&MS_COMP_MTP&SAMSUNG_Android#6&c70e816&2&0000#{6ac27878-a6fa-4155-ba85-f98f491d4f33}", "protocol": "MTP/PTP", "is_phone": true, "manufacturer": "Unknown", "transfer_type": "MTP_FILE_TRANSFER"}}
2025-07-08 13:28:31,833 - WARNING - Enhanced device detection failed, using fallback: winmgmts:.Win32_LogicalDisk
2025-07-08 13:28:32,994 - INFO - Event sent to Splunk successfully
2025-07-08 13:28:32,995 - INFO - MTP file transfer detected on ##?#USB#VID_04E8&PID_6860&MS_COMP_MTP&SAMSUNG_Android#6&c70e816&2&0000#{6ac27878-a6fa-4155-ba85-f98f491d4f33}
2025-07-08 13:28:33,836 - WARNING - Enhanced device detection failed, using fallback: winmgmts:.Win32_LogicalDisk
2025-07-08 13:28:35,841 - WARNING - Enhanced device detection failed, using fallback: winmgmts:.Win32_LogicalDisk
2025-07-08 13:28:37,845 - WARNING - Enhanced device detection failed, using fallback: winmgmts:.Win32_LogicalDisk
2025-07-08 13:28:39,849 - WARNING - Enhanced device detection failed, using fallback: winmgmts:.Win32_LogicalDisk
2025-07-08 13:28:41,852 - WARNING - Enhanced device detection failed, using fallback: winmgmts:.Win32_LogicalDisk
2025-07-08 13:28:43,855 - WARNING - Enhanced device detection failed, using fallback: winmgmts:.Win32_LogicalDisk
2025-07-08 13:28:45,860 - WARNING - Enhanced device detection failed, using fallback: winmgmts:.Win32_LogicalDisk
2025-07-08 13:28:47,863 - WARNING - Enhanced device detection failed, using fallback: winmgmts:.Win32_LogicalDisk
2025-07-08 13:28:49,867 - WARNING - Enhanced device detection failed, using fallback: winmgmts:.Win32_LogicalDisk
2025-07-08 13:28:51,872 - WARNING - Enhanced device detection failed, using fallback: winmgmts:.Win32_LogicalDisk
2025-07-08 13:28:53,877 - WARNING - Enhanced device detection failed, using fallback: winmgmts:.Win32_LogicalDisk
2025-07-08 13:28:55,881 - WARNING - Enhanced device detection failed, using fallback: winmgmts:.Win32_LogicalDisk
2025-07-08 13:28:57,885 - WARNING - Enhanced device detection failed, using fallback: winmgmts:.Win32_LogicalDisk
2025-07-08 13:28:59,888 - WARNING - Enhanced device detection failed, using fallback: winmgmts:.Win32_LogicalDisk
2025-07-08 13:29:01,893 - WARNING - Enhanced device detection failed, using fallback: winmgmts:.Win32_LogicalDisk
2025-07-08 13:29:03,899 - WARNING - Enhanced device detection failed, using fallback: winmgmts:.Win32_LogicalDisk
2025-07-08 13:29:05,904 - WARNING - Enhanced device detection failed, using fallback: winmgmts:.Win32_LogicalDisk
2025-07-08 13:29:07,908 - WARNING - Enhanced device detection failed, using fallback: winmgmts:.Win32_LogicalDisk
2025-07-08 13:29:09,912 - WARNING - Enhanced device detection failed, using fallback: winmgmts:.Win32_LogicalDisk
2025-07-08 13:29:11,917 - WARNING - Enhanced device detection failed, using fallback: winmgmts:.Win32_LogicalDisk
2025-07-08 13:29:11,925 - ERROR - Failed to save events: [Errno 22] Invalid argument: 'tmp/usb_monitor_data\\usb_events.json'
2025-07-08 13:29:13,928 - WARNING - Enhanced device detection failed, using fallback: winmgmts:.Win32_LogicalDisk
2025-07-08 13:29:13,933 - ERROR - Failed to save events: [Errno 22] Invalid argument: 'tmp/usb_monitor_data\\usb_events.json'
2025-07-08 13:29:14,231 - ERROR - Failed to save events: [Errno 22] Invalid argument: 'tmp/usb_monitor_data\\usb_events.json'
2025-07-08 13:29:15,934 - WARNING - Enhanced device detection failed, using fallback: winmgmts:.Win32_LogicalDisk
2025-07-08 13:29:15,936 - ERROR - Failed to save events: [Errno 22] Invalid argument: 'tmp/usb_monitor_data\\usb_events.json'
2025-07-08 13:29:17,955 - WARNING - Enhanced device detection failed, using fallback: winmgmts:.Win32_LogicalDisk
2025-07-08 13:29:18,014 - ERROR - Failed to save events: [Errno 22] Invalid argument: 'tmp/usb_monitor_data\\usb_events.json'
2025-07-08 13:29:20,040 - WARNING - Enhanced device detection failed, using fallback: winmgmts:.Win32_LogicalDisk
2025-07-08 13:29:20,043 - ERROR - Failed to save events: [Errno 22] Invalid argument: 'tmp/usb_monitor_data\\usb_events.json'
2025-07-08 13:29:22,044 - WARNING - Enhanced device detection failed, using fallback: winmgmts:.Win32_LogicalDisk
2025-07-08 13:29:24,048 - WARNING - Enhanced device detection failed, using fallback: winmgmts:.Win32_LogicalDisk
2025-07-08 13:29:26,053 - WARNING - Enhanced device detection failed, using fallback: winmgmts:.Win32_LogicalDisk
2025-07-08 13:29:28,057 - WARNING - Enhanced device detection failed, using fallback: winmgmts:.Win32_LogicalDisk
2025-07-08 13:29:30,062 - WARNING - Enhanced device detection failed, using fallback: winmgmts:.Win32_LogicalDisk
2025-07-08 13:29:32,067 - WARNING - Enhanced device detection failed, using fallback: winmgmts:.Win32_LogicalDisk
2025-07-08 13:29:34,071 - WARNING - Enhanced device detection failed, using fallback: winmgmts:.Win32_LogicalDisk
2025-07-08 13:29:36,076 - WARNING - Enhanced device detection failed, using fallback: winmgmts:.Win32_LogicalDisk
2025-07-08 13:29:38,080 - WARNING - Enhanced device detection failed, using fallback: winmgmts:.Win32_LogicalDisk
2025-07-08 13:29:40,085 - WARNING - Enhanced device detection failed, using fallback: winmgmts:.Win32_LogicalDisk
2025-07-08 13:29:42,089 - WARNING - Enhanced device detection failed, using fallback: winmgmts:.Win32_LogicalDisk
2025-07-08 13:29:44,092 - WARNING - Enhanced device detection failed, using fallback: winmgmts:.Win32_LogicalDisk
2025-07-08 13:29:46,097 - WARNING - Enhanced device detection failed, using fallback: winmgmts:.Win32_LogicalDisk
2025-07-08 13:29:48,100 - WARNING - Enhanced device detection failed, using fallback: winmgmts:.Win32_LogicalDisk
2025-07-08 13:29:50,106 - WARNING - Enhanced device detection failed, using fallback: winmgmts:.Win32_LogicalDisk
2025-07-08 13:29:52,109 - WARNING - Enhanced device detection failed, using fallback: winmgmts:.Win32_LogicalDisk
2025-07-08 13:29:54,114 - WARNING - Enhanced device detection failed, using fallback: winmgmts:.Win32_LogicalDisk
2025-07-08 13:29:56,119 - WARNING - Enhanced device detection failed, using fallback: winmgmts:.Win32_LogicalDisk
2025-07-08 13:29:58,123 - WARNING - Enhanced device detection failed, using fallback: winmgmts:.Win32_LogicalDisk
2025-07-08 13:29:59,340 - INFO - USB Event: {"timestamp": "2025-07-08T13:29:59.340148", "event_type": "mtp_file_transfer", "threat_level": "MEDIUM", "details": {}, "system_info": {"hostname": "LAPTOP-9N62H7OO", "user": "aayus"}, "event_data": {"device_id": "REG_VID_04E8&PID_6860&MS_COMP_MTP&SAMSUNG_Android", "device_name": "VID_04E8&PID_6860&MS_COMP_MTP&SAMSUNG_Android", "protocol": "MTP/PTP", "is_phone": true, "manufacturer": "Unknown", "transfer_type": "MTP_FILE_TRANSFER"}}
2025-07-08 13:30:00,127 - WARNING - Enhanced device detection failed, using fallback: winmgmts:.Win32_LogicalDisk
2025-07-08 13:30:01,499 - INFO - Event sent to Splunk successfully
2025-07-08 13:30:01,502 - INFO - MTP file transfer detected on VID_04E8&PID_6860&MS_COMP_MTP&SAMSUNG_Android
2025-07-08 13:30:02,134 - WARNING - Enhanced device detection failed, using fallback: winmgmts:.Win32_LogicalDisk
2025-07-08 13:30:02,139 - ERROR - Failed to save events: [Errno 22] Invalid argument: 'tmp/usb_monitor_data\\usb_events.json'
2025-07-08 13:30:03,728 - INFO - USB Event: {"timestamp": "2025-07-08T13:30:03.728620", "event_type": "mtp_file_transfer", "threat_level": "MEDIUM", "details": {}, "system_info": {"hostname": "LAPTOP-9N62H7OO", "user": "aayus"}, "event_data": {"device_id": "REG_##?#USB#VID_04E8&PID_6860&MS_COMP_MTP&SAMSUNG_Android#6&c70e816&2&0000#{6ac27878-a6fa-4155-ba85-f98f491d4f33}", "device_name": "##?#USB#VID_04E8&PID_6860&MS_COMP_MTP&SAMSUNG_Android#6&c70e816&2&0000#{6ac27878-a6fa-4155-ba85-f98f491d4f33}", "protocol": "MTP/PTP", "is_phone": true, "manufacturer": "Unknown", "transfer_type": "MTP_FILE_TRANSFER"}}
2025-07-08 13:30:04,141 - WARNING - Enhanced device detection failed, using fallback: winmgmts:.Win32_LogicalDisk
2025-07-08 13:30:04,145 - ERROR - Failed to save events: [Errno 22] Invalid argument: 'tmp/usb_monitor_data\\usb_events.json'
2025-07-08 13:30:05,831 - INFO - Event sent to Splunk successfully
2025-07-08 13:30:05,833 - INFO - MTP file transfer detected on ##?#USB#VID_04E8&PID_6860&MS_COMP_MTP&SAMSUNG_Android#6&c70e816&2&0000#{6ac27878-a6fa-4155-ba85-f98f491d4f33}
2025-07-08 13:30:06,147 - WARNING - Enhanced device detection failed, using fallback: winmgmts:.Win32_LogicalDisk
2025-07-08 13:30:08,151 - WARNING - Enhanced device detection failed, using fallback: winmgmts:.Win32_LogicalDisk
2025-07-08 13:30:10,154 - WARNING - Enhanced device detection failed, using fallback: winmgmts:.Win32_LogicalDisk
2025-07-08 13:30:12,160 - WARNING - Enhanced device detection failed, using fallback: winmgmts:.Win32_LogicalDisk
2025-07-08 13:30:14,165 - WARNING - Enhanced device detection failed, using fallback: winmgmts:.Win32_LogicalDisk
2025-07-08 13:30:14,169 - ERROR - Failed to save events: [Errno 22] Invalid argument: 'tmp/usb_monitor_data\\usb_events.json'
2025-07-08 13:30:16,170 - WARNING - Enhanced device detection failed, using fallback: winmgmts:.Win32_LogicalDisk
2025-07-08 13:30:16,174 - ERROR - Failed to save events: [Errno 22] Invalid argument: 'tmp/usb_monitor_data\\usb_events.json'
2025-07-08 13:30:18,176 - WARNING - Enhanced device detection failed, using fallback: winmgmts:.Win32_LogicalDisk
2025-07-08 13:30:18,178 - ERROR - Failed to save events: [Errno 22] Invalid argument: 'tmp/usb_monitor_data\\usb_events.json'
2025-07-08 13:30:20,180 - WARNING - Enhanced device detection failed, using fallback: winmgmts:.Win32_LogicalDisk
2025-07-08 13:30:20,183 - ERROR - Failed to save events: [Errno 22] Invalid argument: 'tmp/usb_monitor_data\\usb_events.json'
2025-07-08 13:30:22,185 - WARNING - Enhanced device detection failed, using fallback: winmgmts:.Win32_LogicalDisk
2025-07-08 13:30:22,187 - ERROR - Failed to save events: [Errno 22] Invalid argument: 'tmp/usb_monitor_data\\usb_events.json'
2025-07-08 13:30:24,188 - WARNING - Enhanced device detection failed, using fallback: winmgmts:.Win32_LogicalDisk
2025-07-08 13:30:24,190 - ERROR - Failed to save events: [Errno 22] Invalid argument: 'tmp/usb_monitor_data\\usb_events.json'
2025-07-08 13:30:26,192 - WARNING - Enhanced device detection failed, using fallback: winmgmts:.Win32_LogicalDisk
2025-07-08 13:30:28,197 - WARNING - Enhanced device detection failed, using fallback: winmgmts:.Win32_LogicalDisk
2025-07-08 13:30:30,202 - WARNING - Enhanced device detection failed, using fallback: winmgmts:.Win32_LogicalDisk
2025-07-08 13:30:32,207 - WARNING - Enhanced device detection failed, using fallback: winmgmts:.Win32_LogicalDisk
2025-07-08 13:30:34,211 - WARNING - Enhanced device detection failed, using fallback: winmgmts:.Win32_LogicalDisk
2025-07-08 13:30:34,215 - ERROR - Failed to save events: [Errno 22] Invalid argument: 'tmp/usb_monitor_data\\usb_events.json'
2025-07-08 13:30:36,217 - WARNING - Enhanced device detection failed, using fallback: winmgmts:.Win32_LogicalDisk
2025-07-08 13:30:36,220 - ERROR - Failed to save events: [Errno 22] Invalid argument: 'tmp/usb_monitor_data\\usb_events.json'
2025-07-08 13:30:38,222 - WARNING - Enhanced device detection failed, using fallback: winmgmts:.Win32_LogicalDisk
2025-07-08 13:30:40,227 - WARNING - Enhanced device detection failed, using fallback: winmgmts:.Win32_LogicalDisk
2025-07-08 13:30:42,231 - WARNING - Enhanced device detection failed, using fallback: winmgmts:.Win32_LogicalDisk
2025-07-08 13:30:44,236 - WARNING - Enhanced device detection failed, using fallback: winmgmts:.Win32_LogicalDisk
2025-07-08 13:30:44,242 - ERROR - Failed to save events: [Errno 22] Invalid argument: 'tmp/usb_monitor_data\\usb_events.json'
2025-07-08 13:30:46,247 - WARNING - Enhanced device detection failed, using fallback: winmgmts:.Win32_LogicalDisk
2025-07-08 13:30:48,251 - WARNING - Enhanced device detection failed, using fallback: winmgmts:.Win32_LogicalDisk
2025-07-08 13:30:50,256 - WARNING - Enhanced device detection failed, using fallback: winmgmts:.Win32_LogicalDisk
2025-07-08 13:30:52,262 - WARNING - Enhanced device detection failed, using fallback: winmgmts:.Win32_LogicalDisk
2025-07-08 13:30:52,265 - ERROR - Failed to save events: [Errno 22] Invalid argument: 'tmp/usb_monitor_data\\usb_events.json'
2025-07-08 13:30:54,266 - WARNING - Enhanced device detection failed, using fallback: winmgmts:.Win32_LogicalDisk
2025-07-08 13:30:54,271 - ERROR - Failed to save events: [Errno 22] Invalid argument: 'tmp/usb_monitor_data\\usb_events.json'
2025-07-08 13:30:56,274 - WARNING - Enhanced device detection failed, using fallback: winmgmts:.Win32_LogicalDisk
2025-07-08 13:30:58,280 - WARNING - Enhanced device detection failed, using fallback: winmgmts:.Win32_LogicalDisk
2025-07-08 13:31:00,284 - WARNING - Enhanced device detection failed, using fallback: winmgmts:.Win32_LogicalDisk
2025-07-08 13:31:00,288 - ERROR - Failed to save events: [Errno 22] Invalid argument: 'tmp/usb_monitor_data\\usb_events.json'
2025-07-08 13:31:02,290 - WARNING - Enhanced device detection failed, using fallback: winmgmts:.Win32_LogicalDisk
2025-07-08 13:31:04,297 - WARNING - Enhanced device detection failed, using fallback: winmgmts:.Win32_LogicalDisk
2025-07-08 13:31:04,299 - ERROR - Failed to save events: [Errno 22] Invalid argument: 'tmp/usb_monitor_data\\usb_events.json'
2025-07-08 13:31:06,301 - WARNING - Enhanced device detection failed, using fallback: winmgmts:.Win32_LogicalDisk
2025-07-08 13:31:06,305 - ERROR - Failed to save events: [Errno 22] Invalid argument: 'tmp/usb_monitor_data\\usb_events.json'
2025-07-08 13:31:08,308 - WARNING - Enhanced device detection failed, using fallback: winmgmts:.Win32_LogicalDisk
2025-07-08 13:31:08,310 - ERROR - Failed to save events: [Errno 22] Invalid argument: 'tmp/usb_monitor_data\\usb_events.json'
2025-07-08 13:31:10,312 - WARNING - Enhanced device detection failed, using fallback: winmgmts:.Win32_LogicalDisk
2025-07-08 13:31:10,314 - ERROR - Failed to save events: [Errno 22] Invalid argument: 'tmp/usb_monitor_data\\usb_events.json'
2025-07-08 13:31:12,327 - WARNING - Enhanced device detection failed, using fallback: winmgmts:.Win32_LogicalDisk
2025-07-08 13:31:14,361 - WARNING - Enhanced device detection failed, using fallback: winmgmts:.Win32_LogicalDisk
2025-07-08 13:31:14,403 - ERROR - Failed to save events: [Errno 22] Invalid argument: 'tmp/usb_monitor_data\\usb_events.json'
2025-07-08 13:31:16,405 - WARNING - Enhanced device detection failed, using fallback: winmgmts:.Win32_LogicalDisk
2025-07-08 13:31:16,407 - ERROR - Failed to save events: [Errno 22] Invalid argument: 'tmp/usb_monitor_data\\usb_events.json'
2025-07-08 13:31:18,452 - WARNING - Enhanced device detection failed, using fallback: winmgmts:.Win32_LogicalDisk
2025-07-08 13:31:20,550 - WARNING - Enhanced device detection failed, using fallback: winmgmts:.Win32_LogicalDisk
2025-07-08 13:31:20,554 - ERROR - Failed to save events: [Errno 22] Invalid argument: 'tmp/usb_monitor_data\\usb_events.json'
2025-07-08 13:31:22,557 - WARNING - Enhanced device detection failed, using fallback: winmgmts:.Win32_LogicalDisk
2025-07-08 13:31:24,566 - WARNING - Enhanced device detection failed, using fallback: winmgmts:.Win32_LogicalDisk
2025-07-08 13:31:24,569 - ERROR - Failed to save events: [Errno 22] Invalid argument: 'tmp/usb_monitor_data\\usb_events.json'
2025-07-08 13:31:26,571 - WARNING - Enhanced device detection failed, using fallback: winmgmts:.Win32_LogicalDisk
2025-07-08 13:31:26,573 - ERROR - Failed to save events: [Errno 22] Invalid argument: 'tmp/usb_monitor_data\\usb_events.json'
2025-07-08 13:31:28,576 - WARNING - Enhanced device detection failed, using fallback: winmgmts:.Win32_LogicalDisk
2025-07-08 13:31:28,584 - ERROR - Failed to save events: [Errno 22] Invalid argument: 'tmp/usb_monitor_data\\usb_events.json'
2025-07-08 13:31:30,587 - WARNING - Enhanced device detection failed, using fallback: winmgmts:.Win32_LogicalDisk
2025-07-08 13:31:30,589 - ERROR - Failed to save events: [Errno 22] Invalid argument: 'tmp/usb_monitor_data\\usb_events.json'
2025-07-08 13:31:32,592 - WARNING - Enhanced device detection failed, using fallback: winmgmts:.Win32_LogicalDisk
2025-07-08 13:31:32,594 - ERROR - Failed to save events: [Errno 22] Invalid argument: 'tmp/usb_monitor_data\\usb_events.json'
2025-07-08 13:31:34,596 - WARNING - Enhanced device detection failed, using fallback: winmgmts:.Win32_LogicalDisk
2025-07-08 13:31:36,601 - WARNING - Enhanced device detection failed, using fallback: winmgmts:.Win32_LogicalDisk
2025-07-08 13:31:36,604 - ERROR - Failed to save events: [Errno 22] Invalid argument: 'tmp/usb_monitor_data\\usb_events.json'
2025-07-08 13:31:38,606 - WARNING - Enhanced device detection failed, using fallback: winmgmts:.Win32_LogicalDisk
2025-07-08 13:31:40,610 - WARNING - Enhanced device detection failed, using fallback: winmgmts:.Win32_LogicalDisk
2025-07-08 13:31:42,614 - WARNING - Enhanced device detection failed, using fallback: winmgmts:.Win32_LogicalDisk
2025-07-08 13:31:44,617 - WARNING - Enhanced device detection failed, using fallback: winmgmts:.Win32_LogicalDisk
2025-07-08 13:31:46,621 - WARNING - Enhanced device detection failed, using fallback: winmgmts:.Win32_LogicalDisk
2025-07-08 13:31:48,625 - WARNING - Enhanced device detection failed, using fallback: winmgmts:.Win32_LogicalDisk
2025-07-08 13:31:50,631 - WARNING - Enhanced device detection failed, using fallback: winmgmts:.Win32_LogicalDisk
2025-07-08 13:31:52,635 - WARNING - Enhanced device detection failed, using fallback: winmgmts:.Win32_LogicalDisk
2025-07-08 13:31:54,640 - WARNING - Enhanced device detection failed, using fallback: winmgmts:.Win32_LogicalDisk
2025-07-08 13:31:56,645 - WARNING - Enhanced device detection failed, using fallback: winmgmts:.Win32_LogicalDisk
2025-07-08 13:31:58,778 - WARNING - Enhanced device detection failed, using fallback: winmgmts:.Win32_LogicalDisk
2025-07-08 13:32:00,784 - WARNING - Enhanced device detection failed, using fallback: winmgmts:.Win32_LogicalDisk
2025-07-08 13:32:02,789 - WARNING - Enhanced device detection failed, using fallback: winmgmts:.Win32_LogicalDisk
2025-07-08 13:32:04,783 - INFO - USB Event: {"timestamp": "2025-07-08T13:32:04.783917", "event_type": "mtp_file_transfer", "threat_level": "MEDIUM", "details": {}, "system_info": {"hostname": "LAPTOP-9N62H7OO", "user": "aayus"}, "event_data": {"device_id": "REG_VID_04E8&PID_6860&MS_COMP_MTP&SAMSUNG_Android", "device_name": "VID_04E8&PID_6860&MS_COMP_MTP&SAMSUNG_Android", "protocol": "MTP/PTP", "is_phone": true, "manufacturer": "Unknown", "transfer_type": "MTP_FILE_TRANSFER"}}
2025-07-08 13:32:04,794 - WARNING - Enhanced device detection failed, using fallback: winmgmts:.Win32_LogicalDisk
2025-07-08 13:32:06,808 - WARNING - Enhanced device detection failed, using fallback: winmgmts:.Win32_LogicalDisk
2025-07-08 13:32:06,868 - INFO - Event sent to Splunk successfully
2025-07-08 13:32:06,869 - INFO - MTP file transfer detected on VID_04E8&PID_6860&MS_COMP_MTP&SAMSUNG_Android
2025-07-08 13:32:07,551 - INFO - USB Event: {"timestamp": "2025-07-08T13:32:07.550095", "event_type": "mtp_file_transfer", "threat_level": "MEDIUM", "details": {}, "system_info": {"hostname": "LAPTOP-9N62H7OO", "user": "aayus"}, "event_data": {"device_id": "REG_##?#USB#VID_04E8&PID_6860&MS_COMP_MTP&SAMSUNG_Android#6&c70e816&2&0000#{6ac27878-a6fa-4155-ba85-f98f491d4f33}", "device_name": "##?#USB#VID_04E8&PID_6860&MS_COMP_MTP&SAMSUNG_Android#6&c70e816&2&0000#{6ac27878-a6fa-4155-ba85-f98f491d4f33}", "protocol": "MTP/PTP", "is_phone": true, "manufacturer": "Unknown", "transfer_type": "MTP_FILE_TRANSFER"}}
2025-07-08 13:32:08,814 - WARNING - Enhanced device detection failed, using fallback: winmgmts:.Win32_LogicalDisk
2025-07-08 13:32:09,655 - INFO - Event sent to Splunk successfully
2025-07-08 13:32:09,657 - INFO - MTP file transfer detected on ##?#USB#VID_04E8&PID_6860&MS_COMP_MTP&SAMSUNG_Android#6&c70e816&2&0000#{6ac27878-a6fa-4155-ba85-f98f491d4f33}
2025-07-08 13:32:10,818 - WARNING - Enhanced device detection failed, using fallback: winmgmts:.Win32_LogicalDisk
2025-07-08 13:32:12,822 - WARNING - Enhanced device detection failed, using fallback: winmgmts:.Win32_LogicalDisk
2025-07-08 13:32:14,855 - WARNING - Enhanced device detection failed, using fallback: winmgmts:.Win32_LogicalDisk
2025-07-08 13:32:16,873 - WARNING - Enhanced device detection failed, using fallback: winmgmts:.Win32_LogicalDisk
2025-07-08 13:32:18,879 - WARNING - Enhanced device detection failed, using fallback: winmgmts:.Win32_LogicalDisk
2025-07-08 13:32:18,886 - ERROR - Failed to save events: [Errno 22] Invalid argument: 'tmp/usb_monitor_data\\usb_events.json'
2025-07-08 13:32:20,906 - WARNING - Enhanced device detection failed, using fallback: winmgmts:.Win32_LogicalDisk
2025-07-08 13:32:20,914 - ERROR - Failed to save events: [Errno 22] Invalid argument: 'tmp/usb_monitor_data\\usb_events.json'
2025-07-08 13:32:22,950 - WARNING - Enhanced device detection failed, using fallback: winmgmts:.Win32_LogicalDisk
2025-07-08 13:32:23,011 - ERROR - Failed to save events: [Errno 22] Invalid argument: 'tmp/usb_monitor_data\\usb_events.json'
2025-07-08 13:32:25,102 - WARNING - Enhanced device detection failed, using fallback: winmgmts:.Win32_LogicalDisk
2025-07-08 13:32:27,110 - WARNING - Enhanced device detection failed, using fallback: winmgmts:.Win32_LogicalDisk
2025-07-08 13:32:27,114 - ERROR - Failed to save events: [Errno 22] Invalid argument: 'tmp/usb_monitor_data\\usb_events.json'
2025-07-08 13:32:29,116 - WARNING - Enhanced device detection failed, using fallback: winmgmts:.Win32_LogicalDisk
2025-07-08 13:32:31,121 - WARNING - Enhanced device detection failed, using fallback: winmgmts:.Win32_LogicalDisk
2025-07-08 13:32:33,127 - WARNING - Enhanced device detection failed, using fallback: winmgmts:.Win32_LogicalDisk
2025-07-08 13:32:35,130 - WARNING - Enhanced device detection failed, using fallback: winmgmts:.Win32_LogicalDisk
2025-07-08 13:32:37,138 - WARNING - Enhanced device detection failed, using fallback: winmgmts:.Win32_LogicalDisk
2025-07-08 13:32:39,142 - WARNING - Enhanced device detection failed, using fallback: winmgmts:.Win32_LogicalDisk
2025-07-08 13:32:41,145 - WARNING - Enhanced device detection failed, using fallback: winmgmts:.Win32_LogicalDisk
2025-07-08 13:32:43,149 - WARNING - Enhanced device detection failed, using fallback: winmgmts:.Win32_LogicalDisk
2025-07-08 13:32:45,154 - WARNING - Enhanced device detection failed, using fallback: winmgmts:.Win32_LogicalDisk
2025-07-08 13:32:47,160 - WARNING - Enhanced device detection failed, using fallback: winmgmts:.Win32_LogicalDisk
2025-07-08 13:32:49,166 - WARNING - Enhanced device detection failed, using fallback: winmgmts:.Win32_LogicalDisk
2025-07-08 13:32:51,171 - WARNING - Enhanced device detection failed, using fallback: winmgmts:.Win32_LogicalDisk
2025-07-08 13:32:53,180 - WARNING - Enhanced device detection failed, using fallback: winmgmts:.Win32_LogicalDisk
2025-07-08 13:32:53,196 - ERROR - Failed to save events: [Errno 22] Invalid argument: 'tmp/usb_monitor_data\\usb_events.json'
2025-07-08 13:32:55,206 - WARNING - Enhanced device detection failed, using fallback: winmgmts:.Win32_LogicalDisk
2025-07-08 13:32:55,209 - ERROR - Failed to save events: [Errno 22] Invalid argument: 'tmp/usb_monitor_data\\usb_events.json'
2025-07-08 13:32:57,211 - WARNING - Enhanced device detection failed, using fallback: winmgmts:.Win32_LogicalDisk
2025-07-08 13:32:57,213 - ERROR - Failed to save events: [Errno 22] Invalid argument: 'tmp/usb_monitor_data\\usb_events.json'
2025-07-08 13:32:59,215 - WARNING - Enhanced device detection failed, using fallback: winmgmts:.Win32_LogicalDisk
2025-07-08 13:33:01,219 - WARNING - Enhanced device detection failed, using fallback: winmgmts:.Win32_LogicalDisk
2025-07-08 13:33:03,227 - WARNING - Enhanced device detection failed, using fallback: winmgmts:.Win32_LogicalDisk
2025-07-08 13:33:03,234 - ERROR - Failed to save events: [Errno 22] Invalid argument: 'tmp/usb_monitor_data\\usb_events.json'
2025-07-08 13:33:05,240 - WARNING - Enhanced device detection failed, using fallback: winmgmts:.Win32_LogicalDisk
2025-07-08 13:33:07,259 - WARNING - Enhanced device detection failed, using fallback: winmgmts:.Win32_LogicalDisk
2025-07-08 13:33:07,262 - ERROR - Failed to save events: [Errno 22] Invalid argument: 'tmp/usb_monitor_data\\usb_events.json'
2025-07-08 13:33:09,264 - WARNING - Enhanced device detection failed, using fallback: winmgmts:.Win32_LogicalDisk
2025-07-08 13:33:11,269 - WARNING - Enhanced device detection failed, using fallback: winmgmts:.Win32_LogicalDisk
2025-07-08 13:33:13,283 - WARNING - Enhanced device detection failed, using fallback: winmgmts:.Win32_LogicalDisk
2025-07-08 13:33:15,344 - WARNING - Enhanced device detection failed, using fallback: winmgmts:.Win32_LogicalDisk
2025-07-08 13:33:17,373 - WARNING - Enhanced device detection failed, using fallback: winmgmts:.Win32_LogicalDisk
2025-07-08 13:33:17,413 - ERROR - Failed to save events: [Errno 22] Invalid argument: 'tmp/usb_monitor_data\\usb_events.json'
2025-07-08 13:33:19,461 - WARNING - Enhanced device detection failed, using fallback: winmgmts:.Win32_LogicalDisk
2025-07-08 13:33:21,509 - WARNING - Enhanced device detection failed, using fallback: winmgmts:.Win32_LogicalDisk
2025-07-08 13:33:21,511 - ERROR - Failed to save events: [Errno 22] Invalid argument: 'tmp/usb_monitor_data\\usb_events.json'
2025-07-08 13:33:23,513 - WARNING - Enhanced device detection failed, using fallback: winmgmts:.Win32_LogicalDisk
2025-07-08 13:33:23,525 - ERROR - Failed to save events: [Errno 22] Invalid argument: 'tmp/usb_monitor_data\\usb_events.json'
2025-07-08 13:33:25,529 - WARNING - Enhanced device detection failed, using fallback: winmgmts:.Win32_LogicalDisk
2025-07-08 13:33:27,534 - WARNING - Enhanced device detection failed, using fallback: winmgmts:.Win32_LogicalDisk
2025-07-08 13:33:29,542 - WARNING - Enhanced device detection failed, using fallback: winmgmts:.Win32_LogicalDisk
2025-07-08 13:33:31,550 - WARNING - Enhanced device detection failed, using fallback: winmgmts:.Win32_LogicalDisk
2025-07-08 13:33:33,656 - WARNING - Enhanced device detection failed, using fallback: winmgmts:.Win32_LogicalDisk
2025-07-08 13:33:35,699 - WARNING - Enhanced device detection failed, using fallback: winmgmts:.Win32_LogicalDisk
2025-07-08 13:33:37,707 - WARNING - Enhanced device detection failed, using fallback: winmgmts:.Win32_LogicalDisk
2025-07-08 13:33:37,711 - ERROR - Failed to save events: [Errno 22] Invalid argument: 'tmp/usb_monitor_data\\usb_events.json'
2025-07-08 13:33:39,713 - WARNING - Enhanced device detection failed, using fallback: winmgmts:.Win32_LogicalDisk
2025-07-08 13:33:41,827 - WARNING - Enhanced device detection failed, using fallback: winmgmts:.Win32_LogicalDisk
2025-07-08 13:33:43,833 - WARNING - Enhanced device detection failed, using fallback: winmgmts:.Win32_LogicalDisk
2025-07-08 13:33:45,839 - WARNING - Enhanced device detection failed, using fallback: winmgmts:.Win32_LogicalDisk
2025-07-08 13:33:47,847 - WARNING - Enhanced device detection failed, using fallback: winmgmts:.Win32_LogicalDisk
2025-07-08 13:33:49,854 - WARNING - Enhanced device detection failed, using fallback: winmgmts:.Win32_LogicalDisk
2025-07-08 13:33:49,859 - ERROR - Failed to save events: [Errno 22] Invalid argument: 'tmp/usb_monitor_data\\usb_events.json'
2025-07-08 13:33:51,862 - WARNING - Enhanced device detection failed, using fallback: winmgmts:.Win32_LogicalDisk
2025-07-08 13:33:51,867 - ERROR - Failed to save events: [Errno 22] Invalid argument: 'tmp/usb_monitor_data\\usb_events.json'
2025-07-08 13:33:53,870 - WARNING - Enhanced device detection failed, using fallback: winmgmts:.Win32_LogicalDisk
2025-07-08 13:33:55,876 - WARNING - Enhanced device detection failed, using fallback: winmgmts:.Win32_LogicalDisk
2025-07-08 13:33:55,879 - ERROR - Failed to save events: [Errno 22] Invalid argument: 'tmp/usb_monitor_data\\usb_events.json'
2025-07-08 13:33:57,882 - WARNING - Enhanced device detection failed, using fallback: winmgmts:.Win32_LogicalDisk
2025-07-08 13:33:57,884 - ERROR - Failed to save events: [Errno 22] Invalid argument: 'tmp/usb_monitor_data\\usb_events.json'
2025-07-08 13:33:59,889 - WARNING - Enhanced device detection failed, using fallback: winmgmts:.Win32_LogicalDisk
2025-07-08 13:33:59,909 - ERROR - Failed to save events: [Errno 22] Invalid argument: 'tmp/usb_monitor_data\\usb_events.json'
2025-07-08 13:34:01,921 - WARNING - Enhanced device detection failed, using fallback: winmgmts:.Win32_LogicalDisk
2025-07-08 13:34:03,932 - WARNING - Enhanced device detection failed, using fallback: winmgmts:.Win32_LogicalDisk
2025-07-08 13:34:03,944 - ERROR - Failed to save events: [Errno 22] Invalid argument: 'tmp/usb_monitor_data\\usb_events.json'
2025-07-08 13:34:05,955 - WARNING - Enhanced device detection failed, using fallback: winmgmts:.Win32_LogicalDisk
2025-07-08 13:34:05,956 - ERROR - Failed to save events: [Errno 22] Invalid argument: 'tmp/usb_monitor_data\\usb_events.json'
2025-07-08 13:34:07,958 - WARNING - Enhanced device detection failed, using fallback: winmgmts:.Win32_LogicalDisk
2025-07-08 13:34:07,963 - ERROR - Failed to save events: [Errno 22] Invalid argument: 'tmp/usb_monitor_data\\usb_events.json'
2025-07-08 13:34:09,966 - WARNING - Enhanced device detection failed, using fallback: winmgmts:.Win32_LogicalDisk
2025-07-08 13:34:12,005 - WARNING - Enhanced device detection failed, using fallback: winmgmts:.Win32_LogicalDisk
2025-07-08 13:34:14,099 - WARNING - Enhanced device detection failed, using fallback: winmgmts:.Win32_LogicalDisk
2025-07-08 13:34:16,130 - WARNING - Enhanced device detection failed, using fallback: winmgmts:.Win32_LogicalDisk
2025-07-08 13:34:18,139 - WARNING - Enhanced device detection failed, using fallback: winmgmts:.Win32_LogicalDisk
2025-07-08 13:34:19,130 - INFO - USB Event: {"timestamp": "2025-07-08T13:34:19.130603", "event_type": "mtp_file_transfer", "threat_level": "MEDIUM", "details": {}, "system_info": {"hostname": "LAPTOP-9N62H7OO", "user": "aayus"}, "event_data": {"device_id": "REG_VID_04E8&PID_6860&MS_COMP_MTP&SAMSUNG_Android", "device_name": "VID_04E8&PID_6860&MS_COMP_MTP&SAMSUNG_Android", "protocol": "MTP/PTP", "is_phone": true, "manufacturer": "Unknown", "transfer_type": "MTP_FILE_TRANSFER"}}
2025-07-08 13:34:20,150 - WARNING - Enhanced device detection failed, using fallback: winmgmts:.Win32_LogicalDisk
2025-07-08 13:34:20,160 - ERROR - Failed to save events: [Errno 22] Invalid argument: 'tmp/usb_monitor_data\\usb_events.json'
2025-07-08 13:34:21,664 - INFO - Event sent to Splunk successfully
2025-07-08 13:34:21,668 - INFO - MTP file transfer detected on VID_04E8&PID_6860&MS_COMP_MTP&SAMSUNG_Android
2025-07-08 13:34:22,169 - WARNING - Enhanced device detection failed, using fallback: winmgmts:.Win32_LogicalDisk
2025-07-08 13:34:23,862 - INFO - USB Event: {"timestamp": "2025-07-08T13:34:23.861755", "event_type": "mtp_file_transfer", "threat_level": "MEDIUM", "details": {}, "system_info": {"hostname": "LAPTOP-9N62H7OO", "user": "aayus"}, "event_data": {"device_id": "REG_##?#USB#VID_04E8&PID_6860&MS_COMP_MTP&SAMSUNG_Android#6&c70e816&2&0000#{6ac27878-a6fa-4155-ba85-f98f491d4f33}", "device_name": "##?#USB#VID_04E8&PID_6860&MS_COMP_MTP&SAMSUNG_Android#6&c70e816&2&0000#{6ac27878-a6fa-4155-ba85-f98f491d4f33}", "protocol": "MTP/PTP", "is_phone": true, "manufacturer": "Unknown", "transfer_type": "MTP_FILE_TRANSFER"}}
2025-07-08 13:34:24,180 - WARNING - Enhanced device detection failed, using fallback: winmgmts:.Win32_LogicalDisk
2025-07-08 13:34:26,014 - INFO - Event sent to Splunk successfully
2025-07-08 13:34:26,017 - INFO - MTP file transfer detected on ##?#USB#VID_04E8&PID_6860&MS_COMP_MTP&SAMSUNG_Android#6&c70e816&2&0000#{6ac27878-a6fa-4155-ba85-f98f491d4f33}
2025-07-08 13:34:26,209 - WARNING - Enhanced device detection failed, using fallback: winmgmts:.Win32_LogicalDisk
2025-07-08 13:34:26,213 - ERROR - Failed to save events: [Errno 22] Invalid argument: 'tmp/usb_monitor_data\\usb_events.json'
2025-07-08 13:34:28,217 - WARNING - Enhanced device detection failed, using fallback: winmgmts:.Win32_LogicalDisk
2025-07-08 13:34:28,232 - ERROR - Failed to save events: [Errno 22] Invalid argument: 'tmp/usb_monitor_data\\usb_events.json'
2025-07-08 13:34:30,246 - WARNING - Enhanced device detection failed, using fallback: winmgmts:.Win32_LogicalDisk
2025-07-08 13:34:32,343 - WARNING - Enhanced device detection failed, using fallback: winmgmts:.Win32_LogicalDisk
2025-07-08 13:34:34,382 - WARNING - Enhanced device detection failed, using fallback: winmgmts:.Win32_LogicalDisk
2025-07-08 13:34:36,397 - WARNING - Enhanced device detection failed, using fallback: winmgmts:.Win32_LogicalDisk
2025-07-08 13:34:36,410 - ERROR - Failed to save events: [Errno 22] Invalid argument: 'tmp/usb_monitor_data\\usb_events.json'
2025-07-08 13:34:38,418 - WARNING - Enhanced device detection failed, using fallback: winmgmts:.Win32_LogicalDisk
2025-07-08 13:34:40,433 - WARNING - Enhanced device detection failed, using fallback: winmgmts:.Win32_LogicalDisk
2025-07-08 13:34:42,476 - WARNING - Enhanced device detection failed, using fallback: winmgmts:.Win32_LogicalDisk
2025-07-08 13:34:44,486 - WARNING - Enhanced device detection failed, using fallback: winmgmts:.Win32_LogicalDisk
2025-07-08 13:34:44,494 - ERROR - Failed to save events: [Errno 22] Invalid argument: 'tmp/usb_monitor_data\\usb_events.json'
2025-07-08 13:34:46,499 - WARNING - Enhanced device detection failed, using fallback: winmgmts:.Win32_LogicalDisk
2025-07-08 13:34:48,508 - WARNING - Enhanced device detection failed, using fallback: winmgmts:.Win32_LogicalDisk
2025-07-08 13:34:48,515 - ERROR - Failed to save events: [Errno 22] Invalid argument: 'tmp/usb_monitor_data\\usb_events.json'
2025-07-08 13:34:50,522 - WARNING - Enhanced device detection failed, using fallback: winmgmts:.Win32_LogicalDisk
2025-07-08 13:34:52,544 - WARNING - Enhanced device detection failed, using fallback: winmgmts:.Win32_LogicalDisk
2025-07-08 13:34:52,582 - ERROR - Failed to save events: [Errno 22] Invalid argument: 'tmp/usb_monitor_data\\usb_events.json'
2025-07-08 13:34:54,599 - WARNING - Enhanced device detection failed, using fallback: winmgmts:.Win32_LogicalDisk
2025-07-08 13:34:56,611 - WARNING - Enhanced device detection failed, using fallback: winmgmts:.Win32_LogicalDisk
2025-07-08 13:34:56,618 - ERROR - Failed to save events: [Errno 22] Invalid argument: 'tmp/usb_monitor_data\\usb_events.json'
2025-07-08 13:34:58,630 - WARNING - Enhanced device detection failed, using fallback: winmgmts:.Win32_LogicalDisk
2025-07-08 13:35:00,649 - WARNING - Enhanced device detection failed, using fallback: winmgmts:.Win32_LogicalDisk
2025-07-08 13:35:00,769 - ERROR - Failed to save events: [Errno 22] Invalid argument: 'tmp/usb_monitor_data\\usb_events.json'
2025-07-08 13:35:02,828 - WARNING - Enhanced device detection failed, using fallback: winmgmts:.Win32_LogicalDisk
2025-07-08 13:35:02,835 - ERROR - Failed to save events: [Errno 22] Invalid argument: 'tmp/usb_monitor_data\\usb_events.json'
2025-07-08 13:35:04,875 - WARNING - Enhanced device detection failed, using fallback: winmgmts:.Win32_LogicalDisk
2025-07-08 13:35:07,014 - WARNING - Enhanced device detection failed, using fallback: winmgmts:.Win32_LogicalDisk
2025-07-08 13:35:09,068 - WARNING - Enhanced device detection failed, using fallback: winmgmts:.Win32_LogicalDisk
2025-07-08 13:35:09,083 - ERROR - Failed to save events: [Errno 22] Invalid argument: 'tmp/usb_monitor_data\\usb_events.json'
2025-07-08 13:35:11,091 - WARNING - Enhanced device detection failed, using fallback: winmgmts:.Win32_LogicalDisk
2025-07-08 13:35:13,116 - WARNING - Enhanced device detection failed, using fallback: winmgmts:.Win32_LogicalDisk
2025-07-08 13:35:15,144 - WARNING - Enhanced device detection failed, using fallback: winmgmts:.Win32_LogicalDisk
2025-07-08 13:35:17,161 - WARNING - Enhanced device detection failed, using fallback: winmgmts:.Win32_LogicalDisk
2025-07-08 13:35:17,172 - ERROR - Failed to save events: [Errno 22] Invalid argument: 'tmp/usb_monitor_data\\usb_events.json'
2025-07-08 13:35:19,186 - WARNING - Enhanced device detection failed, using fallback: winmgmts:.Win32_LogicalDisk
2025-07-08 13:35:21,209 - WARNING - Enhanced device detection failed, using fallback: winmgmts:.Win32_LogicalDisk
2025-07-08 13:35:23,233 - WARNING - Enhanced device detection failed, using fallback: winmgmts:.Win32_LogicalDisk
2025-07-08 13:35:23,237 - ERROR - Failed to save events: [Errno 22] Invalid argument: 'tmp/usb_monitor_data\\usb_events.json'
2025-07-08 13:35:25,239 - WARNING - Enhanced device detection failed, using fallback: winmgmts:.Win32_LogicalDisk
2025-07-08 13:35:27,246 - WARNING - Enhanced device detection failed, using fallback: winmgmts:.Win32_LogicalDisk
2025-07-08 13:35:29,252 - WARNING - Enhanced device detection failed, using fallback: winmgmts:.Win32_LogicalDisk
2025-07-08 13:35:29,255 - ERROR - Failed to save events: [Errno 22] Invalid argument: 'tmp/usb_monitor_data\\usb_events.json'
2025-07-08 13:35:31,259 - WARNING - Enhanced device detection failed, using fallback: winmgmts:.Win32_LogicalDisk
2025-07-08 13:35:31,266 - ERROR - Failed to save events: [Errno 22] Invalid argument: 'tmp/usb_monitor_data\\usb_events.json'
2025-07-08 13:35:33,269 - WARNING - Enhanced device detection failed, using fallback: winmgmts:.Win32_LogicalDisk
2025-07-08 13:35:33,275 - ERROR - Failed to save events: [Errno 22] Invalid argument: 'tmp/usb_monitor_data\\usb_events.json'
2025-07-08 13:35:35,304 - WARNING - Enhanced device detection failed, using fallback: winmgmts:.Win32_LogicalDisk
2025-07-08 13:35:37,382 - WARNING - Enhanced device detection failed, using fallback: winmgmts:.Win32_LogicalDisk
2025-07-08 13:35:39,397 - WARNING - Enhanced device detection failed, using fallback: winmgmts:.Win32_LogicalDisk
2025-07-08 13:35:39,400 - ERROR - Failed to save events: [Errno 22] Invalid argument: 'tmp/usb_monitor_data\\usb_events.json'
2025-07-08 13:35:41,402 - WARNING - Enhanced device detection failed, using fallback: winmgmts:.Win32_LogicalDisk
2025-07-08 13:35:41,409 - ERROR - Failed to save events: [Errno 22] Invalid argument: 'tmp/usb_monitor_data\\usb_events.json'
2025-07-08 13:35:43,416 - WARNING - Enhanced device detection failed, using fallback: winmgmts:.Win32_LogicalDisk
2025-07-08 13:35:43,420 - ERROR - Failed to save events: [Errno 22] Invalid argument: 'tmp/usb_monitor_data\\usb_events.json'
2025-07-08 13:35:45,423 - WARNING - Enhanced device detection failed, using fallback: winmgmts:.Win32_LogicalDisk
2025-07-08 13:35:47,430 - WARNING - Enhanced device detection failed, using fallback: winmgmts:.Win32_LogicalDisk
2025-07-08 13:35:49,438 - WARNING - Enhanced device detection failed, using fallback: winmgmts:.Win32_LogicalDisk
2025-07-08 13:35:49,442 - ERROR - Failed to save events: [Errno 22] Invalid argument: 'tmp/usb_monitor_data\\usb_events.json'
2025-07-08 13:35:51,447 - WARNING - Enhanced device detection failed, using fallback: winmgmts:.Win32_LogicalDisk
2025-07-08 13:35:53,453 - WARNING - Enhanced device detection failed, using fallback: winmgmts:.Win32_LogicalDisk
2025-07-08 13:35:53,456 - ERROR - Failed to save events: [Errno 22] Invalid argument: 'tmp/usb_monitor_data\\usb_events.json'
2025-07-08 13:35:55,458 - WARNING - Enhanced device detection failed, using fallback: winmgmts:.Win32_LogicalDisk
2025-07-08 13:35:55,467 - ERROR - Failed to save events: [Errno 22] Invalid argument: 'tmp/usb_monitor_data\\usb_events.json'
2025-07-08 13:35:57,472 - WARNING - Enhanced device detection failed, using fallback: winmgmts:.Win32_LogicalDisk
2025-07-08 13:35:59,478 - WARNING - Enhanced device detection failed, using fallback: winmgmts:.Win32_LogicalDisk
2025-07-08 13:36:01,483 - WARNING - Enhanced device detection failed, using fallback: winmgmts:.Win32_LogicalDisk
2025-07-08 13:36:01,491 - ERROR - Failed to save events: [Errno 22] Invalid argument: 'tmp/usb_monitor_data\\usb_events.json'
2025-07-08 13:36:03,495 - WARNING - Enhanced device detection failed, using fallback: winmgmts:.Win32_LogicalDisk
2025-07-08 13:36:03,500 - ERROR - Failed to save events: [Errno 22] Invalid argument: 'tmp/usb_monitor_data\\usb_events.json'
2025-07-08 13:36:05,501 - WARNING - Enhanced device detection failed, using fallback: winmgmts:.Win32_LogicalDisk
2025-07-08 13:36:07,506 - WARNING - Enhanced device detection failed, using fallback: winmgmts:.Win32_LogicalDisk
2025-07-08 13:36:07,511 - ERROR - Failed to save events: [Errno 22] Invalid argument: 'tmp/usb_monitor_data\\usb_events.json'
2025-07-08 13:36:09,513 - WARNING - Enhanced device detection failed, using fallback: winmgmts:.Win32_LogicalDisk
2025-07-08 13:36:09,517 - ERROR - Failed to save events: [Errno 22] Invalid argument: 'tmp/usb_monitor_data\\usb_events.json'
2025-07-08 13:36:11,523 - WARNING - Enhanced device detection failed, using fallback: winmgmts:.Win32_LogicalDisk
2025-07-08 13:36:13,543 - WARNING - Enhanced device detection failed, using fallback: winmgmts:.Win32_LogicalDisk
2025-07-08 13:36:13,552 - ERROR - Failed to save events: [Errno 22] Invalid argument: 'tmp/usb_monitor_data\\usb_events.json'
2025-07-08 13:36:15,580 - WARNING - Enhanced device detection failed, using fallback: winmgmts:.Win32_LogicalDisk
2025-07-08 13:36:17,603 - WARNING - Enhanced device detection failed, using fallback: winmgmts:.Win32_LogicalDisk
2025-07-08 13:36:19,611 - WARNING - Enhanced device detection failed, using fallback: winmgmts:.Win32_LogicalDisk
2025-07-08 13:36:19,615 - ERROR - Failed to save events: [Errno 22] Invalid argument: 'tmp/usb_monitor_data\\usb_events.json'
2025-07-08 13:36:21,621 - WARNING - Enhanced device detection failed, using fallback: winmgmts:.Win32_LogicalDisk
2025-07-08 13:36:21,632 - ERROR - Failed to save events: [Errno 22] Invalid argument: 'tmp/usb_monitor_data\\usb_events.json'
2025-07-08 13:36:23,640 - WARNING - Enhanced device detection failed, using fallback: winmgmts:.Win32_LogicalDisk
2025-07-08 13:36:23,644 - ERROR - Failed to save events: [Errno 22] Invalid argument: 'tmp/usb_monitor_data\\usb_events.json'
2025-07-08 13:36:25,649 - WARNING - Enhanced device detection failed, using fallback: winmgmts:.Win32_LogicalDisk
2025-07-08 13:36:25,652 - ERROR - Failed to save events: [Errno 22] Invalid argument: 'tmp/usb_monitor_data\\usb_events.json'
2025-07-08 13:36:27,655 - WARNING - Enhanced device detection failed, using fallback: winmgmts:.Win32_LogicalDisk
2025-07-08 13:36:27,660 - ERROR - Failed to save events: [Errno 22] Invalid argument: 'tmp/usb_monitor_data\\usb_events.json'
2025-07-08 13:36:29,662 - WARNING - Enhanced device detection failed, using fallback: winmgmts:.Win32_LogicalDisk
2025-07-08 13:36:29,665 - ERROR - Failed to save events: [Errno 22] Invalid argument: 'tmp/usb_monitor_data\\usb_events.json'
2025-07-08 13:36:31,667 - WARNING - Enhanced device detection failed, using fallback: winmgmts:.Win32_LogicalDisk
2025-07-08 13:36:33,674 - WARNING - Enhanced device detection failed, using fallback: winmgmts:.Win32_LogicalDisk
2025-07-08 13:36:35,680 - WARNING - Enhanced device detection failed, using fallback: winmgmts:.Win32_LogicalDisk
2025-07-08 13:36:35,684 - ERROR - Failed to save events: [Errno 22] Invalid argument: 'tmp/usb_monitor_data\\usb_events.json'
2025-07-08 13:36:37,689 - WARNING - Enhanced device detection failed, using fallback: winmgmts:.Win32_LogicalDisk
2025-07-08 13:36:37,693 - ERROR - Failed to save events: [Errno 22] Invalid argument: 'tmp/usb_monitor_data\\usb_events.json'
2025-07-08 13:36:39,698 - WARNING - Enhanced device detection failed, using fallback: winmgmts:.Win32_LogicalDisk
2025-07-08 13:36:39,700 - ERROR - Failed to save events: [Errno 22] Invalid argument: 'tmp/usb_monitor_data\\usb_events.json'
2025-07-08 13:36:41,702 - WARNING - Enhanced device detection failed, using fallback: winmgmts:.Win32_LogicalDisk
2025-07-08 13:36:41,705 - ERROR - Failed to save events: [Errno 22] Invalid argument: 'tmp/usb_monitor_data\\usb_events.json'
2025-07-08 13:36:43,708 - WARNING - Enhanced device detection failed, using fallback: winmgmts:.Win32_LogicalDisk
2025-07-08 13:36:45,716 - WARNING - Enhanced device detection failed, using fallback: winmgmts:.Win32_LogicalDisk
2025-07-08 13:36:47,721 - WARNING - Enhanced device detection failed, using fallback: winmgmts:.Win32_LogicalDisk
2025-07-08 13:36:49,727 - WARNING - Enhanced device detection failed, using fallback: winmgmts:.Win32_LogicalDisk
2025-07-08 13:36:51,733 - WARNING - Enhanced device detection failed, using fallback: winmgmts:.Win32_LogicalDisk
2025-07-08 13:36:53,741 - WARNING - Enhanced device detection failed, using fallback: winmgmts:.Win32_LogicalDisk
2025-07-08 13:36:53,744 - ERROR - Failed to save events: [Errno 22] Invalid argument: 'tmp/usb_monitor_data\\usb_events.json'
2025-07-08 13:36:55,747 - WARNING - Enhanced device detection failed, using fallback: winmgmts:.Win32_LogicalDisk
2025-07-08 13:36:57,751 - WARNING - Enhanced device detection failed, using fallback: winmgmts:.Win32_LogicalDisk
2025-07-08 13:36:59,758 - WARNING - Enhanced device detection failed, using fallback: winmgmts:.Win32_LogicalDisk
2025-07-08 13:37:01,763 - WARNING - Enhanced device detection failed, using fallback: winmgmts:.Win32_LogicalDisk
2025-07-08 13:37:01,766 - ERROR - Failed to save events: [Errno 22] Invalid argument: 'tmp/usb_monitor_data\\usb_events.json'
2025-07-08 13:37:03,768 - WARNING - Enhanced device detection failed, using fallback: winmgmts:.Win32_LogicalDisk
2025-07-08 13:37:03,771 - ERROR - Failed to save events: [Errno 22] Invalid argument: 'tmp/usb_monitor_data\\usb_events.json'
2025-07-08 13:37:05,774 - WARNING - Enhanced device detection failed, using fallback: winmgmts:.Win32_LogicalDisk
2025-07-08 13:37:07,798 - WARNING - Enhanced device detection failed, using fallback: winmgmts:.Win32_LogicalDisk
2025-07-08 13:37:07,853 - ERROR - Failed to save events: [Errno 22] Invalid argument: 'tmp/usb_monitor_data\\usb_events.json'
2025-07-08 13:37:09,902 - WARNING - Enhanced device detection failed, using fallback: winmgmts:.Win32_LogicalDisk
2025-07-08 13:37:11,946 - WARNING - Enhanced device detection failed, using fallback: winmgmts:.Win32_LogicalDisk
2025-07-08 13:37:14,164 - WARNING - Enhanced device detection failed, using fallback: winmgmts:.Win32_LogicalDisk
2025-07-08 13:37:14,210 - ERROR - Failed to save events: [Errno 22] Invalid argument: 'tmp/usb_monitor_data\\usb_events.json'
2025-07-08 13:37:15,050 - INFO - USB Event: {"timestamp": "2025-07-08T13:37:15.049111", "event_type": "mtp_file_transfer", "threat_level": "MEDIUM", "details": {}, "system_info": {"hostname": "LAPTOP-9N62H7OO", "user": "aayus"}, "event_data": {"device_id": "REG_VID_04E8&PID_6860&MS_COMP_MTP&SAMSUNG_Android", "device_name": "VID_04E8&PID_6860&MS_COMP_MTP&SAMSUNG_Android", "protocol": "MTP/PTP", "is_phone": true, "manufacturer": "Unknown", "transfer_type": "MTP_FILE_TRANSFER"}}
2025-07-08 13:37:16,250 - WARNING - Enhanced device detection failed, using fallback: winmgmts:.Win32_LogicalDisk
2025-07-08 13:37:17,537 - INFO - Event sent to Splunk successfully
2025-07-08 13:37:17,552 - INFO - MTP file transfer detected on VID_04E8&PID_6860&MS_COMP_MTP&SAMSUNG_Android
2025-07-08 13:37:18,267 - WARNING - Enhanced device detection failed, using fallback: winmgmts:.Win32_LogicalDisk
2025-07-08 13:37:19,675 - INFO - USB Event: {"timestamp": "2025-07-08T13:37:19.675586", "event_type": "mtp_file_transfer", "threat_level": "MEDIUM", "details": {}, "system_info": {"hostname": "LAPTOP-9N62H7OO", "user": "aayus"}, "event_data": {"device_id": "REG_##?#USB#VID_04E8&PID_6860&MS_COMP_MTP&SAMSUNG_Android#6&c70e816&2&0000#{6ac27878-a6fa-4155-ba85-f98f491d4f33}", "device_name": "##?#USB#VID_04E8&PID_6860&MS_COMP_MTP&SAMSUNG_Android#6&c70e816&2&0000#{6ac27878-a6fa-4155-ba85-f98f491d4f33}", "protocol": "MTP/PTP", "is_phone": true, "manufacturer": "Unknown", "transfer_type": "MTP_FILE_TRANSFER"}}
2025-07-08 13:37:20,294 - WARNING - Enhanced device detection failed, using fallback: winmgmts:.Win32_LogicalDisk
2025-07-08 13:37:21,830 - INFO - Event sent to Splunk successfully
2025-07-08 13:37:21,833 - INFO - MTP file transfer detected on ##?#USB#VID_04E8&PID_6860&MS_COMP_MTP&SAMSUNG_Android#6&c70e816&2&0000#{6ac27878-a6fa-4155-ba85-f98f491d4f33}
2025-07-08 13:37:22,306 - WARNING - Enhanced device detection failed, using fallback: winmgmts:.Win32_LogicalDisk
2025-07-08 13:37:24,321 - WARNING - Enhanced device detection failed, using fallback: winmgmts:.Win32_LogicalDisk
2025-07-08 13:37:26,347 - WARNING - Enhanced device detection failed, using fallback: winmgmts:.Win32_LogicalDisk
2025-07-08 13:37:28,354 - WARNING - Enhanced device detection failed, using fallback: winmgmts:.Win32_LogicalDisk
2025-07-08 13:37:28,366 - ERROR - Failed to save events: [Errno 22] Invalid argument: 'tmp/usb_monitor_data\\usb_events.json'
2025-07-08 13:37:30,381 - WARNING - Enhanced device detection failed, using fallback: winmgmts:.Win32_LogicalDisk
2025-07-08 13:37:32,424 - WARNING - Enhanced device detection failed, using fallback: winmgmts:.Win32_LogicalDisk
2025-07-08 13:37:32,430 - ERROR - Failed to save events: [Errno 22] Invalid argument: 'tmp/usb_monitor_data\\usb_events.json'
2025-07-08 13:37:34,433 - WARNING - Enhanced device detection failed, using fallback: winmgmts:.Win32_LogicalDisk
2025-07-08 13:37:34,435 - ERROR - Failed to save events: [Errno 22] Invalid argument: 'tmp/usb_monitor_data\\usb_events.json'
2025-07-08 13:37:36,441 - WARNING - Enhanced device detection failed, using fallback: winmgmts:.Win32_LogicalDisk
2025-07-08 13:37:38,472 - WARNING - Enhanced device detection failed, using fallback: winmgmts:.Win32_LogicalDisk
2025-07-08 13:37:40,477 - WARNING - Enhanced device detection failed, using fallback: winmgmts:.Win32_LogicalDisk
2025-07-08 13:37:40,480 - ERROR - Failed to save events: [Errno 22] Invalid argument: 'tmp/usb_monitor_data\\usb_events.json'
2025-07-08 13:37:42,483 - WARNING - Enhanced device detection failed, using fallback: winmgmts:.Win32_LogicalDisk
2025-07-08 13:37:42,485 - ERROR - Failed to save events: [Errno 22] Invalid argument: 'tmp/usb_monitor_data\\usb_events.json'
2025-07-08 13:37:44,494 - WARNING - Enhanced device detection failed, using fallback: winmgmts:.Win32_LogicalDisk
2025-07-08 13:37:46,541 - WARNING - Enhanced device detection failed, using fallback: winmgmts:.Win32_LogicalDisk
2025-07-08 13:37:48,547 - WARNING - Enhanced device detection failed, using fallback: winmgmts:.Win32_LogicalDisk
2025-07-08 13:37:48,552 - ERROR - Failed to save events: [Errno 22] Invalid argument: 'tmp/usb_monitor_data\\usb_events.json'
2025-07-08 13:37:50,554 - WARNING - Enhanced device detection failed, using fallback: winmgmts:.Win32_LogicalDisk
2025-07-08 13:37:50,558 - ERROR - Failed to save events: [Errno 22] Invalid argument: 'tmp/usb_monitor_data\\usb_events.json'
2025-07-08 13:37:52,565 - WARNING - Enhanced device detection failed, using fallback: winmgmts:.Win32_LogicalDisk
2025-07-08 13:37:52,574 - ERROR - Failed to save events: [Errno 22] Invalid argument: 'tmp/usb_monitor_data\\usb_events.json'
2025-07-08 13:37:54,583 - WARNING - Enhanced device detection failed, using fallback: winmgmts:.Win32_LogicalDisk
2025-07-08 13:37:56,588 - WARNING - Enhanced device detection failed, using fallback: winmgmts:.Win32_LogicalDisk
2025-07-08 13:37:56,591 - ERROR - Failed to save events: [Errno 22] Invalid argument: 'tmp/usb_monitor_data\\usb_events.json'
2025-07-08 13:37:58,594 - WARNING - Enhanced device detection failed, using fallback: winmgmts:.Win32_LogicalDisk
2025-07-08 13:38:00,601 - WARNING - Enhanced device detection failed, using fallback: winmgmts:.Win32_LogicalDisk
2025-07-08 13:38:00,619 - ERROR - Failed to save events: [Errno 22] Invalid argument: 'tmp/usb_monitor_data\\usb_events.json'
2025-07-08 13:38:02,631 - WARNING - Enhanced device detection failed, using fallback: winmgmts:.Win32_LogicalDisk
2025-07-08 13:38:04,639 - WARNING - Enhanced device detection failed, using fallback: winmgmts:.Win32_LogicalDisk
2025-07-08 13:38:04,645 - ERROR - Failed to save events: [Errno 22] Invalid argument: 'tmp/usb_monitor_data\\usb_events.json'
2025-07-08 13:38:06,652 - WARNING - Enhanced device detection failed, using fallback: winmgmts:.Win32_LogicalDisk
2025-07-08 13:38:08,664 - WARNING - Enhanced device detection failed, using fallback: winmgmts:.Win32_LogicalDisk
2025-07-08 13:38:10,673 - WARNING - Enhanced device detection failed, using fallback: winmgmts:.Win32_LogicalDisk
2025-07-08 13:38:12,718 - WARNING - Enhanced device detection failed, using fallback: winmgmts:.Win32_LogicalDisk
2025-07-08 13:38:14,769 - WARNING - Enhanced device detection failed, using fallback: winmgmts:.Win32_LogicalDisk
2025-07-08 13:38:16,783 - WARNING - Enhanced device detection failed, using fallback: winmgmts:.Win32_LogicalDisk
2025-07-08 13:38:18,792 - WARNING - Enhanced device detection failed, using fallback: winmgmts:.Win32_LogicalDisk
2025-07-08 13:38:20,802 - WARNING - Enhanced device detection failed, using fallback: winmgmts:.Win32_LogicalDisk
2025-07-08 13:38:20,817 - ERROR - Failed to save events: [Errno 22] Invalid argument: 'tmp/usb_monitor_data\\usb_events.json'
2025-07-08 13:38:22,828 - WARNING - Enhanced device detection failed, using fallback: winmgmts:.Win32_LogicalDisk
2025-07-08 13:38:24,848 - WARNING - Enhanced device detection failed, using fallback: winmgmts:.Win32_LogicalDisk
2025-07-08 13:38:24,871 - ERROR - Failed to save events: [Errno 22] Invalid argument: 'tmp/usb_monitor_data\\usb_events.json'
2025-07-08 13:38:26,888 - WARNING - Enhanced device detection failed, using fallback: winmgmts:.Win32_LogicalDisk
2025-07-08 13:38:28,894 - WARNING - Enhanced device detection failed, using fallback: winmgmts:.Win32_LogicalDisk
2025-07-08 13:38:28,901 - ERROR - Failed to save events: [Errno 22] Invalid argument: 'tmp/usb_monitor_data\\usb_events.json'
2025-07-08 13:38:30,903 - WARNING - Enhanced device detection failed, using fallback: winmgmts:.Win32_LogicalDisk
2025-07-08 13:38:32,910 - WARNING - Enhanced device detection failed, using fallback: winmgmts:.Win32_LogicalDisk
2025-07-08 13:38:34,978 - WARNING - Enhanced device detection failed, using fallback: winmgmts:.Win32_LogicalDisk
2025-07-08 13:38:35,133 - ERROR - Failed to save events: [Errno 22] Invalid argument: 'tmp/usb_monitor_data\\usb_events.json'
2025-07-08 13:38:37,224 - WARNING - Enhanced device detection failed, using fallback: winmgmts:.Win32_LogicalDisk
2025-07-08 13:38:37,256 - ERROR - Failed to save events: [Errno 22] Invalid argument: 'tmp/usb_monitor_data\\usb_events.json'
2025-07-08 13:38:39,291 - WARNING - Enhanced device detection failed, using fallback: winmgmts:.Win32_LogicalDisk
2025-07-08 13:38:41,299 - WARNING - Enhanced device detection failed, using fallback: winmgmts:.Win32_LogicalDisk
2025-07-08 13:38:41,304 - ERROR - Failed to save events: [Errno 22] Invalid argument: 'tmp/usb_monitor_data\\usb_events.json'
2025-07-08 13:38:43,311 - WARNING - Enhanced device detection failed, using fallback: winmgmts:.Win32_LogicalDisk
2025-07-08 13:38:45,320 - WARNING - Enhanced device detection failed, using fallback: winmgmts:.Win32_LogicalDisk
2025-07-08 13:38:45,326 - ERROR - Failed to save events: [Errno 22] Invalid argument: 'tmp/usb_monitor_data\\usb_events.json'
2025-07-08 13:38:47,330 - WARNING - Enhanced device detection failed, using fallback: winmgmts:.Win32_LogicalDisk
2025-07-08 13:38:49,335 - WARNING - Enhanced device detection failed, using fallback: winmgmts:.Win32_LogicalDisk
2025-07-08 13:38:49,347 - ERROR - Failed to save events: [Errno 22] Invalid argument: 'tmp/usb_monitor_data\\usb_events.json'
2025-07-08 13:38:51,353 - WARNING - Enhanced device detection failed, using fallback: winmgmts:.Win32_LogicalDisk
2025-07-08 13:38:51,355 - ERROR - Failed to save events: [Errno 22] Invalid argument: 'tmp/usb_monitor_data\\usb_events.json'
2025-07-08 13:38:53,358 - WARNING - Enhanced device detection failed, using fallback: winmgmts:.Win32_LogicalDisk
2025-07-08 13:38:53,360 - ERROR - Failed to save events: [Errno 22] Invalid argument: 'tmp/usb_monitor_data\\usb_events.json'
2025-07-08 13:38:55,361 - WARNING - Enhanced device detection failed, using fallback: winmgmts:.Win32_LogicalDisk
2025-07-08 13:38:57,367 - WARNING - Enhanced device detection failed, using fallback: winmgmts:.Win32_LogicalDisk
2025-07-08 13:38:57,369 - ERROR - Failed to save events: [Errno 22] Invalid argument: 'tmp/usb_monitor_data\\usb_events.json'
2025-07-08 13:38:59,371 - WARNING - Enhanced device detection failed, using fallback: winmgmts:.Win32_LogicalDisk
2025-07-08 13:39:01,383 - WARNING - Enhanced device detection failed, using fallback: winmgmts:.Win32_LogicalDisk
2025-07-08 13:39:01,400 - ERROR - Failed to save events: [Errno 22] Invalid argument: 'tmp/usb_monitor_data\\usb_events.json'
2025-07-08 13:39:03,408 - WARNING - Enhanced device detection failed, using fallback: winmgmts:.Win32_LogicalDisk
2025-07-08 13:39:03,412 - ERROR - Failed to save events: [Errno 22] Invalid argument: 'tmp/usb_monitor_data\\usb_events.json'
2025-07-08 13:39:05,432 - WARNING - Enhanced device detection failed, using fallback: winmgmts:.Win32_LogicalDisk
2025-07-08 13:39:07,480 - WARNING - Enhanced device detection failed, using fallback: winmgmts:.Win32_LogicalDisk
2025-07-08 13:39:09,563 - WARNING - Enhanced device detection failed, using fallback: winmgmts:.Win32_LogicalDisk
2025-07-08 13:39:09,884 - ERROR - Failed to save events: [Errno 22] Invalid argument: 'tmp/usb_monitor_data\\usb_events.json'
2025-07-08 13:39:12,057 - WARNING - Enhanced device detection failed, using fallback: winmgmts:.Win32_LogicalDisk
2025-07-08 13:39:14,192 - WARNING - Enhanced device detection failed, using fallback: winmgmts:.Win32_LogicalDisk
2025-07-08 13:39:16,215 - WARNING - Enhanced device detection failed, using fallback: winmgmts:.Win32_LogicalDisk
2025-07-08 13:39:18,265 - WARNING - Enhanced device detection failed, using fallback: winmgmts:.Win32_LogicalDisk
2025-07-08 13:39:20,292 - WARNING - Enhanced device detection failed, using fallback: winmgmts:.Win32_LogicalDisk
2025-07-08 13:39:22,371 - WARNING - Enhanced device detection failed, using fallback: winmgmts:.Win32_LogicalDisk
2025-07-08 13:39:24,668 - WARNING - Enhanced device detection failed, using fallback: winmgmts:.Win32_LogicalDisk
2025-07-08 13:39:27,132 - WARNING - Enhanced device detection failed, using fallback: winmgmts:.Win32_LogicalDisk
2025-07-08 13:39:29,152 - WARNING - Enhanced device detection failed, using fallback: winmgmts:.Win32_LogicalDisk
2025-07-08 13:39:29,159 - ERROR - Failed to save events: [Errno 22] Invalid argument: 'tmp/usb_monitor_data\\usb_events.json'
2025-07-08 13:39:31,231 - WARNING - Enhanced device detection failed, using fallback: winmgmts:.Win32_LogicalDisk
2025-07-08 13:39:33,383 - WARNING - Enhanced device detection failed, using fallback: winmgmts:.Win32_LogicalDisk
2025-07-08 17:05:03,617 - WARNING - Enhanced device detection failed, using fallback: winmgmts:.Win32_LogicalDisk
2025-07-08 17:05:05,626 - WARNING - Enhanced device detection failed, using fallback: winmgmts:.Win32_LogicalDisk
2025-07-08 17:05:07,772 - WARNING - Enhanced device detection failed, using fallback: winmgmts:.Win32_LogicalDisk
2025-07-08 17:05:09,794 - WARNING - Enhanced device detection failed, using fallback: winmgmts:.Win32_LogicalDisk
2025-07-08 17:05:11,810 - WARNING - Enhanced device detection failed, using fallback: winmgmts:.Win32_LogicalDisk
2025-07-08 17:05:13,819 - WARNING - Enhanced device detection failed, using fallback: winmgmts:.Win32_LogicalDisk
2025-07-08 17:05:16,173 - WARNING - Enhanced device detection failed, using fallback: winmgmts:.Win32_LogicalDisk
2025-07-08 17:05:18,216 - WARNING - Enhanced device detection failed, using fallback: winmgmts:.Win32_LogicalDisk
2025-07-08 17:05:20,221 - WARNING - Enhanced device detection failed, using fallback: winmgmts:.Win32_LogicalDisk
2025-07-08 17:05:22,224 - WARNING - Enhanced device detection failed, using fallback: winmgmts:.Win32_LogicalDisk
2025-07-08 17:05:24,227 - WARNING - Enhanced device detection failed, using fallback: winmgmts:.Win32_LogicalDisk
2025-07-08 17:05:26,229 - WARNING - Enhanced device detection failed, using fallback: winmgmts:.Win32_LogicalDisk
2025-07-08 17:05:28,236 - WARNING - Enhanced device detection failed, using fallback: winmgmts:.Win32_LogicalDisk
2025-07-08 17:05:29,389 - INFO - USB Event: {"timestamp": "2025-07-08T17:05:29.387085", "event_type": "mtp_file_transfer", "threat_level": "MEDIUM", "details": {}, "system_info": {"hostname": "LAPTOP-9N62H7OO", "user": "aayus"}, "event_data": {"device_id": "REG_VID_04E8&PID_6860&MS_COMP_MTP&SAMSUNG_Android", "device_name": "VID_04E8&PID_6860&MS_COMP_MTP&SAMSUNG_Android", "protocol": "MTP/PTP", "is_phone": true, "manufacturer": "Unknown", "transfer_type": "MTP_FILE_TRANSFER"}}
2025-07-08 17:05:30,238 - WARNING - Enhanced device detection failed, using fallback: winmgmts:.Win32_LogicalDisk
2025-07-08 17:05:31,609 - INFO - Event sent to Splunk successfully
2025-07-08 17:05:31,611 - INFO - MTP file transfer detected on VID_04E8&PID_6860&MS_COMP_MTP&SAMSUNG_Android
2025-07-08 17:05:31,900 - INFO - USB Event: {"timestamp": "2025-07-08T17:05:31.900799", "event_type": "mtp_file_transfer", "threat_level": "MEDIUM", "details": {}, "system_info": {"hostname": "LAPTOP-9N62H7OO", "user": "aayus"}, "event_data": {"device_id": "REG_##?#USB#VID_04E8&PID_6860&MS_COMP_MTP&SAMSUNG_Android#6&c70e816&2&0000#{6ac27878-a6fa-4155-ba85-f98f491d4f33}", "device_name": "##?#USB#VID_04E8&PID_6860&MS_COMP_MTP&SAMSUNG_Android#6&c70e816&2&0000#{6ac27878-a6fa-4155-ba85-f98f491d4f33}", "protocol": "MTP/PTP", "is_phone": true, "manufacturer": "Unknown", "transfer_type": "MTP_FILE_TRANSFER"}}
2025-07-08 17:05:32,241 - WARNING - Enhanced device detection failed, using fallback: winmgmts:.Win32_LogicalDisk
2025-07-08 17:05:33,980 - INFO - Event sent to Splunk successfully
2025-07-08 17:05:33,982 - INFO - MTP file transfer detected on ##?#USB#VID_04E8&PID_6860&MS_COMP_MTP&SAMSUNG_Android#6&c70e816&2&0000#{6ac27878-a6fa-4155-ba85-f98f491d4f33}
2025-07-08 17:05:34,244 - WARNING - Enhanced device detection failed, using fallback: winmgmts:.Win32_LogicalDisk
2025-07-08 17:05:36,247 - WARNING - Enhanced device detection failed, using fallback: winmgmts:.Win32_LogicalDisk
2025-07-09 09:03:54,315 - INFO - Starting Smart USB DLP System
2025-07-09 09:03:54,317 - INFO - Model initialized successfully
2025-07-09 09:16:28,125 - INFO - Initializing USB DLP System
2025-07-09 09:16:28,134 - INFO - WMI connection established successfully
2025-07-09 09:16:28,157 - INFO - System initialization complete
2025-07-09 09:16:28,162 - INFO - Starting monitoring services
2025-07-09 09:16:28,163 - INFO - USB Event: {"timestamp": "2025-07-09T09:16:28.163297", "event_type": "monitoring_started", "threat_level": "INFO", "details": {}, "system_info": {"hostname": "LAPTOP-9N62H7OO", "user": "aayus"}, "event_data": {"status": "starting"}}
2025-07-09 09:16:28,166 - INFO - Starting USB DLP System...
2025-07-09 09:16:28,166 - INFO - Dashboard will be available at http://localhost:5000
2025-07-09 09:16:28,230 - INFO - [31m[1mWARNING: This is a development server. Do not use it in a production deployment. Use a production WSGI server instead.[0m
 * Running on all addresses (0.0.0.0)
 * Running on http://127.0.0.1:5000
 * Running on http://192.168.1.4:5000
2025-07-09 09:16:28,231 - INFO - [33mPress CTRL+C to quit[0m
2025-07-09 09:16:30,304 - INFO - Event sent to Splunk successfully
2025-07-09 09:16:30,306 - INFO - Starting Enhanced USB monitoring service with MTP support...
2025-07-09 09:16:30,312 - WARNING - Enhanced device detection failed, using fallback: winmgmts:.Win32_LogicalDisk
2025-07-09 09:16:32,334 - WARNING - Enhanced device detection failed, using fallback: winmgmts:.Win32_LogicalDisk
2025-07-09 09:16:34,337 - WARNING - Enhanced device detection failed, using fallback: winmgmts:.Win32_LogicalDisk
2025-07-09 09:16:36,341 - WARNING - Enhanced device detection failed, using fallback: winmgmts:.Win32_LogicalDisk
2025-07-09 09:16:37,482 - INFO - 127.0.0.1 - - [09/Jul/2025 09:16:37] "[33mGET / HTTP/1.1[0m" 404 -
2025-07-09 09:16:37,696 - INFO - 127.0.0.1 - - [09/Jul/2025 09:16:37] "[33mGET /favicon.ico HTTP/1.1[0m" 404 -
2025-07-09 09:16:38,344 - WARNING - Enhanced device detection failed, using fallback: winmgmts:.Win32_LogicalDisk
2025-07-09 09:16:40,348 - WARNING - Enhanced device detection failed, using fallback: winmgmts:.Win32_LogicalDisk
2025-07-09 09:16:42,352 - WARNING - Enhanced device detection failed, using fallback: winmgmts:.Win32_LogicalDisk
2025-07-09 09:16:44,356 - WARNING - Enhanced device detection failed, using fallback: winmgmts:.Win32_LogicalDisk
2025-07-09 09:20:53,142 - INFO - Initializing USB DLP System
2025-07-09 09:20:53,147 - INFO - WMI connection established successfully
2025-07-09 09:20:53,164 - INFO - System initialization complete
2025-07-09 09:20:53,168 - INFO - Starting monitoring services
2025-07-09 09:20:53,169 - INFO - USB Event: {"timestamp": "2025-07-09T09:20:53.169602", "event_type": "monitoring_started", "threat_level": "INFO", "details": {}, "system_info": {"hostname": "LAPTOP-9N62H7OO", "user": "aayus"}, "event_data": {"status": "starting"}}
2025-07-09 09:20:53,169 - INFO - Starting USB DLP System...
2025-07-09 09:20:53,170 - INFO - Dashboard will be available at http://localhost:5000
2025-07-09 09:20:53,195 - INFO - [31m[1mWARNING: This is a development server. Do not use it in a production deployment. Use a production WSGI server instead.[0m
 * Running on all addresses (0.0.0.0)
 * Running on http://127.0.0.1:5000
 * Running on http://192.168.1.4:5000
2025-07-09 09:20:53,195 - INFO - [33mPress CTRL+C to quit[0m
2025-07-09 09:20:55,254 - INFO - Event sent to Splunk successfully
2025-07-09 09:20:55,255 - INFO - Starting Enhanced USB monitoring service with MTP support...
2025-07-09 09:20:55,258 - WARNING - Enhanced device detection failed, using fallback: winmgmts:.Win32_LogicalDisk
2025-07-09 09:20:57,262 - WARNING - Enhanced device detection failed, using fallback: winmgmts:.Win32_LogicalDisk
2025-07-09 09:20:58,083 - INFO - 127.0.0.1 - - [09/Jul/2025 09:20:58] "GET / HTTP/1.1" 200 -
2025-07-09 09:20:58,206 - INFO - 127.0.0.1 - - [09/Jul/2025 09:20:58] "GET /static/styles.css HTTP/1.1" 200 -
2025-07-09 09:20:58,507 - INFO - 127.0.0.1 - - [09/Jul/2025 09:20:58] "GET /static/dashboard.js HTTP/1.1" 200 -
2025-07-09 09:20:58,519 - INFO - 127.0.0.1 - - [09/Jul/2025 09:20:58] "GET /socket.io/?EIO=4&transport=polling&t=PVjJjxJ HTTP/1.1" 200 -
2025-07-09 09:20:58,845 - INFO - Client connected to dashboard
2025-07-09 09:20:58,846 - INFO - 127.0.0.1 - - [09/Jul/2025 09:20:58] "POST /socket.io/?EIO=4&transport=polling&t=PVjJjxc&sid=ZcuzQi4zVJ2PhMR6AAAA HTTP/1.1" 200 -
2025-07-09 09:20:58,856 - INFO - 127.0.0.1 - - [09/Jul/2025 09:20:58] "GET /socket.io/?EIO=4&transport=polling&t=PVjJjxj&sid=ZcuzQi4zVJ2PhMR6AAAA HTTP/1.1" 200 -
2025-07-09 09:20:59,111 - INFO - 127.0.0.1 - - [09/Jul/2025 09:20:59] "POST /socket.io/?EIO=4&transport=polling&t=PVjJk0q&sid=ZcuzQi4zVJ2PhMR6AAAA HTTP/1.1" 200 -
2025-07-09 09:20:59,184 - INFO - 127.0.0.1 - - [09/Jul/2025 09:20:59] "GET /socket.io/?EIO=4&transport=polling&t=PVjJk1R&sid=ZcuzQi4zVJ2PhMR6AAAA HTTP/1.1" 200 -
2025-07-09 09:20:59,265 - WARNING - Enhanced device detection failed, using fallback: winmgmts:.Win32_LogicalDisk
2025-07-09 09:21:01,269 - WARNING - Enhanced device detection failed, using fallback: winmgmts:.Win32_LogicalDisk
2025-07-09 09:21:03,272 - WARNING - Enhanced device detection failed, using fallback: winmgmts:.Win32_LogicalDisk
2025-07-09 09:21:05,276 - WARNING - Enhanced device detection failed, using fallback: winmgmts:.Win32_LogicalDisk
2025-07-09 09:21:07,279 - WARNING - Enhanced device detection failed, using fallback: winmgmts:.Win32_LogicalDisk
2025-07-09 09:21:09,281 - WARNING - Enhanced device detection failed, using fallback: winmgmts:.Win32_LogicalDisk
2025-07-09 09:21:11,284 - WARNING - Enhanced device detection failed, using fallback: winmgmts:.Win32_LogicalDisk
2025-07-09 09:21:13,288 - WARNING - Enhanced device detection failed, using fallback: winmgmts:.Win32_LogicalDisk
2025-07-09 09:21:15,292 - WARNING - Enhanced device detection failed, using fallback: winmgmts:.Win32_LogicalDisk
2025-07-09 09:21:17,295 - WARNING - Enhanced device detection failed, using fallback: winmgmts:.Win32_LogicalDisk
2025-07-09 09:21:19,297 - WARNING - Enhanced device detection failed, using fallback: winmgmts:.Win32_LogicalDisk
2025-07-09 09:21:21,300 - WARNING - Enhanced device detection failed, using fallback: winmgmts:.Win32_LogicalDisk
2025-07-09 09:21:23,303 - WARNING - Enhanced device detection failed, using fallback: winmgmts:.Win32_LogicalDisk
2025-07-09 09:21:25,307 - WARNING - Enhanced device detection failed, using fallback: winmgmts:.Win32_LogicalDisk
2025-07-09 09:21:27,310 - WARNING - Enhanced device detection failed, using fallback: winmgmts:.Win32_LogicalDisk
2025-07-09 09:21:29,313 - WARNING - Enhanced device detection failed, using fallback: winmgmts:.Win32_LogicalDisk
2025-07-09 09:21:31,316 - WARNING - Enhanced device detection failed, using fallback: winmgmts:.Win32_LogicalDisk
2025-07-09 09:21:33,320 - WARNING - Enhanced device detection failed, using fallback: winmgmts:.Win32_LogicalDisk
2025-07-09 09:21:34,250 - INFO - 127.0.0.1 - - [09/Jul/2025 09:21:34] "GET /socket.io/?EIO=4&transport=websocket&sid=ZcuzQi4zVJ2PhMR6AAAA HTTP/1.1" 200 -
2025-07-09 09:21:34,570 - INFO - 127.0.0.1 - - [09/Jul/2025 09:21:34] "[36mGET / HTTP/1.1[0m" 304 -
2025-07-09 09:21:34,834 - INFO - 127.0.0.1 - - [09/Jul/2025 09:21:34] "[36mGET /static/styles.css HTTP/1.1[0m" 304 -
2025-07-09 09:21:34,897 - INFO - 127.0.0.1 - - [09/Jul/2025 09:21:34] "[36mGET /static/dashboard.js HTTP/1.1[0m" 304 -
2025-07-09 09:21:34,905 - INFO - 127.0.0.1 - - [09/Jul/2025 09:21:34] "GET /socket.io/?EIO=4&transport=polling&t=PVjJsps HTTP/1.1" 200 -
2025-07-09 09:21:35,226 - INFO - Client connected to dashboard
2025-07-09 09:21:35,227 - INFO - 127.0.0.1 - - [09/Jul/2025 09:21:35] "POST /socket.io/?EIO=4&transport=polling&t=PVjJsq1&sid=tsh260NWtF5T6yYeAAAC HTTP/1.1" 200 -
2025-07-09 09:21:35,229 - INFO - 127.0.0.1 - - [09/Jul/2025 09:21:35] "GET /socket.io/?EIO=4&transport=polling&t=PVjJsq3&sid=tsh260NWtF5T6yYeAAAC HTTP/1.1" 200 -
2025-07-09 09:21:35,324 - WARNING - Enhanced device detection failed, using fallback: winmgmts:.Win32_LogicalDisk
2025-07-09 09:21:37,329 - WARNING - Enhanced device detection failed, using fallback: winmgmts:.Win32_LogicalDisk
2025-07-09 09:21:39,338 - WARNING - Enhanced device detection failed, using fallback: winmgmts:.Win32_LogicalDisk
2025-07-09 09:21:41,342 - WARNING - Enhanced device detection failed, using fallback: winmgmts:.Win32_LogicalDisk
2025-07-09 09:21:43,344 - WARNING - Enhanced device detection failed, using fallback: winmgmts:.Win32_LogicalDisk
2025-07-09 09:21:45,347 - WARNING - Enhanced device detection failed, using fallback: winmgmts:.Win32_LogicalDisk
2025-07-09 09:21:47,350 - WARNING - Enhanced device detection failed, using fallback: winmgmts:.Win32_LogicalDisk
2025-07-09 09:21:49,353 - WARNING - Enhanced device detection failed, using fallback: winmgmts:.Win32_LogicalDisk
2025-07-09 09:21:51,361 - WARNING - Enhanced device detection failed, using fallback: winmgmts:.Win32_LogicalDisk
2025-07-09 09:21:53,376 - WARNING - Enhanced device detection failed, using fallback: winmgmts:.Win32_LogicalDisk
2025-07-09 09:21:55,379 - WARNING - Enhanced device detection failed, using fallback: winmgmts:.Win32_LogicalDisk
2025-07-09 09:21:57,382 - WARNING - Enhanced device detection failed, using fallback: winmgmts:.Win32_LogicalDisk
2025-07-09 09:21:59,386 - WARNING - Enhanced device detection failed, using fallback: winmgmts:.Win32_LogicalDisk
2025-07-09 09:22:01,389 - WARNING - Enhanced device detection failed, using fallback: winmgmts:.Win32_LogicalDisk
2025-07-09 09:22:03,394 - WARNING - Enhanced device detection failed, using fallback: winmgmts:.Win32_LogicalDisk
2025-07-09 09:22:05,397 - WARNING - Enhanced device detection failed, using fallback: winmgmts:.Win32_LogicalDisk
2025-07-09 09:22:07,401 - WARNING - Enhanced device detection failed, using fallback: winmgmts:.Win32_LogicalDisk
2025-07-09 09:22:09,404 - WARNING - Enhanced device detection failed, using fallback: winmgmts:.Win32_LogicalDisk
2025-07-09 09:22:11,407 - WARNING - Enhanced device detection failed, using fallback: winmgmts:.Win32_LogicalDisk
2025-07-09 09:22:13,411 - WARNING - Enhanced device detection failed, using fallback: winmgmts:.Win32_LogicalDisk
2025-07-09 09:22:15,415 - WARNING - Enhanced device detection failed, using fallback: winmgmts:.Win32_LogicalDisk
2025-07-09 09:22:17,418 - WARNING - Enhanced device detection failed, using fallback: winmgmts:.Win32_LogicalDisk
2025-07-09 09:22:19,034 - INFO - 127.0.0.1 - - [09/Jul/2025 09:22:19] "GET /socket.io/?EIO=4&transport=websocket&sid=tsh260NWtF5T6yYeAAAC HTTP/1.1" 200 -
2025-07-09 09:22:19,345 - INFO - 127.0.0.1 - - [09/Jul/2025 09:22:19] "[36mGET / HTTP/1.1[0m" 304 -
2025-07-09 09:22:19,421 - WARNING - Enhanced device detection failed, using fallback: winmgmts:.Win32_LogicalDisk
2025-07-09 09:22:19,607 - INFO - 127.0.0.1 - - [09/Jul/2025 09:22:19] "[36mGET /static/styles.css HTTP/1.1[0m" 304 -
2025-07-09 09:22:19,684 - INFO - 127.0.0.1 - - [09/Jul/2025 09:22:19] "[36mGET /static/dashboard.js HTTP/1.1[0m" 304 -
2025-07-09 09:22:19,693 - INFO - 127.0.0.1 - - [09/Jul/2025 09:22:19] "GET /socket.io/?EIO=4&transport=polling&t=PVjK1le HTTP/1.1" 200 -
2025-07-09 09:22:20,011 - INFO - Client connected to dashboard
2025-07-09 09:22:20,012 - INFO - 127.0.0.1 - - [09/Jul/2025 09:22:20] "POST /socket.io/?EIO=4&transport=polling&t=PVjK1ln&sid=TfXfguZRLZQjKrc2AAAE HTTP/1.1" 200 -
2025-07-09 09:22:20,016 - INFO - 127.0.0.1 - - [09/Jul/2025 09:22:20] "GET /socket.io/?EIO=4&transport=polling&t=PVjK1lr&sid=TfXfguZRLZQjKrc2AAAE HTTP/1.1" 200 -
2025-07-09 09:22:21,432 - WARNING - Enhanced device detection failed, using fallback: winmgmts:.Win32_LogicalDisk
2025-07-09 09:22:23,448 - WARNING - Enhanced device detection failed, using fallback: winmgmts:.Win32_LogicalDisk
2025-07-09 09:22:25,451 - WARNING - Enhanced device detection failed, using fallback: winmgmts:.Win32_LogicalDisk
2025-07-09 09:22:27,454 - WARNING - Enhanced device detection failed, using fallback: winmgmts:.Win32_LogicalDisk
2025-07-09 09:22:29,458 - WARNING - Enhanced device detection failed, using fallback: winmgmts:.Win32_LogicalDisk
2025-07-09 09:22:31,460 - WARNING - Enhanced device detection failed, using fallback: winmgmts:.Win32_LogicalDisk
2025-07-09 09:22:33,464 - WARNING - Enhanced device detection failed, using fallback: winmgmts:.Win32_LogicalDisk
2025-07-09 09:22:35,467 - WARNING - Enhanced device detection failed, using fallback: winmgmts:.Win32_LogicalDisk
2025-07-09 09:22:37,470 - WARNING - Enhanced device detection failed, using fallback: winmgmts:.Win32_LogicalDisk
2025-07-09 09:22:39,474 - WARNING - Enhanced device detection failed, using fallback: winmgmts:.Win32_LogicalDisk
2025-07-09 09:22:41,478 - WARNING - Enhanced device detection failed, using fallback: winmgmts:.Win32_LogicalDisk
2025-07-09 09:22:43,481 - WARNING - Enhanced device detection failed, using fallback: winmgmts:.Win32_LogicalDisk
2025-07-09 09:22:45,490 - WARNING - Enhanced device detection failed, using fallback: winmgmts:.Win32_LogicalDisk
2025-07-09 09:22:47,495 - WARNING - Enhanced device detection failed, using fallback: winmgmts:.Win32_LogicalDisk
2025-07-09 09:22:49,497 - WARNING - Enhanced device detection failed, using fallback: winmgmts:.Win32_LogicalDisk
2025-07-09 09:22:51,500 - WARNING - Enhanced device detection failed, using fallback: winmgmts:.Win32_LogicalDisk
2025-07-09 09:22:53,504 - WARNING - Enhanced device detection failed, using fallback: winmgmts:.Win32_LogicalDisk
2025-07-09 09:22:55,509 - WARNING - Enhanced device detection failed, using fallback: winmgmts:.Win32_LogicalDisk
2025-07-09 09:22:57,512 - WARNING - Enhanced device detection failed, using fallback: winmgmts:.Win32_LogicalDisk
2025-07-09 09:22:59,518 - WARNING - Enhanced device detection failed, using fallback: winmgmts:.Win32_LogicalDisk
2025-07-09 09:23:01,523 - WARNING - Enhanced device detection failed, using fallback: winmgmts:.Win32_LogicalDisk
2025-07-09 09:23:03,527 - WARNING - Enhanced device detection failed, using fallback: winmgmts:.Win32_LogicalDisk
2025-07-09 09:23:05,531 - WARNING - Enhanced device detection failed, using fallback: winmgmts:.Win32_LogicalDisk
2025-07-09 09:23:07,534 - WARNING - Enhanced device detection failed, using fallback: winmgmts:.Win32_LogicalDisk
2025-07-09 09:23:09,536 - WARNING - Enhanced device detection failed, using fallback: winmgmts:.Win32_LogicalDisk
2025-07-09 09:23:11,540 - WARNING - Enhanced device detection failed, using fallback: winmgmts:.Win32_LogicalDisk
2025-07-09 09:23:13,544 - WARNING - Enhanced device detection failed, using fallback: winmgmts:.Win32_LogicalDisk
2025-07-09 09:23:15,548 - WARNING - Enhanced device detection failed, using fallback: winmgmts:.Win32_LogicalDisk
2025-07-09 09:23:17,577 - WARNING - Enhanced device detection failed, using fallback: winmgmts:.Win32_LogicalDisk
2025-07-09 09:23:19,581 - WARNING - Enhanced device detection failed, using fallback: winmgmts:.Win32_LogicalDisk
2025-07-09 09:23:21,586 - WARNING - Enhanced device detection failed, using fallback: winmgmts:.Win32_LogicalDisk
2025-07-09 09:23:23,590 - WARNING - Enhanced device detection failed, using fallback: winmgmts:.Win32_LogicalDisk
2025-07-09 09:23:25,592 - WARNING - Enhanced device detection failed, using fallback: winmgmts:.Win32_LogicalDisk
2025-07-09 09:23:27,595 - WARNING - Enhanced device detection failed, using fallback: winmgmts:.Win32_LogicalDisk
2025-07-09 09:23:29,599 - WARNING - Enhanced device detection failed, using fallback: winmgmts:.Win32_LogicalDisk
2025-07-09 09:23:31,604 - WARNING - Enhanced device detection failed, using fallback: winmgmts:.Win32_LogicalDisk
2025-07-09 09:23:33,607 - WARNING - Enhanced device detection failed, using fallback: winmgmts:.Win32_LogicalDisk
2025-07-09 09:23:35,611 - WARNING - Enhanced device detection failed, using fallback: winmgmts:.Win32_LogicalDisk
2025-07-09 09:23:37,613 - WARNING - Enhanced device detection failed, using fallback: winmgmts:.Win32_LogicalDisk
2025-07-09 09:23:39,617 - WARNING - Enhanced device detection failed, using fallback: winmgmts:.Win32_LogicalDisk
2025-07-09 09:23:41,621 - WARNING - Enhanced device detection failed, using fallback: winmgmts:.Win32_LogicalDisk
2025-07-09 09:23:43,625 - WARNING - Enhanced device detection failed, using fallback: winmgmts:.Win32_LogicalDisk
2025-07-09 09:23:45,628 - WARNING - Enhanced device detection failed, using fallback: winmgmts:.Win32_LogicalDisk
2025-07-09 09:23:47,631 - WARNING - Enhanced device detection failed, using fallback: winmgmts:.Win32_LogicalDisk
2025-07-09 09:23:49,634 - WARNING - Enhanced device detection failed, using fallback: winmgmts:.Win32_LogicalDisk
2025-07-09 09:23:51,637 - WARNING - Enhanced device detection failed, using fallback: winmgmts:.Win32_LogicalDisk
2025-07-09 09:23:53,643 - WARNING - Enhanced device detection failed, using fallback: winmgmts:.Win32_LogicalDisk
2025-07-09 09:23:55,646 - WARNING - Enhanced device detection failed, using fallback: winmgmts:.Win32_LogicalDisk
2025-07-09 09:23:57,649 - WARNING - Enhanced device detection failed, using fallback: winmgmts:.Win32_LogicalDisk
2025-07-09 09:23:59,654 - WARNING - Enhanced device detection failed, using fallback: winmgmts:.Win32_LogicalDisk
2025-07-09 09:24:01,659 - WARNING - Enhanced device detection failed, using fallback: winmgmts:.Win32_LogicalDisk
2025-07-09 09:24:03,662 - WARNING - Enhanced device detection failed, using fallback: winmgmts:.Win32_LogicalDisk
2025-07-09 09:24:05,669 - WARNING - Enhanced device detection failed, using fallback: winmgmts:.Win32_LogicalDisk
2025-07-09 09:24:07,672 - WARNING - Enhanced device detection failed, using fallback: winmgmts:.Win32_LogicalDisk
2025-07-09 09:24:09,674 - WARNING - Enhanced device detection failed, using fallback: winmgmts:.Win32_LogicalDisk
2025-07-09 09:24:11,677 - WARNING - Enhanced device detection failed, using fallback: winmgmts:.Win32_LogicalDisk
2025-07-09 09:24:13,680 - WARNING - Enhanced device detection failed, using fallback: winmgmts:.Win32_LogicalDisk
2025-07-09 09:24:15,688 - WARNING - Enhanced device detection failed, using fallback: winmgmts:.Win32_LogicalDisk
2025-07-09 09:24:17,691 - WARNING - Enhanced device detection failed, using fallback: winmgmts:.Win32_LogicalDisk
2025-07-09 09:24:19,694 - WARNING - Enhanced device detection failed, using fallback: winmgmts:.Win32_LogicalDisk
2025-07-09 09:24:21,697 - WARNING - Enhanced device detection failed, using fallback: winmgmts:.Win32_LogicalDisk
2025-07-09 09:24:23,700 - WARNING - Enhanced device detection failed, using fallback: winmgmts:.Win32_LogicalDisk
2025-07-09 09:24:25,705 - WARNING - Enhanced device detection failed, using fallback: winmgmts:.Win32_LogicalDisk
2025-07-09 09:24:27,707 - WARNING - Enhanced device detection failed, using fallback: winmgmts:.Win32_LogicalDisk
2025-07-09 09:24:29,710 - WARNING - Enhanced device detection failed, using fallback: winmgmts:.Win32_LogicalDisk
2025-07-09 09:24:31,713 - WARNING - Enhanced device detection failed, using fallback: winmgmts:.Win32_LogicalDisk
2025-07-09 09:24:33,718 - WARNING - Enhanced device detection failed, using fallback: winmgmts:.Win32_LogicalDisk
2025-07-09 09:24:35,722 - WARNING - Enhanced device detection failed, using fallback: winmgmts:.Win32_LogicalDisk
2025-07-09 09:24:37,725 - WARNING - Enhanced device detection failed, using fallback: winmgmts:.Win32_LogicalDisk
2025-07-09 09:24:39,729 - WARNING - Enhanced device detection failed, using fallback: winmgmts:.Win32_LogicalDisk
2025-07-09 09:24:41,732 - WARNING - Enhanced device detection failed, using fallback: winmgmts:.Win32_LogicalDisk
2025-07-09 09:24:43,735 - WARNING - Enhanced device detection failed, using fallback: winmgmts:.Win32_LogicalDisk
2025-07-09 09:24:45,740 - WARNING - Enhanced device detection failed, using fallback: winmgmts:.Win32_LogicalDisk
2025-07-09 09:24:47,744 - WARNING - Enhanced device detection failed, using fallback: winmgmts:.Win32_LogicalDisk
2025-07-09 09:24:49,746 - WARNING - Enhanced device detection failed, using fallback: winmgmts:.Win32_LogicalDisk
2025-07-09 09:24:51,749 - WARNING - Enhanced device detection failed, using fallback: winmgmts:.Win32_LogicalDisk
2025-07-09 09:24:53,761 - WARNING - Enhanced device detection failed, using fallback: winmgmts:.Win32_LogicalDisk
2025-07-09 09:24:55,764 - WARNING - Enhanced device detection failed, using fallback: winmgmts:.Win32_LogicalDisk
2025-07-09 09:24:57,767 - WARNING - Enhanced device detection failed, using fallback: winmgmts:.Win32_LogicalDisk
2025-07-09 09:24:59,772 - WARNING - Enhanced device detection failed, using fallback: winmgmts:.Win32_LogicalDisk
2025-07-09 09:25:01,779 - WARNING - Enhanced device detection failed, using fallback: winmgmts:.Win32_LogicalDisk
2025-07-09 09:25:03,784 - WARNING - Enhanced device detection failed, using fallback: winmgmts:.Win32_LogicalDisk
2025-07-09 09:25:05,788 - WARNING - Enhanced device detection failed, using fallback: winmgmts:.Win32_LogicalDisk
2025-07-09 09:25:07,793 - WARNING - Enhanced device detection failed, using fallback: winmgmts:.Win32_LogicalDisk
2025-07-09 09:25:09,798 - WARNING - Enhanced device detection failed, using fallback: winmgmts:.Win32_LogicalDisk
2025-07-09 09:25:11,803 - WARNING - Enhanced device detection failed, using fallback: winmgmts:.Win32_LogicalDisk
2025-07-09 09:25:13,806 - WARNING - Enhanced device detection failed, using fallback: winmgmts:.Win32_LogicalDisk
2025-07-09 09:25:15,810 - WARNING - Enhanced device detection failed, using fallback: winmgmts:.Win32_LogicalDisk
2025-07-09 09:25:17,813 - WARNING - Enhanced device detection failed, using fallback: winmgmts:.Win32_LogicalDisk
2025-07-09 09:25:19,817 - WARNING - Enhanced device detection failed, using fallback: winmgmts:.Win32_LogicalDisk
2025-07-09 09:25:21,820 - WARNING - Enhanced device detection failed, using fallback: winmgmts:.Win32_LogicalDisk
2025-07-09 09:25:23,823 - WARNING - Enhanced device detection failed, using fallback: winmgmts:.Win32_LogicalDisk
2025-07-09 09:25:25,826 - WARNING - Enhanced device detection failed, using fallback: winmgmts:.Win32_LogicalDisk
2025-07-09 09:25:27,829 - WARNING - Enhanced device detection failed, using fallback: winmgmts:.Win32_LogicalDisk
2025-07-09 09:25:29,832 - WARNING - Enhanced device detection failed, using fallback: winmgmts:.Win32_LogicalDisk
2025-07-09 09:25:31,836 - WARNING - Enhanced device detection failed, using fallback: winmgmts:.Win32_LogicalDisk
2025-07-09 09:25:33,840 - WARNING - Enhanced device detection failed, using fallback: winmgmts:.Win32_LogicalDisk
2025-07-09 09:25:35,844 - WARNING - Enhanced device detection failed, using fallback: winmgmts:.Win32_LogicalDisk
2025-07-09 09:25:37,846 - WARNING - Enhanced device detection failed, using fallback: winmgmts:.Win32_LogicalDisk
2025-07-09 09:25:39,849 - WARNING - Enhanced device detection failed, using fallback: winmgmts:.Win32_LogicalDisk
2025-07-09 09:25:41,853 - WARNING - Enhanced device detection failed, using fallback: winmgmts:.Win32_LogicalDisk
2025-07-09 09:25:43,857 - WARNING - Enhanced device detection failed, using fallback: winmgmts:.Win32_LogicalDisk
2025-07-09 09:25:45,860 - WARNING - Enhanced device detection failed, using fallback: winmgmts:.Win32_LogicalDisk
2025-07-09 09:25:47,864 - WARNING - Enhanced device detection failed, using fallback: winmgmts:.Win32_LogicalDisk
2025-07-09 09:25:49,867 - WARNING - Enhanced device detection failed, using fallback: winmgmts:.Win32_LogicalDisk
2025-07-09 09:25:51,873 - WARNING - Enhanced device detection failed, using fallback: winmgmts:.Win32_LogicalDisk
2025-07-09 09:25:53,876 - WARNING - Enhanced device detection failed, using fallback: winmgmts:.Win32_LogicalDisk
2025-07-09 09:25:55,879 - WARNING - Enhanced device detection failed, using fallback: winmgmts:.Win32_LogicalDisk
2025-07-09 09:25:57,881 - WARNING - Enhanced device detection failed, using fallback: winmgmts:.Win32_LogicalDisk
2025-07-09 09:25:59,884 - WARNING - Enhanced device detection failed, using fallback: winmgmts:.Win32_LogicalDisk
2025-07-09 09:26:01,888 - WARNING - Enhanced device detection failed, using fallback: winmgmts:.Win32_LogicalDisk
2025-07-09 09:26:03,895 - WARNING - Enhanced device detection failed, using fallback: winmgmts:.Win32_LogicalDisk
2025-07-09 09:26:05,897 - WARNING - Enhanced device detection failed, using fallback: winmgmts:.Win32_LogicalDisk
2025-07-09 09:26:07,900 - WARNING - Enhanced device detection failed, using fallback: winmgmts:.Win32_LogicalDisk
2025-07-09 09:26:09,903 - WARNING - Enhanced device detection failed, using fallback: winmgmts:.Win32_LogicalDisk
2025-07-09 09:26:11,907 - WARNING - Enhanced device detection failed, using fallback: winmgmts:.Win32_LogicalDisk
2025-07-09 09:26:13,910 - WARNING - Enhanced device detection failed, using fallback: winmgmts:.Win32_LogicalDisk
2025-07-09 09:26:15,914 - WARNING - Enhanced device detection failed, using fallback: winmgmts:.Win32_LogicalDisk
2025-07-09 09:26:17,918 - WARNING - Enhanced device detection failed, using fallback: winmgmts:.Win32_LogicalDisk
2025-07-09 09:26:19,921 - WARNING - Enhanced device detection failed, using fallback: winmgmts:.Win32_LogicalDisk
2025-07-09 09:26:21,925 - WARNING - Enhanced device detection failed, using fallback: winmgmts:.Win32_LogicalDisk
2025-07-09 09:26:23,928 - WARNING - Enhanced device detection failed, using fallback: winmgmts:.Win32_LogicalDisk
2025-07-09 09:26:25,931 - WARNING - Enhanced device detection failed, using fallback: winmgmts:.Win32_LogicalDisk
2025-07-09 09:26:27,933 - WARNING - Enhanced device detection failed, using fallback: winmgmts:.Win32_LogicalDisk
2025-07-09 09:26:29,936 - WARNING - Enhanced device detection failed, using fallback: winmgmts:.Win32_LogicalDisk
2025-07-09 09:26:31,939 - WARNING - Enhanced device detection failed, using fallback: winmgmts:.Win32_LogicalDisk
2025-07-09 09:26:33,942 - WARNING - Enhanced device detection failed, using fallback: winmgmts:.Win32_LogicalDisk
2025-07-09 09:26:35,947 - WARNING - Enhanced device detection failed, using fallback: winmgmts:.Win32_LogicalDisk
2025-07-09 09:26:37,952 - WARNING - Enhanced device detection failed, using fallback: winmgmts:.Win32_LogicalDisk
2025-07-09 09:26:39,956 - WARNING - Enhanced device detection failed, using fallback: winmgmts:.Win32_LogicalDisk
2025-07-09 09:26:41,960 - WARNING - Enhanced device detection failed, using fallback: winmgmts:.Win32_LogicalDisk
2025-07-09 09:26:43,964 - WARNING - Enhanced device detection failed, using fallback: winmgmts:.Win32_LogicalDisk
2025-07-09 09:26:45,967 - WARNING - Enhanced device detection failed, using fallback: winmgmts:.Win32_LogicalDisk
2025-07-09 09:26:47,971 - WARNING - Enhanced device detection failed, using fallback: winmgmts:.Win32_LogicalDisk
2025-07-09 09:26:49,977 - WARNING - Enhanced device detection failed, using fallback: winmgmts:.Win32_LogicalDisk
2025-07-09 09:26:51,983 - WARNING - Enhanced device detection failed, using fallback: winmgmts:.Win32_LogicalDisk
2025-07-09 09:26:53,991 - WARNING - Enhanced device detection failed, using fallback: winmgmts:.Win32_LogicalDisk
2025-07-09 09:26:55,996 - WARNING - Enhanced device detection failed, using fallback: winmgmts:.Win32_LogicalDisk
2025-07-09 09:26:58,010 - WARNING - Enhanced device detection failed, using fallback: winmgmts:.Win32_LogicalDisk
2025-07-09 09:27:00,018 - WARNING - Enhanced device detection failed, using fallback: winmgmts:.Win32_LogicalDisk
2025-07-09 09:27:02,026 - WARNING - Enhanced device detection failed, using fallback: winmgmts:.Win32_LogicalDisk
2025-07-09 09:27:04,029 - WARNING - Enhanced device detection failed, using fallback: winmgmts:.Win32_LogicalDisk
2025-07-09 09:27:06,033 - WARNING - Enhanced device detection failed, using fallback: winmgmts:.Win32_LogicalDisk
2025-07-09 09:27:08,037 - WARNING - Enhanced device detection failed, using fallback: winmgmts:.Win32_LogicalDisk
2025-07-09 09:27:10,140 - WARNING - Enhanced device detection failed, using fallback: winmgmts:.Win32_LogicalDisk
2025-07-09 09:27:12,142 - WARNING - Enhanced device detection failed, using fallback: winmgmts:.Win32_LogicalDisk
2025-07-09 09:27:14,145 - WARNING - Enhanced device detection failed, using fallback: winmgmts:.Win32_LogicalDisk
2025-07-09 09:27:16,148 - WARNING - Enhanced device detection failed, using fallback: winmgmts:.Win32_LogicalDisk
2025-07-09 09:27:18,153 - WARNING - Enhanced device detection failed, using fallback: winmgmts:.Win32_LogicalDisk
2025-07-09 09:27:20,156 - WARNING - Enhanced device detection failed, using fallback: winmgmts:.Win32_LogicalDisk
2025-07-09 09:27:22,159 - WARNING - Enhanced device detection failed, using fallback: winmgmts:.Win32_LogicalDisk
2025-07-09 09:27:24,162 - WARNING - Enhanced device detection failed, using fallback: winmgmts:.Win32_LogicalDisk
2025-07-09 09:27:26,165 - WARNING - Enhanced device detection failed, using fallback: winmgmts:.Win32_LogicalDisk
2025-07-09 09:27:28,169 - WARNING - Enhanced device detection failed, using fallback: winmgmts:.Win32_LogicalDisk
2025-07-09 09:27:30,172 - WARNING - Enhanced device detection failed, using fallback: winmgmts:.Win32_LogicalDisk
2025-07-09 09:27:32,176 - WARNING - Enhanced device detection failed, using fallback: winmgmts:.Win32_LogicalDisk
2025-07-09 09:27:34,179 - WARNING - Enhanced device detection failed, using fallback: winmgmts:.Win32_LogicalDisk
2025-07-09 09:27:36,181 - WARNING - Enhanced device detection failed, using fallback: winmgmts:.Win32_LogicalDisk
2025-07-09 09:27:38,184 - WARNING - Enhanced device detection failed, using fallback: winmgmts:.Win32_LogicalDisk
2025-07-09 09:27:40,187 - WARNING - Enhanced device detection failed, using fallback: winmgmts:.Win32_LogicalDisk
2025-07-09 09:27:42,190 - WARNING - Enhanced device detection failed, using fallback: winmgmts:.Win32_LogicalDisk
2025-07-09 09:27:44,193 - WARNING - Enhanced device detection failed, using fallback: winmgmts:.Win32_LogicalDisk
2025-07-09 09:27:46,195 - WARNING - Enhanced device detection failed, using fallback: winmgmts:.Win32_LogicalDisk
2025-07-09 09:27:48,197 - WARNING - Enhanced device detection failed, using fallback: winmgmts:.Win32_LogicalDisk
2025-07-09 09:27:50,201 - WARNING - Enhanced device detection failed, using fallback: winmgmts:.Win32_LogicalDisk
2025-07-09 09:27:52,204 - WARNING - Enhanced device detection failed, using fallback: winmgmts:.Win32_LogicalDisk
2025-07-09 09:27:54,210 - WARNING - Enhanced device detection failed, using fallback: winmgmts:.Win32_LogicalDisk
2025-07-09 09:27:56,213 - WARNING - Enhanced device detection failed, using fallback: winmgmts:.Win32_LogicalDisk
2025-07-09 09:27:58,215 - WARNING - Enhanced device detection failed, using fallback: winmgmts:.Win32_LogicalDisk
2025-07-09 09:28:00,219 - WARNING - Enhanced device detection failed, using fallback: winmgmts:.Win32_LogicalDisk
2025-07-09 09:28:02,222 - WARNING - Enhanced device detection failed, using fallback: winmgmts:.Win32_LogicalDisk
2025-07-09 09:28:04,225 - WARNING - Enhanced device detection failed, using fallback: winmgmts:.Win32_LogicalDisk
2025-07-09 09:28:06,228 - WARNING - Enhanced device detection failed, using fallback: winmgmts:.Win32_LogicalDisk
2025-07-09 09:28:08,234 - WARNING - Enhanced device detection failed, using fallback: winmgmts:.Win32_LogicalDisk
2025-07-09 09:28:10,237 - WARNING - Enhanced device detection failed, using fallback: winmgmts:.Win32_LogicalDisk
2025-07-09 09:28:12,239 - WARNING - Enhanced device detection failed, using fallback: winmgmts:.Win32_LogicalDisk
2025-07-09 09:28:14,243 - WARNING - Enhanced device detection failed, using fallback: winmgmts:.Win32_LogicalDisk
2025-07-09 09:28:16,246 - WARNING - Enhanced device detection failed, using fallback: winmgmts:.Win32_LogicalDisk
2025-07-09 09:28:18,248 - WARNING - Enhanced device detection failed, using fallback: winmgmts:.Win32_LogicalDisk
2025-07-09 09:28:20,252 - WARNING - Enhanced device detection failed, using fallback: winmgmts:.Win32_LogicalDisk
2025-07-09 09:28:22,257 - WARNING - Enhanced device detection failed, using fallback: winmgmts:.Win32_LogicalDisk
2025-07-09 09:28:24,261 - WARNING - Enhanced device detection failed, using fallback: winmgmts:.Win32_LogicalDisk
2025-07-09 09:28:26,263 - WARNING - Enhanced device detection failed, using fallback: winmgmts:.Win32_LogicalDisk
2025-07-09 09:28:28,267 - WARNING - Enhanced device detection failed, using fallback: winmgmts:.Win32_LogicalDisk
2025-07-09 09:28:30,270 - WARNING - Enhanced device detection failed, using fallback: winmgmts:.Win32_LogicalDisk
2025-07-09 09:28:32,273 - WARNING - Enhanced device detection failed, using fallback: winmgmts:.Win32_LogicalDisk
2025-07-09 09:28:34,276 - WARNING - Enhanced device detection failed, using fallback: winmgmts:.Win32_LogicalDisk
2025-07-09 09:28:36,280 - WARNING - Enhanced device detection failed, using fallback: winmgmts:.Win32_LogicalDisk
2025-07-09 09:28:38,286 - WARNING - Enhanced device detection failed, using fallback: winmgmts:.Win32_LogicalDisk
2025-07-09 09:28:40,290 - WARNING - Enhanced device detection failed, using fallback: winmgmts:.Win32_LogicalDisk
2025-07-09 09:28:42,293 - WARNING - Enhanced device detection failed, using fallback: winmgmts:.Win32_LogicalDisk
2025-07-09 09:28:44,296 - WARNING - Enhanced device detection failed, using fallback: winmgmts:.Win32_LogicalDisk
2025-07-09 09:28:46,300 - WARNING - Enhanced device detection failed, using fallback: winmgmts:.Win32_LogicalDisk
2025-07-09 09:28:48,304 - WARNING - Enhanced device detection failed, using fallback: winmgmts:.Win32_LogicalDisk
2025-07-09 09:28:50,308 - WARNING - Enhanced device detection failed, using fallback: winmgmts:.Win32_LogicalDisk
2025-07-09 09:28:52,313 - WARNING - Enhanced device detection failed, using fallback: winmgmts:.Win32_LogicalDisk
2025-07-09 09:28:54,317 - WARNING - Enhanced device detection failed, using fallback: winmgmts:.Win32_LogicalDisk
2025-07-09 09:28:56,320 - WARNING - Enhanced device detection failed, using fallback: winmgmts:.Win32_LogicalDisk
2025-07-09 09:28:58,323 - WARNING - Enhanced device detection failed, using fallback: winmgmts:.Win32_LogicalDisk
2025-07-09 09:29:00,328 - WARNING - Enhanced device detection failed, using fallback: winmgmts:.Win32_LogicalDisk
2025-07-09 09:29:02,331 - WARNING - Enhanced device detection failed, using fallback: winmgmts:.Win32_LogicalDisk
2025-07-09 09:29:04,335 - WARNING - Enhanced device detection failed, using fallback: winmgmts:.Win32_LogicalDisk
2025-07-09 09:29:06,338 - WARNING - Enhanced device detection failed, using fallback: winmgmts:.Win32_LogicalDisk
2025-07-09 09:29:08,341 - WARNING - Enhanced device detection failed, using fallback: winmgmts:.Win32_LogicalDisk
2025-07-09 09:29:10,345 - WARNING - Enhanced device detection failed, using fallback: winmgmts:.Win32_LogicalDisk
2025-07-09 09:29:12,348 - WARNING - Enhanced device detection failed, using fallback: winmgmts:.Win32_LogicalDisk
2025-07-09 09:29:14,352 - WARNING - Enhanced device detection failed, using fallback: winmgmts:.Win32_LogicalDisk
2025-07-09 09:29:16,354 - WARNING - Enhanced device detection failed, using fallback: winmgmts:.Win32_LogicalDisk
2025-07-09 09:29:18,357 - WARNING - Enhanced device detection failed, using fallback: winmgmts:.Win32_LogicalDisk
2025-07-09 09:29:20,361 - WARNING - Enhanced device detection failed, using fallback: winmgmts:.Win32_LogicalDisk
2025-07-09 09:29:22,363 - WARNING - Enhanced device detection failed, using fallback: winmgmts:.Win32_LogicalDisk
2025-07-09 09:29:24,366 - WARNING - Enhanced device detection failed, using fallback: winmgmts:.Win32_LogicalDisk
2025-07-09 09:29:26,368 - WARNING - Enhanced device detection failed, using fallback: winmgmts:.Win32_LogicalDisk
2025-07-09 09:29:28,371 - WARNING - Enhanced device detection failed, using fallback: winmgmts:.Win32_LogicalDisk
2025-07-09 09:29:30,374 - WARNING - Enhanced device detection failed, using fallback: winmgmts:.Win32_LogicalDisk
2025-07-09 09:29:32,376 - WARNING - Enhanced device detection failed, using fallback: winmgmts:.Win32_LogicalDisk
2025-07-09 09:29:34,380 - WARNING - Enhanced device detection failed, using fallback: winmgmts:.Win32_LogicalDisk
2025-07-09 09:29:36,383 - WARNING - Enhanced device detection failed, using fallback: winmgmts:.Win32_LogicalDisk
2025-07-09 09:29:38,386 - WARNING - Enhanced device detection failed, using fallback: winmgmts:.Win32_LogicalDisk
2025-07-09 09:29:40,390 - WARNING - Enhanced device detection failed, using fallback: winmgmts:.Win32_LogicalDisk
2025-07-09 09:29:42,392 - WARNING - Enhanced device detection failed, using fallback: winmgmts:.Win32_LogicalDisk
2025-07-09 09:29:44,397 - WARNING - Enhanced device detection failed, using fallback: winmgmts:.Win32_LogicalDisk
2025-07-09 09:29:46,400 - WARNING - Enhanced device detection failed, using fallback: winmgmts:.Win32_LogicalDisk
2025-07-09 09:29:48,403 - WARNING - Enhanced device detection failed, using fallback: winmgmts:.Win32_LogicalDisk
2025-07-09 09:29:50,406 - WARNING - Enhanced device detection failed, using fallback: winmgmts:.Win32_LogicalDisk
2025-07-09 09:29:52,408 - WARNING - Enhanced device detection failed, using fallback: winmgmts:.Win32_LogicalDisk
2025-07-09 09:29:54,411 - WARNING - Enhanced device detection failed, using fallback: winmgmts:.Win32_LogicalDisk
2025-07-09 09:29:56,415 - WARNING - Enhanced device detection failed, using fallback: winmgmts:.Win32_LogicalDisk
2025-07-09 09:29:58,420 - WARNING - Enhanced device detection failed, using fallback: winmgmts:.Win32_LogicalDisk
2025-07-09 09:30:00,426 - WARNING - Enhanced device detection failed, using fallback: winmgmts:.Win32_LogicalDisk
2025-07-09 09:30:02,429 - WARNING - Enhanced device detection failed, using fallback: winmgmts:.Win32_LogicalDisk
2025-07-09 09:30:04,435 - WARNING - Enhanced device detection failed, using fallback: winmgmts:.Win32_LogicalDisk
2025-07-09 09:30:06,440 - WARNING - Enhanced device detection failed, using fallback: winmgmts:.Win32_LogicalDisk
2025-07-09 09:30:08,446 - WARNING - Enhanced device detection failed, using fallback: winmgmts:.Win32_LogicalDisk
2025-07-09 09:30:10,450 - WARNING - Enhanced device detection failed, using fallback: winmgmts:.Win32_LogicalDisk
2025-07-09 09:30:12,454 - WARNING - Enhanced device detection failed, using fallback: winmgmts:.Win32_LogicalDisk
2025-07-09 09:30:14,457 - WARNING - Enhanced device detection failed, using fallback: winmgmts:.Win32_LogicalDisk
2025-07-09 09:30:16,461 - WARNING - Enhanced device detection failed, using fallback: winmgmts:.Win32_LogicalDisk
2025-07-09 09:30:18,465 - WARNING - Enhanced device detection failed, using fallback: winmgmts:.Win32_LogicalDisk
2025-07-09 09:30:20,470 - WARNING - Enhanced device detection failed, using fallback: winmgmts:.Win32_LogicalDisk
2025-07-09 09:30:22,473 - WARNING - Enhanced device detection failed, using fallback: winmgmts:.Win32_LogicalDisk
2025-07-09 09:30:24,478 - WARNING - Enhanced device detection failed, using fallback: winmgmts:.Win32_LogicalDisk
2025-07-09 09:30:26,482 - WARNING - Enhanced device detection failed, using fallback: winmgmts:.Win32_LogicalDisk
2025-07-09 09:30:28,486 - WARNING - Enhanced device detection failed, using fallback: winmgmts:.Win32_LogicalDisk
2025-07-09 09:30:30,490 - WARNING - Enhanced device detection failed, using fallback: winmgmts:.Win32_LogicalDisk
2025-07-09 09:30:32,493 - WARNING - Enhanced device detection failed, using fallback: winmgmts:.Win32_LogicalDisk
2025-07-09 09:30:34,498 - WARNING - Enhanced device detection failed, using fallback: winmgmts:.Win32_LogicalDisk
2025-07-09 09:30:36,503 - WARNING - Enhanced device detection failed, using fallback: winmgmts:.Win32_LogicalDisk
2025-07-09 09:30:38,506 - WARNING - Enhanced device detection failed, using fallback: winmgmts:.Win32_LogicalDisk
2025-07-09 09:30:40,510 - WARNING - Enhanced device detection failed, using fallback: winmgmts:.Win32_LogicalDisk
2025-07-09 09:30:42,513 - WARNING - Enhanced device detection failed, using fallback: winmgmts:.Win32_LogicalDisk
2025-07-09 09:30:44,517 - WARNING - Enhanced device detection failed, using fallback: winmgmts:.Win32_LogicalDisk
2025-07-09 09:30:46,523 - WARNING - Enhanced device detection failed, using fallback: winmgmts:.Win32_LogicalDisk
2025-07-09 09:30:48,526 - WARNING - Enhanced device detection failed, using fallback: winmgmts:.Win32_LogicalDisk
2025-07-09 09:30:50,529 - WARNING - Enhanced device detection failed, using fallback: winmgmts:.Win32_LogicalDisk
2025-07-09 09:30:52,532 - WARNING - Enhanced device detection failed, using fallback: winmgmts:.Win32_LogicalDisk
2025-07-09 09:30:54,536 - WARNING - Enhanced device detection failed, using fallback: winmgmts:.Win32_LogicalDisk
2025-07-09 09:30:56,538 - WARNING - Enhanced device detection failed, using fallback: winmgmts:.Win32_LogicalDisk
2025-07-09 09:30:58,541 - WARNING - Enhanced device detection failed, using fallback: winmgmts:.Win32_LogicalDisk
2025-07-09 09:31:00,545 - WARNING - Enhanced device detection failed, using fallback: winmgmts:.Win32_LogicalDisk
2025-07-09 09:31:02,551 - WARNING - Enhanced device detection failed, using fallback: winmgmts:.Win32_LogicalDisk
2025-07-09 09:31:04,555 - WARNING - Enhanced device detection failed, using fallback: winmgmts:.Win32_LogicalDisk
2025-07-09 09:31:06,559 - WARNING - Enhanced device detection failed, using fallback: winmgmts:.Win32_LogicalDisk
2025-07-09 09:31:08,561 - WARNING - Enhanced device detection failed, using fallback: winmgmts:.Win32_LogicalDisk
2025-07-09 09:31:10,565 - WARNING - Enhanced device detection failed, using fallback: winmgmts:.Win32_LogicalDisk
2025-07-09 09:31:12,570 - WARNING - Enhanced device detection failed, using fallback: winmgmts:.Win32_LogicalDisk
2025-07-09 09:31:14,573 - WARNING - Enhanced device detection failed, using fallback: winmgmts:.Win32_LogicalDisk
2025-07-09 09:31:16,576 - WARNING - Enhanced device detection failed, using fallback: winmgmts:.Win32_LogicalDisk
2025-07-09 09:31:18,579 - WARNING - Enhanced device detection failed, using fallback: winmgmts:.Win32_LogicalDisk
2025-07-09 09:31:20,581 - WARNING - Enhanced device detection failed, using fallback: winmgmts:.Win32_LogicalDisk
2025-07-09 09:31:22,584 - WARNING - Enhanced device detection failed, using fallback: winmgmts:.Win32_LogicalDisk
2025-07-09 09:31:24,587 - WARNING - Enhanced device detection failed, using fallback: winmgmts:.Win32_LogicalDisk
2025-07-09 09:31:26,592 - WARNING - Enhanced device detection failed, using fallback: winmgmts:.Win32_LogicalDisk
2025-07-09 09:31:28,594 - WARNING - Enhanced device detection failed, using fallback: winmgmts:.Win32_LogicalDisk
2025-07-09 09:31:30,598 - WARNING - Enhanced device detection failed, using fallback: winmgmts:.Win32_LogicalDisk
2025-07-09 09:31:32,600 - WARNING - Enhanced device detection failed, using fallback: winmgmts:.Win32_LogicalDisk
2025-07-09 09:31:34,602 - WARNING - Enhanced device detection failed, using fallback: winmgmts:.Win32_LogicalDisk
2025-07-09 09:31:36,605 - WARNING - Enhanced device detection failed, using fallback: winmgmts:.Win32_LogicalDisk
2025-07-09 09:31:38,607 - WARNING - Enhanced device detection failed, using fallback: winmgmts:.Win32_LogicalDisk
2025-07-09 09:31:40,611 - WARNING - Enhanced device detection failed, using fallback: winmgmts:.Win32_LogicalDisk
2025-07-09 09:31:42,614 - WARNING - Enhanced device detection failed, using fallback: winmgmts:.Win32_LogicalDisk
2025-07-09 09:31:44,618 - WARNING - Enhanced device detection failed, using fallback: winmgmts:.Win32_LogicalDisk
2025-07-09 09:31:46,622 - WARNING - Enhanced device detection failed, using fallback: winmgmts:.Win32_LogicalDisk
2025-07-09 09:31:48,626 - WARNING - Enhanced device detection failed, using fallback: winmgmts:.Win32_LogicalDisk
2025-07-09 09:31:50,630 - WARNING - Enhanced device detection failed, using fallback: winmgmts:.Win32_LogicalDisk
2025-07-09 09:31:52,634 - WARNING - Enhanced device detection failed, using fallback: winmgmts:.Win32_LogicalDisk
2025-07-09 09:31:54,637 - WARNING - Enhanced device detection failed, using fallback: winmgmts:.Win32_LogicalDisk
2025-07-09 09:31:56,640 - WARNING - Enhanced device detection failed, using fallback: winmgmts:.Win32_LogicalDisk
2025-07-09 09:31:58,642 - WARNING - Enhanced device detection failed, using fallback: winmgmts:.Win32_LogicalDisk
2025-07-09 09:32:00,645 - WARNING - Enhanced device detection failed, using fallback: winmgmts:.Win32_LogicalDisk
2025-07-09 09:32:02,648 - WARNING - Enhanced device detection failed, using fallback: winmgmts:.Win32_LogicalDisk
2025-07-09 09:32:04,651 - WARNING - Enhanced device detection failed, using fallback: winmgmts:.Win32_LogicalDisk
2025-07-09 09:32:06,654 - WARNING - Enhanced device detection failed, using fallback: winmgmts:.Win32_LogicalDisk
2025-07-09 09:32:08,658 - WARNING - Enhanced device detection failed, using fallback: winmgmts:.Win32_LogicalDisk
2025-07-09 09:32:10,661 - WARNING - Enhanced device detection failed, using fallback: winmgmts:.Win32_LogicalDisk
2025-07-09 09:32:12,664 - WARNING - Enhanced device detection failed, using fallback: winmgmts:.Win32_LogicalDisk
2025-07-09 09:32:14,666 - WARNING - Enhanced device detection failed, using fallback: winmgmts:.Win32_LogicalDisk
2025-07-09 09:32:16,669 - WARNING - Enhanced device detection failed, using fallback: winmgmts:.Win32_LogicalDisk
2025-07-09 09:33:50,331 - INFO - Starting Smart USB DLP System
2025-07-09 09:33:50,331 - INFO - Model initialized successfully
2025-07-09 09:34:18,306 - INFO - Initializing USB DLP System
2025-07-09 09:34:18,309 - INFO - WMI connection established successfully
2025-07-09 09:34:18,324 - INFO - System initialization complete
2025-07-09 09:34:18,327 - INFO - Starting monitoring services
2025-07-09 09:34:18,328 - INFO - USB Event: {"timestamp": "2025-07-09T09:34:18.327216", "event_type": "monitoring_started", "threat_level": "INFO", "details": {}, "system_info": {"hostname": "LAPTOP-9N62H7OO", "user": "aayus"}, "event_data": {"status": "starting"}}
2025-07-09 09:34:18,328 - INFO - Starting USB DLP System...
2025-07-09 09:34:18,329 - INFO - Dashboard will be available at http://localhost:5000
2025-07-09 09:34:18,348 - INFO - [31m[1mWARNING: This is a development server. Do not use it in a production deployment. Use a production WSGI server instead.[0m
 * Running on all addresses (0.0.0.0)
 * Running on http://127.0.0.1:5000
 * Running on http://192.168.1.4:5000
2025-07-09 09:34:18,349 - INFO - [33mPress CTRL+C to quit[0m
2025-07-09 09:34:20,395 - INFO - Event sent to Splunk successfully
2025-07-09 09:34:20,396 - INFO - Starting Enhanced USB monitoring service with MTP support...
2025-07-09 09:34:20,397 - WARNING - Enhanced device detection failed, using fallback: winmgmts:.Win32_LogicalDisk
2025-07-09 09:34:21,841 - INFO - 127.0.0.1 - - [09/Jul/2025 09:34:21] "GET /socket.io/?EIO=4&transport=polling&t=PVjMn-N HTTP/1.1" 200 -
2025-07-09 09:34:22,105 - INFO - Client connected to dashboard
2025-07-09 09:34:22,106 - INFO - 127.0.0.1 - - [09/Jul/2025 09:34:22] "POST /socket.io/?EIO=4&transport=polling&t=PVjMo3L&sid=x4VK5wIB1hEALaFqAAAA HTTP/1.1" 200 -
2025-07-09 09:34:22,151 - INFO - 127.0.0.1 - - [09/Jul/2025 09:34:22] "GET /socket.io/?EIO=4&transport=polling&t=PVjMo3N&sid=x4VK5wIB1hEALaFqAAAA HTTP/1.1" 200 -
2025-07-09 09:34:22,160 - INFO - 127.0.0.1 - - [09/Jul/2025 09:34:22] "POST /socket.io/?EIO=4&transport=polling&t=PVjMo8E&sid=x4VK5wIB1hEALaFqAAAA HTTP/1.1" 200 -
2025-07-09 09:34:22,400 - WARNING - Enhanced device detection failed, using fallback: winmgmts:.Win32_LogicalDisk
2025-07-09 09:34:22,478 - INFO - 127.0.0.1 - - [09/Jul/2025 09:34:22] "GET /socket.io/?EIO=4&transport=polling&t=PVjMo8F&sid=x4VK5wIB1hEALaFqAAAA HTTP/1.1" 200 -
2025-07-09 09:34:23,186 - INFO - 127.0.0.1 - - [09/Jul/2025 09:34:23] "GET /socket.io/?EIO=4&transport=websocket&sid=x4VK5wIB1hEALaFqAAAA HTTP/1.1" 200 -
2025-07-09 09:34:23,586 - INFO - 127.0.0.1 - - [09/Jul/2025 09:34:23] "[36mGET / HTTP/1.1[0m" 304 -
2025-07-09 09:34:23,773 - INFO - 127.0.0.1 - - [09/Jul/2025 09:34:23] "[36mGET /static/styles.css HTTP/1.1[0m" 304 -
2025-07-09 09:34:23,970 - INFO - 127.0.0.1 - - [09/Jul/2025 09:34:23] "[36mGET /static/dashboard.js HTTP/1.1[0m" 304 -
2025-07-09 09:34:23,981 - INFO - 127.0.0.1 - - [09/Jul/2025 09:34:23] "GET /socket.io/?EIO=4&transport=polling&t=PVjMoae HTTP/1.1" 200 -
2025-07-09 09:34:24,306 - INFO - Client connected to dashboard
2025-07-09 09:34:24,307 - INFO - 127.0.0.1 - - [09/Jul/2025 09:34:24] "POST /socket.io/?EIO=4&transport=polling&t=PVjMoaq&sid=-l866-w99WmkxqHEAAAC HTTP/1.1" 200 -
2025-07-09 09:34:24,307 - INFO - 127.0.0.1 - - [09/Jul/2025 09:34:24] "GET /socket.io/?EIO=4&transport=polling&t=PVjMoas&sid=-l866-w99WmkxqHEAAAC HTTP/1.1" 200 -
2025-07-09 09:34:24,404 - WARNING - Enhanced device detection failed, using fallback: winmgmts:.Win32_LogicalDisk
2025-07-09 09:34:26,408 - WARNING - Enhanced device detection failed, using fallback: winmgmts:.Win32_LogicalDisk
2025-07-09 09:34:28,412 - WARNING - Enhanced device detection failed, using fallback: winmgmts:.Win32_LogicalDisk
2025-07-09 09:34:30,416 - WARNING - Enhanced device detection failed, using fallback: winmgmts:.Win32_LogicalDisk
2025-07-09 09:34:32,420 - WARNING - Enhanced device detection failed, using fallback: winmgmts:.Win32_LogicalDisk
2025-07-09 09:34:34,430 - WARNING - Enhanced device detection failed, using fallback: winmgmts:.Win32_LogicalDisk
2025-07-09 09:34:36,435 - WARNING - Enhanced device detection failed, using fallback: winmgmts:.Win32_LogicalDisk
2025-07-09 09:34:38,439 - WARNING - Enhanced device detection failed, using fallback: winmgmts:.Win32_LogicalDisk
2025-07-09 09:34:40,442 - WARNING - Enhanced device detection failed, using fallback: winmgmts:.Win32_LogicalDisk
2025-07-09 09:34:42,447 - WARNING - Enhanced device detection failed, using fallback: winmgmts:.Win32_LogicalDisk
2025-07-09 09:34:44,452 - WARNING - Enhanced device detection failed, using fallback: winmgmts:.Win32_LogicalDisk
2025-07-09 09:34:46,456 - WARNING - Enhanced device detection failed, using fallback: winmgmts:.Win32_LogicalDisk
2025-07-09 09:34:48,461 - WARNING - Enhanced device detection failed, using fallback: winmgmts:.Win32_LogicalDisk
2025-07-09 09:34:50,465 - WARNING - Enhanced device detection failed, using fallback: winmgmts:.Win32_LogicalDisk
2025-07-09 09:34:52,470 - WARNING - Enhanced device detection failed, using fallback: winmgmts:.Win32_LogicalDisk
2025-07-09 09:34:54,473 - WARNING - Enhanced device detection failed, using fallback: winmgmts:.Win32_LogicalDisk
2025-07-09 09:34:56,478 - WARNING - Enhanced device detection failed, using fallback: winmgmts:.Win32_LogicalDisk
2025-07-09 09:34:58,484 - WARNING - Enhanced device detection failed, using fallback: winmgmts:.Win32_LogicalDisk
2025-07-09 09:35:00,488 - WARNING - Enhanced device detection failed, using fallback: winmgmts:.Win32_LogicalDisk
2025-07-09 09:35:02,491 - WARNING - Enhanced device detection failed, using fallback: winmgmts:.Win32_LogicalDisk
2025-07-09 09:35:04,497 - WARNING - Enhanced device detection failed, using fallback: winmgmts:.Win32_LogicalDisk
2025-07-09 09:35:06,501 - WARNING - Enhanced device detection failed, using fallback: winmgmts:.Win32_LogicalDisk
2025-07-09 09:35:08,505 - WARNING - Enhanced device detection failed, using fallback: winmgmts:.Win32_LogicalDisk
2025-07-09 09:35:10,508 - WARNING - Enhanced device detection failed, using fallback: winmgmts:.Win32_LogicalDisk
2025-07-09 09:35:12,512 - WARNING - Enhanced device detection failed, using fallback: winmgmts:.Win32_LogicalDisk
2025-07-09 09:35:14,516 - WARNING - Enhanced device detection failed, using fallback: winmgmts:.Win32_LogicalDisk
2025-07-09 09:35:16,520 - WARNING - Enhanced device detection failed, using fallback: winmgmts:.Win32_LogicalDisk
2025-07-09 09:35:18,523 - WARNING - Enhanced device detection failed, using fallback: winmgmts:.Win32_LogicalDisk
2025-07-09 09:35:20,526 - WARNING - Enhanced device detection failed, using fallback: winmgmts:.Win32_LogicalDisk
2025-07-09 09:35:22,529 - WARNING - Enhanced device detection failed, using fallback: winmgmts:.Win32_LogicalDisk
2025-07-09 09:35:24,533 - WARNING - Enhanced device detection failed, using fallback: winmgmts:.Win32_LogicalDisk
2025-07-09 09:35:26,537 - WARNING - Enhanced device detection failed, using fallback: winmgmts:.Win32_LogicalDisk
2025-07-09 09:35:28,541 - WARNING - Enhanced device detection failed, using fallback: winmgmts:.Win32_LogicalDisk
2025-07-09 09:35:30,544 - WARNING - Enhanced device detection failed, using fallback: winmgmts:.Win32_LogicalDisk
2025-07-09 09:35:32,548 - WARNING - Enhanced device detection failed, using fallback: winmgmts:.Win32_LogicalDisk
2025-07-09 09:35:34,552 - WARNING - Enhanced device detection failed, using fallback: winmgmts:.Win32_LogicalDisk
2025-07-09 09:35:36,554 - WARNING - Enhanced device detection failed, using fallback: winmgmts:.Win32_LogicalDisk
2025-07-09 09:35:38,558 - WARNING - Enhanced device detection failed, using fallback: winmgmts:.Win32_LogicalDisk
2025-07-09 09:35:40,563 - WARNING - Enhanced device detection failed, using fallback: winmgmts:.Win32_LogicalDisk
2025-07-09 09:35:42,566 - WARNING - Enhanced device detection failed, using fallback: winmgmts:.Win32_LogicalDisk
2025-07-09 09:35:44,569 - WARNING - Enhanced device detection failed, using fallback: winmgmts:.Win32_LogicalDisk
2025-07-09 09:35:46,573 - WARNING - Enhanced device detection failed, using fallback: winmgmts:.Win32_LogicalDisk
2025-07-09 09:35:48,580 - WARNING - Enhanced device detection failed, using fallback: winmgmts:.Win32_LogicalDisk
2025-07-09 09:35:50,586 - WARNING - Enhanced device detection failed, using fallback: winmgmts:.Win32_LogicalDisk
2025-07-09 09:35:52,588 - WARNING - Enhanced device detection failed, using fallback: winmgmts:.Win32_LogicalDisk
2025-07-09 09:35:54,596 - WARNING - Enhanced device detection failed, using fallback: winmgmts:.Win32_LogicalDisk
2025-07-09 09:35:56,604 - WARNING - Enhanced device detection failed, using fallback: winmgmts:.Win32_LogicalDisk
2025-07-09 09:35:58,610 - WARNING - Enhanced device detection failed, using fallback: winmgmts:.Win32_LogicalDisk
2025-07-09 09:36:00,615 - WARNING - Enhanced device detection failed, using fallback: winmgmts:.Win32_LogicalDisk
2025-07-09 09:36:02,619 - WARNING - Enhanced device detection failed, using fallback: winmgmts:.Win32_LogicalDisk
2025-07-09 09:36:04,623 - WARNING - Enhanced device detection failed, using fallback: winmgmts:.Win32_LogicalDisk
2025-07-09 09:36:06,626 - WARNING - Enhanced device detection failed, using fallback: winmgmts:.Win32_LogicalDisk
2025-07-09 09:36:08,631 - WARNING - Enhanced device detection failed, using fallback: winmgmts:.Win32_LogicalDisk
2025-07-09 09:36:10,637 - WARNING - Enhanced device detection failed, using fallback: winmgmts:.Win32_LogicalDisk
2025-07-09 09:36:12,640 - WARNING - Enhanced device detection failed, using fallback: winmgmts:.Win32_LogicalDisk
2025-07-09 09:36:14,645 - WARNING - Enhanced device detection failed, using fallback: winmgmts:.Win32_LogicalDisk
2025-07-09 09:36:16,651 - WARNING - Enhanced device detection failed, using fallback: winmgmts:.Win32_LogicalDisk
2025-07-09 09:36:18,656 - WARNING - Enhanced device detection failed, using fallback: winmgmts:.Win32_LogicalDisk
2025-07-09 09:36:20,661 - WARNING - Enhanced device detection failed, using fallback: winmgmts:.Win32_LogicalDisk
2025-07-09 09:36:22,663 - WARNING - Enhanced device detection failed, using fallback: winmgmts:.Win32_LogicalDisk
2025-07-09 09:36:24,667 - WARNING - Enhanced device detection failed, using fallback: winmgmts:.Win32_LogicalDisk
2025-07-09 09:36:26,670 - WARNING - Enhanced device detection failed, using fallback: winmgmts:.Win32_LogicalDisk
2025-07-09 09:36:28,672 - WARNING - Enhanced device detection failed, using fallback: winmgmts:.Win32_LogicalDisk
2025-07-09 09:36:30,676 - WARNING - Enhanced device detection failed, using fallback: winmgmts:.Win32_LogicalDisk
2025-07-09 09:36:32,681 - WARNING - Enhanced device detection failed, using fallback: winmgmts:.Win32_LogicalDisk
2025-07-09 09:36:34,688 - WARNING - Enhanced device detection failed, using fallback: winmgmts:.Win32_LogicalDisk
2025-07-09 09:36:36,693 - WARNING - Enhanced device detection failed, using fallback: winmgmts:.Win32_LogicalDisk
2025-07-09 09:36:38,699 - WARNING - Enhanced device detection failed, using fallback: winmgmts:.Win32_LogicalDisk
2025-07-09 09:36:40,701 - WARNING - Enhanced device detection failed, using fallback: winmgmts:.Win32_LogicalDisk
2025-07-09 09:36:42,708 - WARNING - Enhanced device detection failed, using fallback: winmgmts:.Win32_LogicalDisk
2025-07-09 09:36:44,712 - WARNING - Enhanced device detection failed, using fallback: winmgmts:.Win32_LogicalDisk
2025-07-09 09:36:46,717 - WARNING - Enhanced device detection failed, using fallback: winmgmts:.Win32_LogicalDisk
2025-07-09 09:36:48,720 - WARNING - Enhanced device detection failed, using fallback: winmgmts:.Win32_LogicalDisk
2025-07-09 09:36:50,722 - WARNING - Enhanced device detection failed, using fallback: winmgmts:.Win32_LogicalDisk
2025-07-09 09:36:52,725 - WARNING - Enhanced device detection failed, using fallback: winmgmts:.Win32_LogicalDisk
2025-07-09 09:36:54,728 - WARNING - Enhanced device detection failed, using fallback: winmgmts:.Win32_LogicalDisk
2025-07-09 09:36:56,733 - WARNING - Enhanced device detection failed, using fallback: winmgmts:.Win32_LogicalDisk
2025-07-09 09:36:58,735 - WARNING - Enhanced device detection failed, using fallback: winmgmts:.Win32_LogicalDisk
2025-07-09 09:37:00,738 - WARNING - Enhanced device detection failed, using fallback: winmgmts:.Win32_LogicalDisk
2025-07-09 09:37:02,740 - WARNING - Enhanced device detection failed, using fallback: winmgmts:.Win32_LogicalDisk
2025-07-09 09:37:04,753 - WARNING - Enhanced device detection failed, using fallback: winmgmts:.Win32_LogicalDisk
2025-07-09 09:37:06,757 - WARNING - Enhanced device detection failed, using fallback: winmgmts:.Win32_LogicalDisk
2025-07-09 09:37:08,760 - WARNING - Enhanced device detection failed, using fallback: winmgmts:.Win32_LogicalDisk
2025-07-09 09:37:10,764 - WARNING - Enhanced device detection failed, using fallback: winmgmts:.Win32_LogicalDisk
2025-07-09 09:37:12,770 - WARNING - Enhanced device detection failed, using fallback: winmgmts:.Win32_LogicalDisk
2025-07-09 09:37:14,776 - WARNING - Enhanced device detection failed, using fallback: winmgmts:.Win32_LogicalDisk
2025-07-09 09:37:16,780 - WARNING - Enhanced device detection failed, using fallback: winmgmts:.Win32_LogicalDisk
2025-07-09 09:37:18,782 - WARNING - Enhanced device detection failed, using fallback: winmgmts:.Win32_LogicalDisk
2025-07-09 09:37:20,786 - WARNING - Enhanced device detection failed, using fallback: winmgmts:.Win32_LogicalDisk
2025-07-09 09:37:22,791 - WARNING - Enhanced device detection failed, using fallback: winmgmts:.Win32_LogicalDisk
2025-07-09 09:37:24,794 - WARNING - Enhanced device detection failed, using fallback: winmgmts:.Win32_LogicalDisk
2025-07-09 09:37:26,799 - WARNING - Enhanced device detection failed, using fallback: winmgmts:.Win32_LogicalDisk
2025-07-09 09:37:28,803 - WARNING - Enhanced device detection failed, using fallback: winmgmts:.Win32_LogicalDisk
2025-07-09 09:37:30,806 - WARNING - Enhanced device detection failed, using fallback: winmgmts:.Win32_LogicalDisk
2025-07-09 09:37:32,808 - WARNING - Enhanced device detection failed, using fallback: winmgmts:.Win32_LogicalDisk
2025-07-09 09:37:34,811 - WARNING - Enhanced device detection failed, using fallback: winmgmts:.Win32_LogicalDisk
2025-07-09 09:37:36,816 - WARNING - Enhanced device detection failed, using fallback: winmgmts:.Win32_LogicalDisk
2025-07-09 09:37:38,818 - WARNING - Enhanced device detection failed, using fallback: winmgmts:.Win32_LogicalDisk
2025-07-09 09:37:40,821 - WARNING - Enhanced device detection failed, using fallback: winmgmts:.Win32_LogicalDisk
2025-07-09 09:37:42,824 - WARNING - Enhanced device detection failed, using fallback: winmgmts:.Win32_LogicalDisk
2025-07-09 09:37:44,827 - WARNING - Enhanced device detection failed, using fallback: winmgmts:.Win32_LogicalDisk
2025-07-09 09:37:46,832 - WARNING - Enhanced device detection failed, using fallback: winmgmts:.Win32_LogicalDisk
2025-07-09 09:37:48,836 - WARNING - Enhanced device detection failed, using fallback: winmgmts:.Win32_LogicalDisk
2025-07-09 09:37:50,841 - WARNING - Enhanced device detection failed, using fallback: winmgmts:.Win32_LogicalDisk
2025-07-09 09:37:52,847 - WARNING - Enhanced device detection failed, using fallback: winmgmts:.Win32_LogicalDisk
2025-07-09 09:37:54,849 - WARNING - Enhanced device detection failed, using fallback: winmgmts:.Win32_LogicalDisk
2025-07-09 09:37:56,854 - WARNING - Enhanced device detection failed, using fallback: winmgmts:.Win32_LogicalDisk
2025-07-09 09:37:58,858 - WARNING - Enhanced device detection failed, using fallback: winmgmts:.Win32_LogicalDisk
2025-07-09 09:38:00,864 - WARNING - Enhanced device detection failed, using fallback: winmgmts:.Win32_LogicalDisk
2025-07-09 09:38:02,869 - WARNING - Enhanced device detection failed, using fallback: winmgmts:.Win32_LogicalDisk
2025-07-09 09:38:04,873 - WARNING - Enhanced device detection failed, using fallback: winmgmts:.Win32_LogicalDisk
2025-07-09 09:38:06,878 - WARNING - Enhanced device detection failed, using fallback: winmgmts:.Win32_LogicalDisk
2025-07-09 09:38:08,883 - WARNING - Enhanced device detection failed, using fallback: winmgmts:.Win32_LogicalDisk
2025-07-09 09:38:10,886 - WARNING - Enhanced device detection failed, using fallback: winmgmts:.Win32_LogicalDisk
2025-07-09 09:38:12,891 - WARNING - Enhanced device detection failed, using fallback: winmgmts:.Win32_LogicalDisk
2025-07-09 09:38:14,894 - WARNING - Enhanced device detection failed, using fallback: winmgmts:.Win32_LogicalDisk
2025-07-09 09:38:16,897 - WARNING - Enhanced device detection failed, using fallback: winmgmts:.Win32_LogicalDisk
2025-07-09 09:38:18,900 - WARNING - Enhanced device detection failed, using fallback: winmgmts:.Win32_LogicalDisk
2025-07-09 09:38:20,906 - WARNING - Enhanced device detection failed, using fallback: winmgmts:.Win32_LogicalDisk
2025-07-09 09:38:22,912 - WARNING - Enhanced device detection failed, using fallback: winmgmts:.Win32_LogicalDisk
2025-07-09 09:38:24,915 - WARNING - Enhanced device detection failed, using fallback: winmgmts:.Win32_LogicalDisk
2025-07-09 09:38:26,920 - WARNING - Enhanced device detection failed, using fallback: winmgmts:.Win32_LogicalDisk
2025-07-09 09:38:28,924 - WARNING - Enhanced device detection failed, using fallback: winmgmts:.Win32_LogicalDisk
2025-07-09 09:38:30,929 - WARNING - Enhanced device detection failed, using fallback: winmgmts:.Win32_LogicalDisk
2025-07-09 09:38:32,934 - WARNING - Enhanced device detection failed, using fallback: winmgmts:.Win32_LogicalDisk
2025-07-09 09:38:34,939 - WARNING - Enhanced device detection failed, using fallback: winmgmts:.Win32_LogicalDisk
2025-07-09 09:38:36,942 - WARNING - Enhanced device detection failed, using fallback: winmgmts:.Win32_LogicalDisk
2025-07-09 09:38:38,945 - WARNING - Enhanced device detection failed, using fallback: winmgmts:.Win32_LogicalDisk
2025-07-09 09:38:40,947 - WARNING - Enhanced device detection failed, using fallback: winmgmts:.Win32_LogicalDisk
2025-07-09 09:38:42,954 - WARNING - Enhanced device detection failed, using fallback: winmgmts:.Win32_LogicalDisk
2025-07-09 09:38:44,960 - WARNING - Enhanced device detection failed, using fallback: winmgmts:.Win32_LogicalDisk
2025-07-09 09:38:46,966 - WARNING - Enhanced device detection failed, using fallback: winmgmts:.Win32_LogicalDisk
2025-07-09 09:38:48,973 - WARNING - Enhanced device detection failed, using fallback: winmgmts:.Win32_LogicalDisk
2025-07-09 09:38:50,979 - WARNING - Enhanced device detection failed, using fallback: winmgmts:.Win32_LogicalDisk
2025-07-09 09:38:52,985 - WARNING - Enhanced device detection failed, using fallback: winmgmts:.Win32_LogicalDisk
2025-07-09 09:38:54,988 - WARNING - Enhanced device detection failed, using fallback: winmgmts:.Win32_LogicalDisk
2025-07-09 09:38:56,992 - WARNING - Enhanced device detection failed, using fallback: winmgmts:.Win32_LogicalDisk
2025-07-09 09:38:58,996 - WARNING - Enhanced device detection failed, using fallback: winmgmts:.Win32_LogicalDisk
2025-07-09 09:39:01,000 - WARNING - Enhanced device detection failed, using fallback: winmgmts:.Win32_LogicalDisk
2025-07-09 09:39:03,006 - WARNING - Enhanced device detection failed, using fallback: winmgmts:.Win32_LogicalDisk
2025-07-09 09:39:05,009 - WARNING - Enhanced device detection failed, using fallback: winmgmts:.Win32_LogicalDisk
2025-07-09 09:39:07,012 - WARNING - Enhanced device detection failed, using fallback: winmgmts:.Win32_LogicalDisk
2025-07-09 09:39:09,015 - WARNING - Enhanced device detection failed, using fallback: winmgmts:.Win32_LogicalDisk
2025-07-09 09:39:11,018 - WARNING - Enhanced device detection failed, using fallback: winmgmts:.Win32_LogicalDisk
2025-07-09 09:39:13,020 - WARNING - Enhanced device detection failed, using fallback: winmgmts:.Win32_LogicalDisk
2025-07-09 09:39:15,024 - WARNING - Enhanced device detection failed, using fallback: winmgmts:.Win32_LogicalDisk
2025-07-09 09:39:17,027 - WARNING - Enhanced device detection failed, using fallback: winmgmts:.Win32_LogicalDisk
2025-07-09 09:39:19,030 - WARNING - Enhanced device detection failed, using fallback: winmgmts:.Win32_LogicalDisk
2025-07-09 09:39:21,034 - WARNING - Enhanced device detection failed, using fallback: winmgmts:.Win32_LogicalDisk
2025-07-09 09:39:23,038 - WARNING - Enhanced device detection failed, using fallback: winmgmts:.Win32_LogicalDisk
2025-07-09 09:39:25,041 - WARNING - Enhanced device detection failed, using fallback: winmgmts:.Win32_LogicalDisk
2025-07-09 09:39:27,047 - WARNING - Enhanced device detection failed, using fallback: winmgmts:.Win32_LogicalDisk
2025-07-09 09:39:29,052 - WARNING - Enhanced device detection failed, using fallback: winmgmts:.Win32_LogicalDisk
2025-07-09 09:39:31,056 - WARNING - Enhanced device detection failed, using fallback: winmgmts:.Win32_LogicalDisk
2025-07-09 09:39:33,059 - WARNING - Enhanced device detection failed, using fallback: winmgmts:.Win32_LogicalDisk
2025-07-09 09:39:35,065 - WARNING - Enhanced device detection failed, using fallback: winmgmts:.Win32_LogicalDisk
2025-07-09 09:39:37,067 - WARNING - Enhanced device detection failed, using fallback: winmgmts:.Win32_LogicalDisk
2025-07-09 09:39:39,070 - WARNING - Enhanced device detection failed, using fallback: winmgmts:.Win32_LogicalDisk
2025-07-09 09:39:41,073 - WARNING - Enhanced device detection failed, using fallback: winmgmts:.Win32_LogicalDisk
2025-07-09 09:39:43,079 - WARNING - Enhanced device detection failed, using fallback: winmgmts:.Win32_LogicalDisk
2025-07-09 09:39:45,085 - WARNING - Enhanced device detection failed, using fallback: winmgmts:.Win32_LogicalDisk
2025-07-09 09:39:47,091 - WARNING - Enhanced device detection failed, using fallback: winmgmts:.Win32_LogicalDisk
2025-07-09 09:39:49,094 - WARNING - Enhanced device detection failed, using fallback: winmgmts:.Win32_LogicalDisk
2025-07-09 09:39:51,100 - WARNING - Enhanced device detection failed, using fallback: winmgmts:.Win32_LogicalDisk
2025-07-09 09:39:53,104 - WARNING - Enhanced device detection failed, using fallback: winmgmts:.Win32_LogicalDisk
2025-07-09 09:39:55,106 - WARNING - Enhanced device detection failed, using fallback: winmgmts:.Win32_LogicalDisk
2025-07-09 09:39:57,112 - WARNING - Enhanced device detection failed, using fallback: winmgmts:.Win32_LogicalDisk
2025-07-09 09:39:59,117 - WARNING - Enhanced device detection failed, using fallback: winmgmts:.Win32_LogicalDisk
2025-07-09 09:40:01,122 - WARNING - Enhanced device detection failed, using fallback: winmgmts:.Win32_LogicalDisk
2025-07-09 09:40:03,125 - WARNING - Enhanced device detection failed, using fallback: winmgmts:.Win32_LogicalDisk
2025-07-09 09:40:05,131 - WARNING - Enhanced device detection failed, using fallback: winmgmts:.Win32_LogicalDisk
2025-07-09 09:40:07,137 - WARNING - Enhanced device detection failed, using fallback: winmgmts:.Win32_LogicalDisk
2025-07-09 09:40:09,139 - WARNING - Enhanced device detection failed, using fallback: winmgmts:.Win32_LogicalDisk
2025-07-09 09:40:11,142 - WARNING - Enhanced device detection failed, using fallback: winmgmts:.Win32_LogicalDisk
2025-07-09 09:40:13,146 - WARNING - Enhanced device detection failed, using fallback: winmgmts:.Win32_LogicalDisk
2025-07-09 09:40:15,148 - WARNING - Enhanced device detection failed, using fallback: winmgmts:.Win32_LogicalDisk
2025-07-09 09:40:17,155 - WARNING - Enhanced device detection failed, using fallback: winmgmts:.Win32_LogicalDisk
2025-07-09 09:40:19,158 - WARNING - Enhanced device detection failed, using fallback: winmgmts:.Win32_LogicalDisk
2025-07-09 09:40:21,161 - WARNING - Enhanced device detection failed, using fallback: winmgmts:.Win32_LogicalDisk
2025-07-09 09:40:23,166 - WARNING - Enhanced device detection failed, using fallback: winmgmts:.Win32_LogicalDisk
2025-07-09 09:40:25,169 - WARNING - Enhanced device detection failed, using fallback: winmgmts:.Win32_LogicalDisk
2025-07-09 09:40:27,175 - WARNING - Enhanced device detection failed, using fallback: winmgmts:.Win32_LogicalDisk
2025-07-09 09:40:29,182 - WARNING - Enhanced device detection failed, using fallback: winmgmts:.Win32_LogicalDisk
2025-07-09 09:40:31,188 - WARNING - Enhanced device detection failed, using fallback: winmgmts:.Win32_LogicalDisk
2025-07-09 09:40:33,193 - WARNING - Enhanced device detection failed, using fallback: winmgmts:.Win32_LogicalDisk
2025-07-09 09:40:35,197 - WARNING - Enhanced device detection failed, using fallback: winmgmts:.Win32_LogicalDisk
2025-07-09 09:40:37,200 - WARNING - Enhanced device detection failed, using fallback: winmgmts:.Win32_LogicalDisk
2025-07-09 09:40:39,204 - WARNING - Enhanced device detection failed, using fallback: winmgmts:.Win32_LogicalDisk
2025-07-09 09:40:41,206 - WARNING - Enhanced device detection failed, using fallback: winmgmts:.Win32_LogicalDisk
2025-07-09 09:40:43,212 - WARNING - Enhanced device detection failed, using fallback: winmgmts:.Win32_LogicalDisk
2025-07-09 09:40:45,215 - WARNING - Enhanced device detection failed, using fallback: winmgmts:.Win32_LogicalDisk
2025-07-09 09:40:47,217 - WARNING - Enhanced device detection failed, using fallback: winmgmts:.Win32_LogicalDisk
2025-07-09 09:40:49,222 - WARNING - Enhanced device detection failed, using fallback: winmgmts:.Win32_LogicalDisk
2025-07-09 09:40:51,229 - WARNING - Enhanced device detection failed, using fallback: winmgmts:.Win32_LogicalDisk
2025-07-09 09:40:53,235 - WARNING - Enhanced device detection failed, using fallback: winmgmts:.Win32_LogicalDisk
2025-07-09 09:40:55,238 - WARNING - Enhanced device detection failed, using fallback: winmgmts:.Win32_LogicalDisk
2025-07-09 09:40:57,244 - WARNING - Enhanced device detection failed, using fallback: winmgmts:.Win32_LogicalDisk
2025-07-09 09:40:59,248 - WARNING - Enhanced device detection failed, using fallback: winmgmts:.Win32_LogicalDisk
2025-07-09 09:41:01,252 - WARNING - Enhanced device detection failed, using fallback: winmgmts:.Win32_LogicalDisk
2025-07-09 09:41:03,255 - WARNING - Enhanced device detection failed, using fallback: winmgmts:.Win32_LogicalDisk
2025-07-09 09:41:05,262 - WARNING - Enhanced device detection failed, using fallback: winmgmts:.Win32_LogicalDisk
2025-07-09 09:41:07,265 - WARNING - Enhanced device detection failed, using fallback: winmgmts:.Win32_LogicalDisk
2025-07-09 09:41:09,268 - WARNING - Enhanced device detection failed, using fallback: winmgmts:.Win32_LogicalDisk
2025-07-09 09:41:11,271 - WARNING - Enhanced device detection failed, using fallback: winmgmts:.Win32_LogicalDisk
2025-07-09 09:41:13,275 - WARNING - Enhanced device detection failed, using fallback: winmgmts:.Win32_LogicalDisk
2025-07-09 09:41:15,277 - WARNING - Enhanced device detection failed, using fallback: winmgmts:.Win32_LogicalDisk
2025-07-09 09:41:17,282 - WARNING - Enhanced device detection failed, using fallback: winmgmts:.Win32_LogicalDisk
2025-07-09 09:41:19,285 - WARNING - Enhanced device detection failed, using fallback: winmgmts:.Win32_LogicalDisk
2025-07-09 09:41:21,287 - WARNING - Enhanced device detection failed, using fallback: winmgmts:.Win32_LogicalDisk
2025-07-09 09:41:23,290 - WARNING - Enhanced device detection failed, using fallback: winmgmts:.Win32_LogicalDisk
2025-07-09 09:41:25,292 - WARNING - Enhanced device detection failed, using fallback: winmgmts:.Win32_LogicalDisk
2025-07-09 09:41:27,294 - WARNING - Enhanced device detection failed, using fallback: winmgmts:.Win32_LogicalDisk
2025-07-09 09:41:29,298 - WARNING - Enhanced device detection failed, using fallback: winmgmts:.Win32_LogicalDisk
2025-07-09 09:41:31,302 - WARNING - Enhanced device detection failed, using fallback: winmgmts:.Win32_LogicalDisk
2025-07-09 09:41:33,304 - WARNING - Enhanced device detection failed, using fallback: winmgmts:.Win32_LogicalDisk
2025-07-09 09:41:35,307 - WARNING - Enhanced device detection failed, using fallback: winmgmts:.Win32_LogicalDisk
2025-07-09 09:41:37,311 - WARNING - Enhanced device detection failed, using fallback: winmgmts:.Win32_LogicalDisk
2025-07-09 09:41:39,313 - WARNING - Enhanced device detection failed, using fallback: winmgmts:.Win32_LogicalDisk
2025-07-09 09:41:41,315 - WARNING - Enhanced device detection failed, using fallback: winmgmts:.Win32_LogicalDisk
2025-07-09 09:41:43,318 - WARNING - Enhanced device detection failed, using fallback: winmgmts:.Win32_LogicalDisk
2025-07-09 09:41:45,320 - WARNING - Enhanced device detection failed, using fallback: winmgmts:.Win32_LogicalDisk
2025-07-09 09:41:47,324 - WARNING - Enhanced device detection failed, using fallback: winmgmts:.Win32_LogicalDisk
2025-07-09 09:41:49,326 - WARNING - Enhanced device detection failed, using fallback: winmgmts:.Win32_LogicalDisk
2025-07-09 09:41:51,331 - WARNING - Enhanced device detection failed, using fallback: winmgmts:.Win32_LogicalDisk
2025-07-09 09:41:53,336 - WARNING - Enhanced device detection failed, using fallback: winmgmts:.Win32_LogicalDisk
2025-07-09 09:41:55,339 - WARNING - Enhanced device detection failed, using fallback: winmgmts:.Win32_LogicalDisk
2025-07-09 09:41:57,342 - WARNING - Enhanced device detection failed, using fallback: winmgmts:.Win32_LogicalDisk
2025-07-09 09:41:59,347 - WARNING - Enhanced device detection failed, using fallback: winmgmts:.Win32_LogicalDisk
2025-07-09 09:42:01,350 - WARNING - Enhanced device detection failed, using fallback: winmgmts:.Win32_LogicalDisk
2025-07-09 09:42:03,353 - WARNING - Enhanced device detection failed, using fallback: winmgmts:.Win32_LogicalDisk
2025-07-09 09:42:05,356 - WARNING - Enhanced device detection failed, using fallback: winmgmts:.Win32_LogicalDisk
2025-07-09 09:42:07,361 - WARNING - Enhanced device detection failed, using fallback: winmgmts:.Win32_LogicalDisk
2025-07-09 09:42:09,366 - WARNING - Enhanced device detection failed, using fallback: winmgmts:.Win32_LogicalDisk
2025-07-09 09:42:11,371 - WARNING - Enhanced device detection failed, using fallback: winmgmts:.Win32_LogicalDisk
2025-07-09 09:42:13,374 - WARNING - Enhanced device detection failed, using fallback: winmgmts:.Win32_LogicalDisk
2025-07-09 09:42:15,377 - WARNING - Enhanced device detection failed, using fallback: winmgmts:.Win32_LogicalDisk
2025-07-09 09:42:17,380 - WARNING - Enhanced device detection failed, using fallback: winmgmts:.Win32_LogicalDisk
2025-07-09 09:42:19,383 - WARNING - Enhanced device detection failed, using fallback: winmgmts:.Win32_LogicalDisk
2025-07-09 09:42:21,388 - WARNING - Enhanced device detection failed, using fallback: winmgmts:.Win32_LogicalDisk
2025-07-09 09:42:23,391 - WARNING - Enhanced device detection failed, using fallback: winmgmts:.Win32_LogicalDisk
2025-07-09 09:42:25,394 - WARNING - Enhanced device detection failed, using fallback: winmgmts:.Win32_LogicalDisk
2025-07-09 09:42:27,398 - WARNING - Enhanced device detection failed, using fallback: winmgmts:.Win32_LogicalDisk
2025-07-09 09:42:29,403 - WARNING - Enhanced device detection failed, using fallback: winmgmts:.Win32_LogicalDisk
2025-07-09 09:42:31,407 - WARNING - Enhanced device detection failed, using fallback: winmgmts:.Win32_LogicalDisk
2025-07-09 09:42:33,409 - WARNING - Enhanced device detection failed, using fallback: winmgmts:.Win32_LogicalDisk
2025-07-09 09:42:35,413 - WARNING - Enhanced device detection failed, using fallback: winmgmts:.Win32_LogicalDisk
2025-07-09 09:42:37,416 - WARNING - Enhanced device detection failed, using fallback: winmgmts:.Win32_LogicalDisk
2025-07-09 09:42:39,419 - WARNING - Enhanced device detection failed, using fallback: winmgmts:.Win32_LogicalDisk
2025-07-09 09:42:41,422 - WARNING - Enhanced device detection failed, using fallback: winmgmts:.Win32_LogicalDisk
2025-07-09 09:42:43,428 - WARNING - Enhanced device detection failed, using fallback: winmgmts:.Win32_LogicalDisk
2025-07-09 09:42:45,433 - WARNING - Enhanced device detection failed, using fallback: winmgmts:.Win32_LogicalDisk
2025-07-09 09:42:47,438 - WARNING - Enhanced device detection failed, using fallback: winmgmts:.Win32_LogicalDisk
2025-07-09 09:42:49,448 - WARNING - Enhanced device detection failed, using fallback: winmgmts:.Win32_LogicalDisk
2025-07-09 09:42:51,452 - WARNING - Enhanced device detection failed, using fallback: winmgmts:.Win32_LogicalDisk
2025-07-09 09:42:53,457 - WARNING - Enhanced device detection failed, using fallback: winmgmts:.Win32_LogicalDisk
2025-07-09 09:42:55,460 - WARNING - Enhanced device detection failed, using fallback: winmgmts:.Win32_LogicalDisk
2025-07-09 09:42:57,463 - WARNING - Enhanced device detection failed, using fallback: winmgmts:.Win32_LogicalDisk
2025-07-09 09:42:59,468 - WARNING - Enhanced device detection failed, using fallback: winmgmts:.Win32_LogicalDisk
2025-07-09 09:43:01,471 - WARNING - Enhanced device detection failed, using fallback: winmgmts:.Win32_LogicalDisk
2025-07-09 09:43:03,473 - WARNING - Enhanced device detection failed, using fallback: winmgmts:.Win32_LogicalDisk
2025-07-09 09:43:05,476 - WARNING - Enhanced device detection failed, using fallback: winmgmts:.Win32_LogicalDisk
2025-07-09 09:43:07,481 - WARNING - Enhanced device detection failed, using fallback: winmgmts:.Win32_LogicalDisk
2025-07-09 09:43:09,484 - WARNING - Enhanced device detection failed, using fallback: winmgmts:.Win32_LogicalDisk
2025-07-09 09:43:11,487 - WARNING - Enhanced device detection failed, using fallback: winmgmts:.Win32_LogicalDisk
2025-07-09 09:43:13,490 - WARNING - Enhanced device detection failed, using fallback: winmgmts:.Win32_LogicalDisk
2025-07-09 09:43:15,495 - WARNING - Enhanced device detection failed, using fallback: winmgmts:.Win32_LogicalDisk
2025-07-09 09:43:17,499 - WARNING - Enhanced device detection failed, using fallback: winmgmts:.Win32_LogicalDisk
2025-07-09 09:43:19,505 - WARNING - Enhanced device detection failed, using fallback: winmgmts:.Win32_LogicalDisk
2025-07-09 09:43:21,507 - WARNING - Enhanced device detection failed, using fallback: winmgmts:.Win32_LogicalDisk
2025-07-09 09:43:23,510 - WARNING - Enhanced device detection failed, using fallback: winmgmts:.Win32_LogicalDisk
2025-07-09 09:43:25,513 - WARNING - Enhanced device detection failed, using fallback: winmgmts:.Win32_LogicalDisk
2025-07-09 09:43:27,517 - WARNING - Enhanced device detection failed, using fallback: winmgmts:.Win32_LogicalDisk
2025-07-09 09:43:29,522 - WARNING - Enhanced device detection failed, using fallback: winmgmts:.Win32_LogicalDisk
2025-07-09 09:43:31,524 - WARNING - Enhanced device detection failed, using fallback: winmgmts:.Win32_LogicalDisk
2025-07-09 09:43:33,529 - WARNING - Enhanced device detection failed, using fallback: winmgmts:.Win32_LogicalDisk
2025-07-09 09:43:35,535 - WARNING - Enhanced device detection failed, using fallback: winmgmts:.Win32_LogicalDisk
2025-07-09 09:43:37,540 - WARNING - Enhanced device detection failed, using fallback: winmgmts:.Win32_LogicalDisk
2025-07-09 09:43:39,543 - WARNING - Enhanced device detection failed, using fallback: winmgmts:.Win32_LogicalDisk
2025-07-09 09:43:41,546 - WARNING - Enhanced device detection failed, using fallback: winmgmts:.Win32_LogicalDisk
2025-07-09 09:43:43,551 - WARNING - Enhanced device detection failed, using fallback: winmgmts:.Win32_LogicalDisk
2025-07-09 09:43:45,557 - WARNING - Enhanced device detection failed, using fallback: winmgmts:.Win32_LogicalDisk
2025-07-09 09:43:47,562 - WARNING - Enhanced device detection failed, using fallback: winmgmts:.Win32_LogicalDisk
2025-07-09 09:43:49,568 - WARNING - Enhanced device detection failed, using fallback: winmgmts:.Win32_LogicalDisk
2025-07-09 09:43:51,571 - WARNING - Enhanced device detection failed, using fallback: winmgmts:.Win32_LogicalDisk
2025-07-09 09:43:53,573 - WARNING - Enhanced device detection failed, using fallback: winmgmts:.Win32_LogicalDisk
2025-07-09 09:43:55,575 - WARNING - Enhanced device detection failed, using fallback: winmgmts:.Win32_LogicalDisk
2025-07-09 09:43:57,578 - WARNING - Enhanced device detection failed, using fallback: winmgmts:.Win32_LogicalDisk
2025-07-09 09:43:59,580 - WARNING - Enhanced device detection failed, using fallback: winmgmts:.Win32_LogicalDisk
2025-07-09 09:44:01,586 - WARNING - Enhanced device detection failed, using fallback: winmgmts:.Win32_LogicalDisk
2025-07-09 09:44:03,591 - WARNING - Enhanced device detection failed, using fallback: winmgmts:.Win32_LogicalDisk
2025-07-09 09:44:05,595 - WARNING - Enhanced device detection failed, using fallback: winmgmts:.Win32_LogicalDisk
2025-07-09 09:44:07,598 - WARNING - Enhanced device detection failed, using fallback: winmgmts:.Win32_LogicalDisk
2025-07-09 09:44:09,601 - WARNING - Enhanced device detection failed, using fallback: winmgmts:.Win32_LogicalDisk
2025-07-09 09:44:11,604 - WARNING - Enhanced device detection failed, using fallback: winmgmts:.Win32_LogicalDisk
2025-07-09 09:44:13,607 - WARNING - Enhanced device detection failed, using fallback: winmgmts:.Win32_LogicalDisk
2025-07-09 09:44:15,612 - WARNING - Enhanced device detection failed, using fallback: winmgmts:.Win32_LogicalDisk
2025-07-09 09:44:17,615 - WARNING - Enhanced device detection failed, using fallback: winmgmts:.Win32_LogicalDisk
2025-07-09 09:44:19,618 - WARNING - Enhanced device detection failed, using fallback: winmgmts:.Win32_LogicalDisk
2025-07-09 09:44:21,620 - WARNING - Enhanced device detection failed, using fallback: winmgmts:.Win32_LogicalDisk
2025-07-09 09:44:23,623 - WARNING - Enhanced device detection failed, using fallback: winmgmts:.Win32_LogicalDisk
2025-07-09 09:44:25,626 - WARNING - Enhanced device detection failed, using fallback: winmgmts:.Win32_LogicalDisk
2025-07-09 09:44:27,629 - WARNING - Enhanced device detection failed, using fallback: winmgmts:.Win32_LogicalDisk
2025-07-09 09:44:29,635 - WARNING - Enhanced device detection failed, using fallback: winmgmts:.Win32_LogicalDisk
2025-07-09 09:44:31,638 - WARNING - Enhanced device detection failed, using fallback: winmgmts:.Win32_LogicalDisk
2025-07-09 09:44:33,644 - WARNING - Enhanced device detection failed, using fallback: winmgmts:.Win32_LogicalDisk
2025-07-09 09:44:35,648 - WARNING - Enhanced device detection failed, using fallback: winmgmts:.Win32_LogicalDisk
2025-07-09 09:44:37,654 - WARNING - Enhanced device detection failed, using fallback: winmgmts:.Win32_LogicalDisk
2025-07-09 09:44:39,657 - WARNING - Enhanced device detection failed, using fallback: winmgmts:.Win32_LogicalDisk
2025-07-09 09:44:41,659 - WARNING - Enhanced device detection failed, using fallback: winmgmts:.Win32_LogicalDisk
2025-07-09 09:44:43,662 - WARNING - Enhanced device detection failed, using fallback: winmgmts:.Win32_LogicalDisk
2025-07-09 09:44:45,668 - WARNING - Enhanced device detection failed, using fallback: winmgmts:.Win32_LogicalDisk
2025-07-09 09:44:47,674 - WARNING - Enhanced device detection failed, using fallback: winmgmts:.Win32_LogicalDisk
2025-07-09 09:44:49,676 - WARNING - Enhanced device detection failed, using fallback: winmgmts:.Win32_LogicalDisk
2025-07-09 09:44:51,681 - WARNING - Enhanced device detection failed, using fallback: winmgmts:.Win32_LogicalDisk
2025-07-09 09:44:53,687 - WARNING - Enhanced device detection failed, using fallback: winmgmts:.Win32_LogicalDisk
2025-07-09 09:44:55,689 - WARNING - Enhanced device detection failed, using fallback: winmgmts:.Win32_LogicalDisk
2025-07-09 09:44:57,693 - WARNING - Enhanced device detection failed, using fallback: winmgmts:.Win32_LogicalDisk
2025-07-09 09:44:59,695 - WARNING - Enhanced device detection failed, using fallback: winmgmts:.Win32_LogicalDisk
2025-07-09 09:45:01,698 - WARNING - Enhanced device detection failed, using fallback: winmgmts:.Win32_LogicalDisk
2025-07-09 09:45:03,700 - WARNING - Enhanced device detection failed, using fallback: winmgmts:.Win32_LogicalDisk
2025-07-09 09:45:05,706 - WARNING - Enhanced device detection failed, using fallback: winmgmts:.Win32_LogicalDisk
2025-07-09 09:45:07,711 - WARNING - Enhanced device detection failed, using fallback: winmgmts:.Win32_LogicalDisk
2025-07-09 09:45:09,714 - WARNING - Enhanced device detection failed, using fallback: winmgmts:.Win32_LogicalDisk
2025-07-09 09:45:11,717 - WARNING - Enhanced device detection failed, using fallback: winmgmts:.Win32_LogicalDisk
2025-07-09 09:45:13,722 - WARNING - Enhanced device detection failed, using fallback: winmgmts:.Win32_LogicalDisk
2025-07-09 09:45:15,727 - WARNING - Enhanced device detection failed, using fallback: winmgmts:.Win32_LogicalDisk
2025-07-09 09:45:17,730 - WARNING - Enhanced device detection failed, using fallback: winmgmts:.Win32_LogicalDisk
2025-07-09 09:45:19,732 - WARNING - Enhanced device detection failed, using fallback: winmgmts:.Win32_LogicalDisk
2025-07-09 09:45:21,735 - WARNING - Enhanced device detection failed, using fallback: winmgmts:.Win32_LogicalDisk
2025-07-09 09:45:23,738 - WARNING - Enhanced device detection failed, using fallback: winmgmts:.Win32_LogicalDisk
2025-07-09 09:45:25,741 - WARNING - Enhanced device detection failed, using fallback: winmgmts:.Win32_LogicalDisk
2025-07-09 09:45:27,746 - WARNING - Enhanced device detection failed, using fallback: winmgmts:.Win32_LogicalDisk
2025-07-09 09:45:29,748 - WARNING - Enhanced device detection failed, using fallback: winmgmts:.Win32_LogicalDisk
2025-07-09 09:45:31,753 - WARNING - Enhanced device detection failed, using fallback: winmgmts:.Win32_LogicalDisk
2025-07-09 09:45:33,756 - WARNING - Enhanced device detection failed, using fallback: winmgmts:.Win32_LogicalDisk
2025-07-09 09:45:35,759 - WARNING - Enhanced device detection failed, using fallback: winmgmts:.Win32_LogicalDisk
2025-07-09 09:45:37,762 - WARNING - Enhanced device detection failed, using fallback: winmgmts:.Win32_LogicalDisk
2025-07-09 09:45:39,764 - WARNING - Enhanced device detection failed, using fallback: winmgmts:.Win32_LogicalDisk
2025-07-09 09:45:41,770 - WARNING - Enhanced device detection failed, using fallback: winmgmts:.Win32_LogicalDisk
2025-07-09 09:45:43,774 - WARNING - Enhanced device detection failed, using fallback: winmgmts:.Win32_LogicalDisk
2025-07-09 09:45:45,780 - WARNING - Enhanced device detection failed, using fallback: winmgmts:.Win32_LogicalDisk
2025-07-09 09:45:47,782 - WARNING - Enhanced device detection failed, using fallback: winmgmts:.Win32_LogicalDisk
2025-07-09 09:45:49,785 - WARNING - Enhanced device detection failed, using fallback: winmgmts:.Win32_LogicalDisk
2025-07-09 09:45:51,788 - WARNING - Enhanced device detection failed, using fallback: winmgmts:.Win32_LogicalDisk
2025-07-09 09:45:53,791 - WARNING - Enhanced device detection failed, using fallback: winmgmts:.Win32_LogicalDisk
2025-07-09 09:45:55,793 - WARNING - Enhanced device detection failed, using fallback: winmgmts:.Win32_LogicalDisk
2025-07-09 09:45:57,796 - WARNING - Enhanced device detection failed, using fallback: winmgmts:.Win32_LogicalDisk
2025-07-09 09:45:59,798 - WARNING - Enhanced device detection failed, using fallback: winmgmts:.Win32_LogicalDisk
2025-07-09 09:46:01,801 - WARNING - Enhanced device detection failed, using fallback: winmgmts:.Win32_LogicalDisk
2025-07-09 09:46:03,803 - WARNING - Enhanced device detection failed, using fallback: winmgmts:.Win32_LogicalDisk
2025-07-09 09:46:05,809 - WARNING - Enhanced device detection failed, using fallback: winmgmts:.Win32_LogicalDisk
2025-07-09 09:46:07,815 - WARNING - Enhanced device detection failed, using fallback: winmgmts:.Win32_LogicalDisk
2025-07-09 09:46:09,818 - WARNING - Enhanced device detection failed, using fallback: winmgmts:.Win32_LogicalDisk
2025-07-09 09:46:11,824 - WARNING - Enhanced device detection failed, using fallback: winmgmts:.Win32_LogicalDisk
2025-07-09 09:46:13,830 - WARNING - Enhanced device detection failed, using fallback: winmgmts:.Win32_LogicalDisk
2025-07-09 09:46:15,836 - WARNING - Enhanced device detection failed, using fallback: winmgmts:.Win32_LogicalDisk
2025-07-09 09:46:17,840 - WARNING - Enhanced device detection failed, using fallback: winmgmts:.Win32_LogicalDisk
2025-07-09 09:46:19,842 - WARNING - Enhanced device detection failed, using fallback: winmgmts:.Win32_LogicalDisk
2025-07-09 09:46:21,845 - WARNING - Enhanced device detection failed, using fallback: winmgmts:.Win32_LogicalDisk
2025-07-09 09:46:23,852 - WARNING - Enhanced device detection failed, using fallback: winmgmts:.Win32_LogicalDisk
2025-07-09 09:46:25,855 - WARNING - Enhanced device detection failed, using fallback: winmgmts:.Win32_LogicalDisk
2025-07-09 09:46:27,860 - WARNING - Enhanced device detection failed, using fallback: winmgmts:.Win32_LogicalDisk
2025-07-09 09:46:29,863 - WARNING - Enhanced device detection failed, using fallback: winmgmts:.Win32_LogicalDisk
2025-07-09 09:46:31,866 - WARNING - Enhanced device detection failed, using fallback: winmgmts:.Win32_LogicalDisk
2025-07-09 09:46:33,868 - WARNING - Enhanced device detection failed, using fallback: winmgmts:.Win32_LogicalDisk
2025-07-09 09:46:35,871 - WARNING - Enhanced device detection failed, using fallback: winmgmts:.Win32_LogicalDisk
2025-07-09 09:46:37,877 - WARNING - Enhanced device detection failed, using fallback: winmgmts:.Win32_LogicalDisk
2025-07-09 09:46:39,879 - WARNING - Enhanced device detection failed, using fallback: winmgmts:.Win32_LogicalDisk
2025-07-09 09:46:41,882 - WARNING - Enhanced device detection failed, using fallback: winmgmts:.Win32_LogicalDisk
2025-07-09 09:46:43,885 - WARNING - Enhanced device detection failed, using fallback: winmgmts:.Win32_LogicalDisk
2025-07-09 09:46:45,890 - WARNING - Enhanced device detection failed, using fallback: winmgmts:.Win32_LogicalDisk
2025-07-09 09:46:47,896 - WARNING - Enhanced device detection failed, using fallback: winmgmts:.Win32_LogicalDisk
2025-07-09 09:46:49,899 - WARNING - Enhanced device detection failed, using fallback: winmgmts:.Win32_LogicalDisk
2025-07-09 09:46:51,904 - WARNING - Enhanced device detection failed, using fallback: winmgmts:.Win32_LogicalDisk
2025-07-09 09:46:53,910 - WARNING - Enhanced device detection failed, using fallback: winmgmts:.Win32_LogicalDisk
2025-07-09 09:46:55,912 - WARNING - Enhanced device detection failed, using fallback: winmgmts:.Win32_LogicalDisk
2025-07-09 09:46:57,918 - WARNING - Enhanced device detection failed, using fallback: winmgmts:.Win32_LogicalDisk
2025-07-09 09:46:59,921 - WARNING - Enhanced device detection failed, using fallback: winmgmts:.Win32_LogicalDisk
2025-07-09 09:47:01,926 - WARNING - Enhanced device detection failed, using fallback: winmgmts:.Win32_LogicalDisk
2025-07-09 09:47:03,932 - WARNING - Enhanced device detection failed, using fallback: winmgmts:.Win32_LogicalDisk
2025-07-09 09:47:05,936 - WARNING - Enhanced device detection failed, using fallback: winmgmts:.Win32_LogicalDisk
2025-07-09 09:47:07,943 - WARNING - Enhanced device detection failed, using fallback: winmgmts:.Win32_LogicalDisk
2025-07-09 09:47:09,946 - WARNING - Enhanced device detection failed, using fallback: winmgmts:.Win32_LogicalDisk
2025-07-09 09:47:11,950 - WARNING - Enhanced device detection failed, using fallback: winmgmts:.Win32_LogicalDisk
2025-07-09 09:47:13,952 - WARNING - Enhanced device detection failed, using fallback: winmgmts:.Win32_LogicalDisk
2025-07-09 09:47:15,956 - WARNING - Enhanced device detection failed, using fallback: winmgmts:.Win32_LogicalDisk
2025-07-09 09:47:17,962 - WARNING - Enhanced device detection failed, using fallback: winmgmts:.Win32_LogicalDisk
2025-07-09 09:47:19,964 - WARNING - Enhanced device detection failed, using fallback: winmgmts:.Win32_LogicalDisk
2025-07-09 09:47:21,967 - WARNING - Enhanced device detection failed, using fallback: winmgmts:.Win32_LogicalDisk
2025-07-09 09:47:23,970 - WARNING - Enhanced device detection failed, using fallback: winmgmts:.Win32_LogicalDisk
2025-07-09 09:47:25,973 - WARNING - Enhanced device detection failed, using fallback: winmgmts:.Win32_LogicalDisk
2025-07-09 09:47:27,975 - WARNING - Enhanced device detection failed, using fallback: winmgmts:.Win32_LogicalDisk
2025-07-09 09:47:29,977 - WARNING - Enhanced device detection failed, using fallback: winmgmts:.Win32_LogicalDisk
2025-07-09 09:47:31,983 - WARNING - Enhanced device detection failed, using fallback: winmgmts:.Win32_LogicalDisk
2025-07-09 09:47:33,985 - WARNING - Enhanced device detection failed, using fallback: winmgmts:.Win32_LogicalDisk
2025-07-09 09:47:35,988 - WARNING - Enhanced device detection failed, using fallback: winmgmts:.Win32_LogicalDisk
2025-07-09 09:47:37,992 - WARNING - Enhanced device detection failed, using fallback: winmgmts:.Win32_LogicalDisk
2025-07-09 09:47:39,999 - WARNING - Enhanced device detection failed, using fallback: winmgmts:.Win32_LogicalDisk
2025-07-09 09:47:42,003 - WARNING - Enhanced device detection failed, using fallback: winmgmts:.Win32_LogicalDisk
2025-07-09 09:47:44,006 - WARNING - Enhanced device detection failed, using fallback: winmgmts:.Win32_LogicalDisk
2025-07-09 09:47:46,008 - WARNING - Enhanced device detection failed, using fallback: winmgmts:.Win32_LogicalDisk
2025-07-09 09:47:48,011 - WARNING - Enhanced device detection failed, using fallback: winmgmts:.Win32_LogicalDisk
2025-07-09 09:47:50,013 - WARNING - Enhanced device detection failed, using fallback: winmgmts:.Win32_LogicalDisk
2025-07-09 09:47:52,016 - WARNING - Enhanced device detection failed, using fallback: winmgmts:.Win32_LogicalDisk
2025-07-09 09:47:54,019 - WARNING - Enhanced device detection failed, using fallback: winmgmts:.Win32_LogicalDisk
2025-07-09 09:47:56,021 - WARNING - Enhanced device detection failed, using fallback: winmgmts:.Win32_LogicalDisk
2025-07-09 09:47:58,024 - WARNING - Enhanced device detection failed, using fallback: winmgmts:.Win32_LogicalDisk
2025-07-09 09:48:00,026 - WARNING - Enhanced device detection failed, using fallback: winmgmts:.Win32_LogicalDisk
2025-07-09 09:48:02,032 - WARNING - Enhanced device detection failed, using fallback: winmgmts:.Win32_LogicalDisk
2025-07-09 09:48:04,036 - WARNING - Enhanced device detection failed, using fallback: winmgmts:.Win32_LogicalDisk
2025-07-09 09:48:06,038 - WARNING - Enhanced device detection failed, using fallback: winmgmts:.Win32_LogicalDisk
2025-07-09 09:48:08,041 - WARNING - Enhanced device detection failed, using fallback: winmgmts:.Win32_LogicalDisk
2025-07-09 09:48:10,043 - WARNING - Enhanced device detection failed, using fallback: winmgmts:.Win32_LogicalDisk
2025-07-09 09:48:12,046 - WARNING - Enhanced device detection failed, using fallback: winmgmts:.Win32_LogicalDisk
2025-07-09 09:48:14,050 - WARNING - Enhanced device detection failed, using fallback: winmgmts:.Win32_LogicalDisk
2025-07-09 09:48:16,055 - WARNING - Enhanced device detection failed, using fallback: winmgmts:.Win32_LogicalDisk
2025-07-09 09:48:18,058 - WARNING - Enhanced device detection failed, using fallback: winmgmts:.Win32_LogicalDisk
2025-07-09 09:48:20,060 - WARNING - Enhanced device detection failed, using fallback: winmgmts:.Win32_LogicalDisk
2025-07-09 09:48:22,063 - WARNING - Enhanced device detection failed, using fallback: winmgmts:.Win32_LogicalDisk
2025-07-09 09:48:24,065 - WARNING - Enhanced device detection failed, using fallback: winmgmts:.Win32_LogicalDisk
2025-07-09 09:48:26,068 - WARNING - Enhanced device detection failed, using fallback: winmgmts:.Win32_LogicalDisk
2025-07-09 09:48:28,070 - WARNING - Enhanced device detection failed, using fallback: winmgmts:.Win32_LogicalDisk
2025-07-09 09:48:30,072 - WARNING - Enhanced device detection failed, using fallback: winmgmts:.Win32_LogicalDisk
2025-07-09 09:48:32,077 - WARNING - Enhanced device detection failed, using fallback: winmgmts:.Win32_LogicalDisk
2025-07-09 09:48:34,081 - WARNING - Enhanced device detection failed, using fallback: winmgmts:.Win32_LogicalDisk
2025-07-09 09:48:36,084 - WARNING - Enhanced device detection failed, using fallback: winmgmts:.Win32_LogicalDisk
2025-07-09 09:48:38,087 - WARNING - Enhanced device detection failed, using fallback: winmgmts:.Win32_LogicalDisk
2025-07-09 09:48:40,090 - WARNING - Enhanced device detection failed, using fallback: winmgmts:.Win32_LogicalDisk
2025-07-09 09:48:42,094 - WARNING - Enhanced device detection failed, using fallback: winmgmts:.Win32_LogicalDisk
2025-07-09 09:48:44,097 - WARNING - Enhanced device detection failed, using fallback: winmgmts:.Win32_LogicalDisk
2025-07-09 09:48:46,103 - WARNING - Enhanced device detection failed, using fallback: winmgmts:.Win32_LogicalDisk
2025-07-09 09:48:48,106 - WARNING - Enhanced device detection failed, using fallback: winmgmts:.Win32_LogicalDisk
2025-07-09 09:48:50,108 - WARNING - Enhanced device detection failed, using fallback: winmgmts:.Win32_LogicalDisk
2025-07-09 09:48:52,111 - WARNING - Enhanced device detection failed, using fallback: winmgmts:.Win32_LogicalDisk
2025-07-09 09:48:54,114 - WARNING - Enhanced device detection failed, using fallback: winmgmts:.Win32_LogicalDisk
2025-07-09 09:48:56,116 - WARNING - Enhanced device detection failed, using fallback: winmgmts:.Win32_LogicalDisk
2025-07-09 09:48:58,121 - WARNING - Enhanced device detection failed, using fallback: winmgmts:.Win32_LogicalDisk
2025-07-09 09:49:00,123 - WARNING - Enhanced device detection failed, using fallback: winmgmts:.Win32_LogicalDisk
2025-07-09 09:49:02,125 - WARNING - Enhanced device detection failed, using fallback: winmgmts:.Win32_LogicalDisk
2025-07-09 09:49:04,131 - WARNING - Enhanced device detection failed, using fallback: winmgmts:.Win32_LogicalDisk
2025-07-09 09:49:06,134 - WARNING - Enhanced device detection failed, using fallback: winmgmts:.Win32_LogicalDisk
2025-07-09 09:49:08,136 - WARNING - Enhanced device detection failed, using fallback: winmgmts:.Win32_LogicalDisk
2025-07-09 09:49:10,138 - WARNING - Enhanced device detection failed, using fallback: winmgmts:.Win32_LogicalDisk
2025-07-09 09:49:12,142 - WARNING - Enhanced device detection failed, using fallback: winmgmts:.Win32_LogicalDisk
2025-07-09 09:49:14,147 - WARNING - Enhanced device detection failed, using fallback: winmgmts:.Win32_LogicalDisk
2025-07-09 09:49:16,150 - WARNING - Enhanced device detection failed, using fallback: winmgmts:.Win32_LogicalDisk
2025-07-09 09:49:18,153 - WARNING - Enhanced device detection failed, using fallback: winmgmts:.Win32_LogicalDisk
2025-07-09 09:49:20,157 - WARNING - Enhanced device detection failed, using fallback: winmgmts:.Win32_LogicalDisk
2025-07-09 09:49:22,160 - WARNING - Enhanced device detection failed, using fallback: winmgmts:.Win32_LogicalDisk
2025-07-09 09:49:24,163 - WARNING - Enhanced device detection failed, using fallback: winmgmts:.Win32_LogicalDisk
2025-07-09 09:49:26,166 - WARNING - Enhanced device detection failed, using fallback: winmgmts:.Win32_LogicalDisk
2025-07-09 09:49:28,171 - WARNING - Enhanced device detection failed, using fallback: winmgmts:.Win32_LogicalDisk
2025-07-09 09:49:30,174 - WARNING - Enhanced device detection failed, using fallback: winmgmts:.Win32_LogicalDisk
2025-07-09 09:49:32,177 - WARNING - Enhanced device detection failed, using fallback: winmgmts:.Win32_LogicalDisk
2025-07-09 09:49:34,180 - WARNING - Enhanced device detection failed, using fallback: winmgmts:.Win32_LogicalDisk
2025-07-09 09:49:36,184 - WARNING - Enhanced device detection failed, using fallback: winmgmts:.Win32_LogicalDisk
2025-07-09 09:49:38,186 - WARNING - Enhanced device detection failed, using fallback: winmgmts:.Win32_LogicalDisk
2025-07-09 09:49:40,190 - WARNING - Enhanced device detection failed, using fallback: winmgmts:.Win32_LogicalDisk
2025-07-09 09:49:42,193 - WARNING - Enhanced device detection failed, using fallback: winmgmts:.Win32_LogicalDisk
2025-07-09 09:49:44,197 - WARNING - Enhanced device detection failed, using fallback: winmgmts:.Win32_LogicalDisk
2025-07-09 09:49:46,202 - WARNING - Enhanced device detection failed, using fallback: winmgmts:.Win32_LogicalDisk
2025-07-09 09:49:48,204 - WARNING - Enhanced device detection failed, using fallback: winmgmts:.Win32_LogicalDisk
2025-07-09 09:49:50,209 - WARNING - Enhanced device detection failed, using fallback: winmgmts:.Win32_LogicalDisk
2025-07-09 09:49:52,212 - WARNING - Enhanced device detection failed, using fallback: winmgmts:.Win32_LogicalDisk
2025-07-09 09:49:54,215 - WARNING - Enhanced device detection failed, using fallback: winmgmts:.Win32_LogicalDisk
2025-07-09 09:49:56,217 - WARNING - Enhanced device detection failed, using fallback: winmgmts:.Win32_LogicalDisk
2025-07-09 09:49:58,220 - WARNING - Enhanced device detection failed, using fallback: winmgmts:.Win32_LogicalDisk
2025-07-09 09:50:00,222 - WARNING - Enhanced device detection failed, using fallback: winmgmts:.Win32_LogicalDisk
2025-07-09 09:50:02,225 - WARNING - Enhanced device detection failed, using fallback: winmgmts:.Win32_LogicalDisk
2025-07-09 09:50:04,228 - WARNING - Enhanced device detection failed, using fallback: winmgmts:.Win32_LogicalDisk
2025-07-09 09:50:06,231 - WARNING - Enhanced device detection failed, using fallback: winmgmts:.Win32_LogicalDisk
2025-07-09 09:50:08,238 - WARNING - Enhanced device detection failed, using fallback: winmgmts:.Win32_LogicalDisk
2025-07-09 09:50:10,242 - WARNING - Enhanced device detection failed, using fallback: winmgmts:.Win32_LogicalDisk
2025-07-09 09:50:12,247 - WARNING - Enhanced device detection failed, using fallback: winmgmts:.Win32_LogicalDisk
2025-07-09 09:50:14,250 - WARNING - Enhanced device detection failed, using fallback: winmgmts:.Win32_LogicalDisk
2025-07-09 09:50:16,253 - WARNING - Enhanced device detection failed, using fallback: winmgmts:.Win32_LogicalDisk
2025-07-09 09:50:18,257 - WARNING - Enhanced device detection failed, using fallback: winmgmts:.Win32_LogicalDisk
2025-07-09 09:50:20,264 - WARNING - Enhanced device detection failed, using fallback: winmgmts:.Win32_LogicalDisk
2025-07-09 09:50:22,267 - WARNING - Enhanced device detection failed, using fallback: winmgmts:.Win32_LogicalDisk
2025-07-09 09:50:24,287 - WARNING - Enhanced device detection failed, using fallback: winmgmts:.Win32_LogicalDisk
2025-07-09 09:50:26,290 - WARNING - Enhanced device detection failed, using fallback: winmgmts:.Win32_LogicalDisk
2025-07-09 09:50:28,293 - WARNING - Enhanced device detection failed, using fallback: winmgmts:.Win32_LogicalDisk
2025-07-09 09:50:30,297 - WARNING - Enhanced device detection failed, using fallback: winmgmts:.Win32_LogicalDisk
2025-07-09 09:50:32,299 - WARNING - Enhanced device detection failed, using fallback: winmgmts:.Win32_LogicalDisk
2025-07-09 09:50:34,305 - WARNING - Enhanced device detection failed, using fallback: winmgmts:.Win32_LogicalDisk
2025-07-09 09:50:36,309 - WARNING - Enhanced device detection failed, using fallback: winmgmts:.Win32_LogicalDisk
2025-07-09 09:50:38,312 - WARNING - Enhanced device detection failed, using fallback: winmgmts:.Win32_LogicalDisk
2025-07-09 09:50:40,315 - WARNING - Enhanced device detection failed, using fallback: winmgmts:.Win32_LogicalDisk
2025-07-09 09:50:42,320 - WARNING - Enhanced device detection failed, using fallback: winmgmts:.Win32_LogicalDisk
2025-07-09 09:50:44,323 - WARNING - Enhanced device detection failed, using fallback: winmgmts:.Win32_LogicalDisk
2025-07-09 09:50:46,325 - WARNING - Enhanced device detection failed, using fallback: winmgmts:.Win32_LogicalDisk
2025-07-09 09:50:48,328 - WARNING - Enhanced device detection failed, using fallback: winmgmts:.Win32_LogicalDisk
2025-07-09 09:50:50,333 - WARNING - Enhanced device detection failed, using fallback: winmgmts:.Win32_LogicalDisk
2025-07-09 09:50:52,337 - WARNING - Enhanced device detection failed, using fallback: winmgmts:.Win32_LogicalDisk
2025-07-09 09:50:54,339 - WARNING - Enhanced device detection failed, using fallback: winmgmts:.Win32_LogicalDisk
2025-07-09 09:50:56,342 - WARNING - Enhanced device detection failed, using fallback: winmgmts:.Win32_LogicalDisk
2025-07-09 09:50:58,346 - WARNING - Enhanced device detection failed, using fallback: winmgmts:.Win32_LogicalDisk
2025-07-09 09:51:00,348 - WARNING - Enhanced device detection failed, using fallback: winmgmts:.Win32_LogicalDisk
2025-07-09 09:51:02,351 - WARNING - Enhanced device detection failed, using fallback: winmgmts:.Win32_LogicalDisk
2025-07-09 09:51:04,358 - WARNING - Enhanced device detection failed, using fallback: winmgmts:.Win32_LogicalDisk
2025-07-09 09:51:06,363 - WARNING - Enhanced device detection failed, using fallback: winmgmts:.Win32_LogicalDisk
2025-07-09 09:51:08,367 - WARNING - Enhanced device detection failed, using fallback: winmgmts:.Win32_LogicalDisk
2025-07-09 09:51:10,371 - WARNING - Enhanced device detection failed, using fallback: winmgmts:.Win32_LogicalDisk
2025-07-09 09:51:12,373 - WARNING - Enhanced device detection failed, using fallback: winmgmts:.Win32_LogicalDisk
2025-07-09 09:51:14,378 - WARNING - Enhanced device detection failed, using fallback: winmgmts:.Win32_LogicalDisk
2025-07-09 09:51:16,380 - WARNING - Enhanced device detection failed, using fallback: winmgmts:.Win32_LogicalDisk
2025-07-09 09:51:18,384 - WARNING - Enhanced device detection failed, using fallback: winmgmts:.Win32_LogicalDisk
2025-07-09 09:51:20,390 - WARNING - Enhanced device detection failed, using fallback: winmgmts:.Win32_LogicalDisk
2025-07-09 09:51:22,395 - WARNING - Enhanced device detection failed, using fallback: winmgmts:.Win32_LogicalDisk
2025-07-09 09:51:24,398 - WARNING - Enhanced device detection failed, using fallback: winmgmts:.Win32_LogicalDisk
2025-07-09 09:51:26,401 - WARNING - Enhanced device detection failed, using fallback: winmgmts:.Win32_LogicalDisk
2025-07-09 09:51:28,404 - WARNING - Enhanced device detection failed, using fallback: winmgmts:.Win32_LogicalDisk
2025-07-09 09:51:30,409 - WARNING - Enhanced device detection failed, using fallback: winmgmts:.Win32_LogicalDisk
2025-07-09 09:51:32,414 - WARNING - Enhanced device detection failed, using fallback: winmgmts:.Win32_LogicalDisk
2025-07-09 09:51:34,416 - WARNING - Enhanced device detection failed, using fallback: winmgmts:.Win32_LogicalDisk
2025-07-09 09:51:36,419 - WARNING - Enhanced device detection failed, using fallback: winmgmts:.Win32_LogicalDisk
2025-07-09 09:51:38,420 - WARNING - Enhanced device detection failed, using fallback: winmgmts:.Win32_LogicalDisk
2025-07-09 09:51:40,423 - WARNING - Enhanced device detection failed, using fallback: winmgmts:.Win32_LogicalDisk
2025-07-09 09:51:42,428 - WARNING - Enhanced device detection failed, using fallback: winmgmts:.Win32_LogicalDisk
2025-07-09 09:51:44,432 - WARNING - Enhanced device detection failed, using fallback: winmgmts:.Win32_LogicalDisk
2025-07-09 09:51:46,435 - WARNING - Enhanced device detection failed, using fallback: winmgmts:.Win32_LogicalDisk
2025-07-09 09:51:48,440 - WARNING - Enhanced device detection failed, using fallback: winmgmts:.Win32_LogicalDisk
2025-07-09 09:51:50,445 - WARNING - Enhanced device detection failed, using fallback: winmgmts:.Win32_LogicalDisk
2025-07-09 09:51:52,449 - WARNING - Enhanced device detection failed, using fallback: winmgmts:.Win32_LogicalDisk
2025-07-09 09:51:54,451 - WARNING - Enhanced device detection failed, using fallback: winmgmts:.Win32_LogicalDisk
2025-07-09 09:51:56,454 - WARNING - Enhanced device detection failed, using fallback: winmgmts:.Win32_LogicalDisk
2025-07-09 09:51:58,458 - WARNING - Enhanced device detection failed, using fallback: winmgmts:.Win32_LogicalDisk
2025-07-09 09:52:00,468 - WARNING - Enhanced device detection failed, using fallback: winmgmts:.Win32_LogicalDisk
2025-07-09 09:52:02,471 - WARNING - Enhanced device detection failed, using fallback: winmgmts:.Win32_LogicalDisk
2025-07-09 09:52:04,476 - WARNING - Enhanced device detection failed, using fallback: winmgmts:.Win32_LogicalDisk
2025-07-09 09:52:06,479 - WARNING - Enhanced device detection failed, using fallback: winmgmts:.Win32_LogicalDisk
2025-07-09 09:52:08,482 - WARNING - Enhanced device detection failed, using fallback: winmgmts:.Win32_LogicalDisk
2025-07-09 09:52:10,485 - WARNING - Enhanced device detection failed, using fallback: winmgmts:.Win32_LogicalDisk
2025-07-09 09:52:12,488 - WARNING - Enhanced device detection failed, using fallback: winmgmts:.Win32_LogicalDisk
2025-07-09 09:52:14,491 - WARNING - Enhanced device detection failed, using fallback: winmgmts:.Win32_LogicalDisk
2025-07-09 09:52:16,497 - WARNING - Enhanced device detection failed, using fallback: winmgmts:.Win32_LogicalDisk
2025-07-09 09:52:18,500 - WARNING - Enhanced device detection failed, using fallback: winmgmts:.Win32_LogicalDisk
2025-07-09 09:52:20,504 - WARNING - Enhanced device detection failed, using fallback: winmgmts:.Win32_LogicalDisk
2025-07-09 09:52:22,511 - WARNING - Enhanced device detection failed, using fallback: winmgmts:.Win32_LogicalDisk
2025-07-09 09:52:24,514 - WARNING - Enhanced device detection failed, using fallback: winmgmts:.Win32_LogicalDisk
2025-07-09 09:52:26,518 - WARNING - Enhanced device detection failed, using fallback: winmgmts:.Win32_LogicalDisk
2025-07-09 09:52:28,523 - WARNING - Enhanced device detection failed, using fallback: winmgmts:.Win32_LogicalDisk
2025-07-09 09:52:30,531 - WARNING - Enhanced device detection failed, using fallback: winmgmts:.Win32_LogicalDisk
2025-07-09 09:52:32,535 - WARNING - Enhanced device detection failed, using fallback: winmgmts:.Win32_LogicalDisk
2025-07-09 09:52:34,537 - WARNING - Enhanced device detection failed, using fallback: winmgmts:.Win32_LogicalDisk
2025-07-09 09:52:36,539 - WARNING - Enhanced device detection failed, using fallback: winmgmts:.Win32_LogicalDisk
2025-07-09 09:52:38,545 - WARNING - Enhanced device detection failed, using fallback: winmgmts:.Win32_LogicalDisk
2025-07-09 09:52:40,548 - WARNING - Enhanced device detection failed, using fallback: winmgmts:.Win32_LogicalDisk
2025-07-09 09:52:42,551 - WARNING - Enhanced device detection failed, using fallback: winmgmts:.Win32_LogicalDisk
2025-07-09 09:52:44,554 - WARNING - Enhanced device detection failed, using fallback: winmgmts:.Win32_LogicalDisk
2025-07-09 09:52:46,556 - WARNING - Enhanced device detection failed, using fallback: winmgmts:.Win32_LogicalDisk
2025-07-09 09:52:48,559 - WARNING - Enhanced device detection failed, using fallback: winmgmts:.Win32_LogicalDisk
2025-07-09 09:52:50,561 - WARNING - Enhanced device detection failed, using fallback: winmgmts:.Win32_LogicalDisk
2025-07-09 09:52:52,564 - WARNING - Enhanced device detection failed, using fallback: winmgmts:.Win32_LogicalDisk
2025-07-09 09:52:54,567 - WARNING - Enhanced device detection failed, using fallback: winmgmts:.Win32_LogicalDisk
2025-07-09 09:52:56,571 - WARNING - Enhanced device detection failed, using fallback: winmgmts:.Win32_LogicalDisk
2025-07-09 09:52:58,574 - WARNING - Enhanced device detection failed, using fallback: winmgmts:.Win32_LogicalDisk
2025-07-09 09:53:00,576 - WARNING - Enhanced device detection failed, using fallback: winmgmts:.Win32_LogicalDisk
2025-07-09 09:53:02,580 - WARNING - Enhanced device detection failed, using fallback: winmgmts:.Win32_LogicalDisk
2025-07-09 09:53:04,583 - WARNING - Enhanced device detection failed, using fallback: winmgmts:.Win32_LogicalDisk
2025-07-09 09:53:06,587 - WARNING - Enhanced device detection failed, using fallback: winmgmts:.Win32_LogicalDisk
2025-07-09 09:53:08,590 - WARNING - Enhanced device detection failed, using fallback: winmgmts:.Win32_LogicalDisk
2025-07-09 09:53:10,593 - WARNING - Enhanced device detection failed, using fallback: winmgmts:.Win32_LogicalDisk
2025-07-09 09:53:12,596 - WARNING - Enhanced device detection failed, using fallback: winmgmts:.Win32_LogicalDisk
2025-07-09 09:53:14,598 - WARNING - Enhanced device detection failed, using fallback: winmgmts:.Win32_LogicalDisk
2025-07-09 09:53:16,601 - WARNING - Enhanced device detection failed, using fallback: winmgmts:.Win32_LogicalDisk
2025-07-09 09:53:18,604 - WARNING - Enhanced device detection failed, using fallback: winmgmts:.Win32_LogicalDisk
2025-07-09 09:53:20,607 - WARNING - Enhanced device detection failed, using fallback: winmgmts:.Win32_LogicalDisk
2025-07-09 09:53:22,610 - WARNING - Enhanced device detection failed, using fallback: winmgmts:.Win32_LogicalDisk
2025-07-09 09:53:24,612 - WARNING - Enhanced device detection failed, using fallback: winmgmts:.Win32_LogicalDisk
2025-07-09 09:53:26,614 - WARNING - Enhanced device detection failed, using fallback: winmgmts:.Win32_LogicalDisk
2025-07-09 09:53:28,618 - WARNING - Enhanced device detection failed, using fallback: winmgmts:.Win32_LogicalDisk
2025-07-09 09:53:30,620 - WARNING - Enhanced device detection failed, using fallback: winmgmts:.Win32_LogicalDisk
2025-07-09 09:53:32,623 - WARNING - Enhanced device detection failed, using fallback: winmgmts:.Win32_LogicalDisk
2025-07-09 09:53:34,627 - WARNING - Enhanced device detection failed, using fallback: winmgmts:.Win32_LogicalDisk
2025-07-09 09:53:36,641 - WARNING - Enhanced device detection failed, using fallback: winmgmts:.Win32_LogicalDisk
2025-07-09 09:53:38,645 - WARNING - Enhanced device detection failed, using fallback: winmgmts:.Win32_LogicalDisk
2025-07-09 09:53:40,648 - WARNING - Enhanced device detection failed, using fallback: winmgmts:.Win32_LogicalDisk
2025-07-09 09:53:42,650 - WARNING - Enhanced device detection failed, using fallback: winmgmts:.Win32_LogicalDisk
2025-07-09 09:53:44,653 - WARNING - Enhanced device detection failed, using fallback: winmgmts:.Win32_LogicalDisk
2025-07-09 09:53:46,656 - WARNING - Enhanced device detection failed, using fallback: winmgmts:.Win32_LogicalDisk
2025-07-09 09:53:48,659 - WARNING - Enhanced device detection failed, using fallback: winmgmts:.Win32_LogicalDisk
2025-07-09 09:53:50,663 - WARNING - Enhanced device detection failed, using fallback: winmgmts:.Win32_LogicalDisk
2025-07-09 09:53:52,665 - WARNING - Enhanced device detection failed, using fallback: winmgmts:.Win32_LogicalDisk
2025-07-09 09:53:54,667 - WARNING - Enhanced device detection failed, using fallback: winmgmts:.Win32_LogicalDisk
2025-07-09 09:53:56,672 - WARNING - Enhanced device detection failed, using fallback: winmgmts:.Win32_LogicalDisk
2025-07-09 09:53:58,676 - WARNING - Enhanced device detection failed, using fallback: winmgmts:.Win32_LogicalDisk
2025-07-09 09:54:00,679 - WARNING - Enhanced device detection failed, using fallback: winmgmts:.Win32_LogicalDisk
2025-07-09 09:54:02,682 - WARNING - Enhanced device detection failed, using fallback: winmgmts:.Win32_LogicalDisk
2025-07-09 09:54:04,685 - WARNING - Enhanced device detection failed, using fallback: winmgmts:.Win32_LogicalDisk
2025-07-09 09:54:06,691 - WARNING - Enhanced device detection failed, using fallback: winmgmts:.Win32_LogicalDisk
2025-07-09 09:54:08,694 - WARNING - Enhanced device detection failed, using fallback: winmgmts:.Win32_LogicalDisk
2025-07-09 09:54:10,697 - WARNING - Enhanced device detection failed, using fallback: winmgmts:.Win32_LogicalDisk
2025-07-09 09:54:12,700 - WARNING - Enhanced device detection failed, using fallback: winmgmts:.Win32_LogicalDisk
2025-07-09 09:54:14,702 - WARNING - Enhanced device detection failed, using fallback: winmgmts:.Win32_LogicalDisk
2025-07-09 09:54:16,706 - WARNING - Enhanced device detection failed, using fallback: winmgmts:.Win32_LogicalDisk
2025-07-09 09:54:18,711 - WARNING - Enhanced device detection failed, using fallback: winmgmts:.Win32_LogicalDisk
2025-07-09 09:54:20,716 - WARNING - Enhanced device detection failed, using fallback: winmgmts:.Win32_LogicalDisk
2025-07-09 09:54:22,719 - WARNING - Enhanced device detection failed, using fallback: winmgmts:.Win32_LogicalDisk
2025-07-09 09:54:24,722 - WARNING - Enhanced device detection failed, using fallback: winmgmts:.Win32_LogicalDisk
2025-07-09 09:54:26,727 - WARNING - Enhanced device detection failed, using fallback: winmgmts:.Win32_LogicalDisk
2025-07-09 09:54:28,729 - WARNING - Enhanced device detection failed, using fallback: winmgmts:.Win32_LogicalDisk
2025-07-09 09:54:30,732 - WARNING - Enhanced device detection failed, using fallback: winmgmts:.Win32_LogicalDisk
2025-07-09 09:54:32,734 - WARNING - Enhanced device detection failed, using fallback: winmgmts:.Win32_LogicalDisk
2025-07-09 09:54:34,736 - WARNING - Enhanced device detection failed, using fallback: winmgmts:.Win32_LogicalDisk
2025-07-09 09:54:36,741 - WARNING - Enhanced device detection failed, using fallback: winmgmts:.Win32_LogicalDisk
2025-07-09 09:54:38,744 - WARNING - Enhanced device detection failed, using fallback: winmgmts:.Win32_LogicalDisk
2025-07-09 09:54:40,747 - WARNING - Enhanced device detection failed, using fallback: winmgmts:.Win32_LogicalDisk
2025-07-09 09:54:42,751 - WARNING - Enhanced device detection failed, using fallback: winmgmts:.Win32_LogicalDisk
2025-07-09 09:54:44,754 - WARNING - Enhanced device detection failed, using fallback: winmgmts:.Win32_LogicalDisk
2025-07-09 09:54:46,757 - WARNING - Enhanced device detection failed, using fallback: winmgmts:.Win32_LogicalDisk
2025-07-09 09:54:48,761 - WARNING - Enhanced device detection failed, using fallback: winmgmts:.Win32_LogicalDisk
2025-07-09 09:54:50,764 - WARNING - Enhanced device detection failed, using fallback: winmgmts:.Win32_LogicalDisk
2025-07-09 09:54:52,771 - WARNING - Enhanced device detection failed, using fallback: winmgmts:.Win32_LogicalDisk
2025-07-09 09:54:54,773 - WARNING - Enhanced device detection failed, using fallback: winmgmts:.Win32_LogicalDisk
2025-07-09 09:54:56,780 - WARNING - Enhanced device detection failed, using fallback: winmgmts:.Win32_LogicalDisk
2025-07-09 09:54:58,785 - WARNING - Enhanced device detection failed, using fallback: winmgmts:.Win32_LogicalDisk
2025-07-09 09:55:00,788 - WARNING - Enhanced device detection failed, using fallback: winmgmts:.Win32_LogicalDisk
2025-07-09 09:55:02,792 - WARNING - Enhanced device detection failed, using fallback: winmgmts:.Win32_LogicalDisk
2025-07-09 09:55:04,798 - WARNING - Enhanced device detection failed, using fallback: winmgmts:.Win32_LogicalDisk
2025-07-09 09:55:06,803 - WARNING - Enhanced device detection failed, using fallback: winmgmts:.Win32_LogicalDisk
2025-07-09 09:55:08,806 - WARNING - Enhanced device detection failed, using fallback: winmgmts:.Win32_LogicalDisk
2025-07-09 09:55:10,811 - WARNING - Enhanced device detection failed, using fallback: winmgmts:.Win32_LogicalDisk
2025-07-09 09:55:12,814 - WARNING - Enhanced device detection failed, using fallback: winmgmts:.Win32_LogicalDisk
2025-07-09 09:55:14,819 - WARNING - Enhanced device detection failed, using fallback: winmgmts:.Win32_LogicalDisk
2025-07-09 09:55:16,825 - WARNING - Enhanced device detection failed, using fallback: winmgmts:.Win32_LogicalDisk
2025-07-09 09:55:18,829 - WARNING - Enhanced device detection failed, using fallback: winmgmts:.Win32_LogicalDisk
2025-07-09 09:55:20,831 - WARNING - Enhanced device detection failed, using fallback: winmgmts:.Win32_LogicalDisk
2025-07-09 09:55:22,835 - WARNING - Enhanced device detection failed, using fallback: winmgmts:.Win32_LogicalDisk
2025-07-09 09:55:24,838 - WARNING - Enhanced device detection failed, using fallback: winmgmts:.Win32_LogicalDisk
2025-07-09 09:55:26,841 - WARNING - Enhanced device detection failed, using fallback: winmgmts:.Win32_LogicalDisk
2025-07-09 09:55:28,846 - WARNING - Enhanced device detection failed, using fallback: winmgmts:.Win32_LogicalDisk
2025-07-09 09:55:30,850 - WARNING - Enhanced device detection failed, using fallback: winmgmts:.Win32_LogicalDisk
2025-07-09 09:55:32,852 - WARNING - Enhanced device detection failed, using fallback: winmgmts:.Win32_LogicalDisk
2025-07-09 09:55:34,855 - WARNING - Enhanced device detection failed, using fallback: winmgmts:.Win32_LogicalDisk
2025-07-09 09:55:36,859 - WARNING - Enhanced device detection failed, using fallback: winmgmts:.Win32_LogicalDisk
2025-07-09 09:55:38,862 - WARNING - Enhanced device detection failed, using fallback: winmgmts:.Win32_LogicalDisk
2025-07-09 09:55:40,865 - WARNING - Enhanced device detection failed, using fallback: winmgmts:.Win32_LogicalDisk
2025-07-09 09:55:42,870 - WARNING - Enhanced device detection failed, using fallback: winmgmts:.Win32_LogicalDisk
2025-07-09 09:55:44,872 - WARNING - Enhanced device detection failed, using fallback: winmgmts:.Win32_LogicalDisk
2025-07-09 09:55:46,875 - WARNING - Enhanced device detection failed, using fallback: winmgmts:.Win32_LogicalDisk
2025-07-09 09:55:48,880 - WARNING - Enhanced device detection failed, using fallback: winmgmts:.Win32_LogicalDisk
2025-07-09 09:55:50,883 - WARNING - Enhanced device detection failed, using fallback: winmgmts:.Win32_LogicalDisk
2025-07-09 09:55:52,888 - WARNING - Enhanced device detection failed, using fallback: winmgmts:.Win32_LogicalDisk
2025-07-09 09:55:54,891 - WARNING - Enhanced device detection failed, using fallback: winmgmts:.Win32_LogicalDisk
2025-07-09 09:55:56,893 - WARNING - Enhanced device detection failed, using fallback: winmgmts:.Win32_LogicalDisk
2025-07-09 09:55:58,898 - WARNING - Enhanced device detection failed, using fallback: winmgmts:.Win32_LogicalDisk
2025-07-09 09:56:00,902 - WARNING - Enhanced device detection failed, using fallback: winmgmts:.Win32_LogicalDisk
2025-07-09 09:56:02,905 - WARNING - Enhanced device detection failed, using fallback: winmgmts:.Win32_LogicalDisk
2025-07-09 09:56:04,909 - WARNING - Enhanced device detection failed, using fallback: winmgmts:.Win32_LogicalDisk
2025-07-09 09:56:06,912 - WARNING - Enhanced device detection failed, using fallback: winmgmts:.Win32_LogicalDisk
2025-07-09 09:56:08,918 - WARNING - Enhanced device detection failed, using fallback: winmgmts:.Win32_LogicalDisk
2025-07-09 09:56:10,922 - WARNING - Enhanced device detection failed, using fallback: winmgmts:.Win32_LogicalDisk
2025-07-09 09:56:12,926 - WARNING - Enhanced device detection failed, using fallback: winmgmts:.Win32_LogicalDisk
2025-07-09 09:56:14,929 - WARNING - Enhanced device detection failed, using fallback: winmgmts:.Win32_LogicalDisk
2025-07-09 09:56:16,931 - WARNING - Enhanced device detection failed, using fallback: winmgmts:.Win32_LogicalDisk
2025-07-09 09:56:18,934 - WARNING - Enhanced device detection failed, using fallback: winmgmts:.Win32_LogicalDisk
2025-07-09 09:56:20,936 - WARNING - Enhanced device detection failed, using fallback: winmgmts:.Win32_LogicalDisk
2025-07-09 09:56:22,940 - WARNING - Enhanced device detection failed, using fallback: winmgmts:.Win32_LogicalDisk
2025-07-09 09:56:24,942 - WARNING - Enhanced device detection failed, using fallback: winmgmts:.Win32_LogicalDisk
2025-07-09 09:56:26,945 - WARNING - Enhanced device detection failed, using fallback: winmgmts:.Win32_LogicalDisk
2025-07-09 09:56:28,952 - WARNING - Enhanced device detection failed, using fallback: winmgmts:.Win32_LogicalDisk
2025-07-09 09:56:30,956 - WARNING - Enhanced device detection failed, using fallback: winmgmts:.Win32_LogicalDisk
2025-07-09 09:56:32,959 - WARNING - Enhanced device detection failed, using fallback: winmgmts:.Win32_LogicalDisk
2025-07-09 09:56:34,961 - WARNING - Enhanced device detection failed, using fallback: winmgmts:.Win32_LogicalDisk
2025-07-09 09:56:36,965 - WARNING - Enhanced device detection failed, using fallback: winmgmts:.Win32_LogicalDisk
2025-07-09 09:56:38,968 - WARNING - Enhanced device detection failed, using fallback: winmgmts:.Win32_LogicalDisk
2025-07-09 09:56:40,971 - WARNING - Enhanced device detection failed, using fallback: winmgmts:.Win32_LogicalDisk
2025-07-09 09:56:42,977 - WARNING - Enhanced device detection failed, using fallback: winmgmts:.Win32_LogicalDisk
2025-07-09 09:56:44,979 - WARNING - Enhanced device detection failed, using fallback: winmgmts:.Win32_LogicalDisk
2025-07-09 09:56:46,982 - WARNING - Enhanced device detection failed, using fallback: winmgmts:.Win32_LogicalDisk
2025-07-09 09:56:48,985 - WARNING - Enhanced device detection failed, using fallback: winmgmts:.Win32_LogicalDisk
2025-07-09 09:56:50,987 - WARNING - Enhanced device detection failed, using fallback: winmgmts:.Win32_LogicalDisk
2025-07-09 09:56:52,991 - WARNING - Enhanced device detection failed, using fallback: winmgmts:.Win32_LogicalDisk
2025-07-09 09:56:54,994 - WARNING - Enhanced device detection failed, using fallback: winmgmts:.Win32_LogicalDisk
2025-07-09 09:56:56,997 - WARNING - Enhanced device detection failed, using fallback: winmgmts:.Win32_LogicalDisk
2025-07-09 09:56:59,000 - WARNING - Enhanced device detection failed, using fallback: winmgmts:.Win32_LogicalDisk
2025-07-09 09:57:01,004 - WARNING - Enhanced device detection failed, using fallback: winmgmts:.Win32_LogicalDisk
2025-07-09 09:57:03,008 - WARNING - Enhanced device detection failed, using fallback: winmgmts:.Win32_LogicalDisk
2025-07-09 09:57:05,011 - WARNING - Enhanced device detection failed, using fallback: winmgmts:.Win32_LogicalDisk
2025-07-09 09:57:07,014 - WARNING - Enhanced device detection failed, using fallback: winmgmts:.Win32_LogicalDisk
2025-07-09 09:57:09,017 - WARNING - Enhanced device detection failed, using fallback: winmgmts:.Win32_LogicalDisk
2025-07-09 09:57:11,020 - WARNING - Enhanced device detection failed, using fallback: winmgmts:.Win32_LogicalDisk
2025-07-09 09:57:13,023 - WARNING - Enhanced device detection failed, using fallback: winmgmts:.Win32_LogicalDisk
2025-07-09 09:57:15,025 - WARNING - Enhanced device detection failed, using fallback: winmgmts:.Win32_LogicalDisk
2025-07-09 09:57:17,029 - WARNING - Enhanced device detection failed, using fallback: winmgmts:.Win32_LogicalDisk
2025-07-09 09:57:19,032 - WARNING - Enhanced device detection failed, using fallback: winmgmts:.Win32_LogicalDisk
2025-07-09 09:57:21,035 - WARNING - Enhanced device detection failed, using fallback: winmgmts:.Win32_LogicalDisk
2025-07-09 09:57:23,038 - WARNING - Enhanced device detection failed, using fallback: winmgmts:.Win32_LogicalDisk
2025-07-09 09:57:25,042 - WARNING - Enhanced device detection failed, using fallback: winmgmts:.Win32_LogicalDisk
2025-07-09 09:57:27,045 - WARNING - Enhanced device detection failed, using fallback: winmgmts:.Win32_LogicalDisk
2025-07-09 09:57:29,047 - WARNING - Enhanced device detection failed, using fallback: winmgmts:.Win32_LogicalDisk
2025-07-09 09:57:31,051 - WARNING - Enhanced device detection failed, using fallback: winmgmts:.Win32_LogicalDisk
2025-07-09 09:57:33,053 - WARNING - Enhanced device detection failed, using fallback: winmgmts:.Win32_LogicalDisk
2025-07-09 09:57:35,064 - WARNING - Enhanced device detection failed, using fallback: winmgmts:.Win32_LogicalDisk
2025-07-09 09:57:37,066 - WARNING - Enhanced device detection failed, using fallback: winmgmts:.Win32_LogicalDisk
2025-07-09 09:57:39,069 - WARNING - Enhanced device detection failed, using fallback: winmgmts:.Win32_LogicalDisk
2025-07-09 09:57:41,072 - WARNING - Enhanced device detection failed, using fallback: winmgmts:.Win32_LogicalDisk
2025-07-09 09:57:43,075 - WARNING - Enhanced device detection failed, using fallback: winmgmts:.Win32_LogicalDisk
2025-07-09 09:57:45,077 - WARNING - Enhanced device detection failed, using fallback: winmgmts:.Win32_LogicalDisk
2025-07-09 09:57:47,080 - WARNING - Enhanced device detection failed, using fallback: winmgmts:.Win32_LogicalDisk
2025-07-09 09:57:49,083 - WARNING - Enhanced device detection failed, using fallback: winmgmts:.Win32_LogicalDisk
2025-07-09 09:57:51,086 - WARNING - Enhanced device detection failed, using fallback: winmgmts:.Win32_LogicalDisk
2025-07-09 09:57:53,088 - WARNING - Enhanced device detection failed, using fallback: winmgmts:.Win32_LogicalDisk
2025-07-09 09:57:55,091 - WARNING - Enhanced device detection failed, using fallback: winmgmts:.Win32_LogicalDisk
2025-07-09 09:57:57,094 - WARNING - Enhanced device detection failed, using fallback: winmgmts:.Win32_LogicalDisk
2025-07-09 09:57:59,097 - WARNING - Enhanced device detection failed, using fallback: winmgmts:.Win32_LogicalDisk
2025-07-09 09:58:01,100 - WARNING - Enhanced device detection failed, using fallback: winmgmts:.Win32_LogicalDisk
2025-07-09 09:58:03,102 - WARNING - Enhanced device detection failed, using fallback: winmgmts:.Win32_LogicalDisk
2025-07-09 09:58:05,105 - WARNING - Enhanced device detection failed, using fallback: winmgmts:.Win32_LogicalDisk
2025-07-09 09:58:07,109 - WARNING - Enhanced device detection failed, using fallback: winmgmts:.Win32_LogicalDisk
2025-07-09 09:58:09,112 - WARNING - Enhanced device detection failed, using fallback: winmgmts:.Win32_LogicalDisk
2025-07-09 09:58:11,115 - WARNING - Enhanced device detection failed, using fallback: winmgmts:.Win32_LogicalDisk
2025-07-09 09:58:13,119 - WARNING - Enhanced device detection failed, using fallback: winmgmts:.Win32_LogicalDisk
2025-07-09 09:58:15,122 - WARNING - Enhanced device detection failed, using fallback: winmgmts:.Win32_LogicalDisk
2025-07-09 09:58:17,124 - WARNING - Enhanced device detection failed, using fallback: winmgmts:.Win32_LogicalDisk
2025-07-09 09:58:19,127 - WARNING - Enhanced device detection failed, using fallback: winmgmts:.Win32_LogicalDisk
2025-07-09 09:58:21,130 - WARNING - Enhanced device detection failed, using fallback: winmgmts:.Win32_LogicalDisk
2025-07-09 09:58:23,133 - WARNING - Enhanced device detection failed, using fallback: winmgmts:.Win32_LogicalDisk
2025-07-09 09:58:25,135 - WARNING - Enhanced device detection failed, using fallback: winmgmts:.Win32_LogicalDisk
2025-07-09 09:58:27,142 - WARNING - Enhanced device detection failed, using fallback: winmgmts:.Win32_LogicalDisk
2025-07-09 09:58:29,147 - WARNING - Enhanced device detection failed, using fallback: winmgmts:.Win32_LogicalDisk
2025-07-09 09:58:31,150 - WARNING - Enhanced device detection failed, using fallback: winmgmts:.Win32_LogicalDisk
2025-07-09 09:58:33,153 - WARNING - Enhanced device detection failed, using fallback: winmgmts:.Win32_LogicalDisk
2025-07-09 09:58:35,159 - WARNING - Enhanced device detection failed, using fallback: winmgmts:.Win32_LogicalDisk
2025-07-09 09:58:37,164 - WARNING - Enhanced device detection failed, using fallback: winmgmts:.Win32_LogicalDisk
2025-07-09 09:58:39,167 - WARNING - Enhanced device detection failed, using fallback: winmgmts:.Win32_LogicalDisk
2025-07-09 09:58:41,169 - WARNING - Enhanced device detection failed, using fallback: winmgmts:.Win32_LogicalDisk
2025-07-09 09:58:43,173 - WARNING - Enhanced device detection failed, using fallback: winmgmts:.Win32_LogicalDisk
2025-07-09 09:58:45,177 - WARNING - Enhanced device detection failed, using fallback: winmgmts:.Win32_LogicalDisk
2025-07-09 09:58:47,181 - WARNING - Enhanced device detection failed, using fallback: winmgmts:.Win32_LogicalDisk
2025-07-09 09:58:49,186 - WARNING - Enhanced device detection failed, using fallback: winmgmts:.Win32_LogicalDisk
2025-07-09 09:58:51,192 - WARNING - Enhanced device detection failed, using fallback: winmgmts:.Win32_LogicalDisk
2025-07-09 09:58:53,194 - WARNING - Enhanced device detection failed, using fallback: winmgmts:.Win32_LogicalDisk
2025-07-09 09:58:55,197 - WARNING - Enhanced device detection failed, using fallback: winmgmts:.Win32_LogicalDisk
2025-07-09 09:58:57,200 - WARNING - Enhanced device detection failed, using fallback: winmgmts:.Win32_LogicalDisk
2025-07-09 09:58:59,205 - WARNING - Enhanced device detection failed, using fallback: winmgmts:.Win32_LogicalDisk
2025-07-09 09:59:01,209 - WARNING - Enhanced device detection failed, using fallback: winmgmts:.Win32_LogicalDisk
2025-07-09 09:59:03,214 - WARNING - Enhanced device detection failed, using fallback: winmgmts:.Win32_LogicalDisk
2025-07-09 09:59:05,217 - WARNING - Enhanced device detection failed, using fallback: winmgmts:.Win32_LogicalDisk
2025-07-09 09:59:07,224 - WARNING - Enhanced device detection failed, using fallback: winmgmts:.Win32_LogicalDisk
2025-07-09 09:59:09,225 - WARNING - Enhanced device detection failed, using fallback: winmgmts:.Win32_LogicalDisk
2025-07-09 09:59:11,230 - WARNING - Enhanced device detection failed, using fallback: winmgmts:.Win32_LogicalDisk
2025-07-09 09:59:13,233 - WARNING - Enhanced device detection failed, using fallback: winmgmts:.Win32_LogicalDisk
2025-07-09 09:59:15,238 - WARNING - Enhanced device detection failed, using fallback: winmgmts:.Win32_LogicalDisk
2025-07-09 09:59:17,244 - WARNING - Enhanced device detection failed, using fallback: winmgmts:.Win32_LogicalDisk
2025-07-09 09:59:19,246 - WARNING - Enhanced device detection failed, using fallback: winmgmts:.Win32_LogicalDisk
2025-07-09 09:59:21,249 - WARNING - Enhanced device detection failed, using fallback: winmgmts:.Win32_LogicalDisk
2025-07-09 09:59:23,253 - WARNING - Enhanced device detection failed, using fallback: winmgmts:.Win32_LogicalDisk
2025-07-09 09:59:25,256 - WARNING - Enhanced device detection failed, using fallback: winmgmts:.Win32_LogicalDisk
2025-07-09 09:59:27,261 - WARNING - Enhanced device detection failed, using fallback: winmgmts:.Win32_LogicalDisk
2025-07-09 09:59:29,267 - WARNING - Enhanced device detection failed, using fallback: winmgmts:.Win32_LogicalDisk
2025-07-09 09:59:31,271 - WARNING - Enhanced device detection failed, using fallback: winmgmts:.Win32_LogicalDisk
2025-07-09 09:59:33,275 - WARNING - Enhanced device detection failed, using fallback: winmgmts:.Win32_LogicalDisk
2025-07-09 09:59:35,277 - WARNING - Enhanced device detection failed, using fallback: winmgmts:.Win32_LogicalDisk
2025-07-09 09:59:37,280 - WARNING - Enhanced device detection failed, using fallback: winmgmts:.Win32_LogicalDisk
2025-07-09 09:59:39,283 - WARNING - Enhanced device detection failed, using fallback: winmgmts:.Win32_LogicalDisk
2025-07-09 09:59:41,287 - WARNING - Enhanced device detection failed, using fallback: winmgmts:.Win32_LogicalDisk
2025-07-09 09:59:43,290 - WARNING - Enhanced device detection failed, using fallback: winmgmts:.Win32_LogicalDisk
2025-07-09 09:59:45,294 - WARNING - Enhanced device detection failed, using fallback: winmgmts:.Win32_LogicalDisk
2025-07-09 09:59:47,298 - WARNING - Enhanced device detection failed, using fallback: winmgmts:.Win32_LogicalDisk
2025-07-09 09:59:49,300 - WARNING - Enhanced device detection failed, using fallback: winmgmts:.Win32_LogicalDisk
2025-07-09 09:59:51,304 - WARNING - Enhanced device detection failed, using fallback: winmgmts:.Win32_LogicalDisk
2025-07-09 09:59:53,309 - WARNING - Enhanced device detection failed, using fallback: winmgmts:.Win32_LogicalDisk
2025-07-09 09:59:55,314 - WARNING - Enhanced device detection failed, using fallback: winmgmts:.Win32_LogicalDisk
2025-07-09 09:59:57,319 - WARNING - Enhanced device detection failed, using fallback: winmgmts:.Win32_LogicalDisk
2025-07-09 09:59:59,323 - WARNING - Enhanced device detection failed, using fallback: winmgmts:.Win32_LogicalDisk
2025-07-09 10:00:01,325 - WARNING - Enhanced device detection failed, using fallback: winmgmts:.Win32_LogicalDisk
2025-07-09 10:00:03,328 - WARNING - Enhanced device detection failed, using fallback: winmgmts:.Win32_LogicalDisk
2025-07-09 10:00:05,333 - WARNING - Enhanced device detection failed, using fallback: winmgmts:.Win32_LogicalDisk
2025-07-09 10:00:07,337 - WARNING - Enhanced device detection failed, using fallback: winmgmts:.Win32_LogicalDisk
2025-07-09 10:00:09,343 - WARNING - Enhanced device detection failed, using fallback: winmgmts:.Win32_LogicalDisk
2025-07-09 10:00:11,345 - WARNING - Enhanced device detection failed, using fallback: winmgmts:.Win32_LogicalDisk
2025-07-09 10:00:13,350 - WARNING - Enhanced device detection failed, using fallback: winmgmts:.Win32_LogicalDisk
2025-07-09 10:00:15,352 - WARNING - Enhanced device detection failed, using fallback: winmgmts:.Win32_LogicalDisk
2025-07-09 10:00:17,355 - WARNING - Enhanced device detection failed, using fallback: winmgmts:.Win32_LogicalDisk
2025-07-09 10:00:19,358 - WARNING - Enhanced device detection failed, using fallback: winmgmts:.Win32_LogicalDisk
2025-07-09 10:00:21,362 - WARNING - Enhanced device detection failed, using fallback: winmgmts:.Win32_LogicalDisk
2025-07-09 10:00:23,365 - WARNING - Enhanced device detection failed, using fallback: winmgmts:.Win32_LogicalDisk
2025-07-09 10:00:25,368 - WARNING - Enhanced device detection failed, using fallback: winmgmts:.Win32_LogicalDisk
2025-07-09 10:00:27,372 - WARNING - Enhanced device detection failed, using fallback: winmgmts:.Win32_LogicalDisk
2025-07-09 10:00:29,375 - WARNING - Enhanced device detection failed, using fallback: winmgmts:.Win32_LogicalDisk
2025-07-09 10:00:31,380 - WARNING - Enhanced device detection failed, using fallback: winmgmts:.Win32_LogicalDisk
2025-07-09 10:00:33,383 - WARNING - Enhanced device detection failed, using fallback: winmgmts:.Win32_LogicalDisk
2025-07-09 10:00:35,387 - WARNING - Enhanced device detection failed, using fallback: winmgmts:.Win32_LogicalDisk
2025-07-09 10:00:37,390 - WARNING - Enhanced device detection failed, using fallback: winmgmts:.Win32_LogicalDisk
2025-07-09 10:00:39,394 - WARNING - Enhanced device detection failed, using fallback: winmgmts:.Win32_LogicalDisk
2025-07-09 10:00:41,399 - WARNING - Enhanced device detection failed, using fallback: winmgmts:.Win32_LogicalDisk
2025-07-09 10:00:43,403 - WARNING - Enhanced device detection failed, using fallback: winmgmts:.Win32_LogicalDisk
2025-07-09 10:00:45,407 - WARNING - Enhanced device detection failed, using fallback: winmgmts:.Win32_LogicalDisk
2025-07-09 10:00:47,411 - WARNING - Enhanced device detection failed, using fallback: winmgmts:.Win32_LogicalDisk
2025-07-09 10:00:49,415 - WARNING - Enhanced device detection failed, using fallback: winmgmts:.Win32_LogicalDisk
2025-07-09 10:00:51,419 - WARNING - Enhanced device detection failed, using fallback: winmgmts:.Win32_LogicalDisk
2025-07-09 10:00:53,423 - WARNING - Enhanced device detection failed, using fallback: winmgmts:.Win32_LogicalDisk
2025-07-09 10:00:55,427 - WARNING - Enhanced device detection failed, using fallback: winmgmts:.Win32_LogicalDisk
2025-07-09 10:00:57,432 - WARNING - Enhanced device detection failed, using fallback: winmgmts:.Win32_LogicalDisk
2025-07-09 10:00:59,435 - WARNING - Enhanced device detection failed, using fallback: winmgmts:.Win32_LogicalDisk
2025-07-09 10:01:01,443 - WARNING - Enhanced device detection failed, using fallback: winmgmts:.Win32_LogicalDisk
2025-07-09 10:01:03,447 - WARNING - Enhanced device detection failed, using fallback: winmgmts:.Win32_LogicalDisk
2025-07-09 10:01:04,313 - INFO - 127.0.0.1 - - [09/Jul/2025 10:01:04] "GET /socket.io/?EIO=4&transport=websocket&sid=-l866-w99WmkxqHEAAAC HTTP/1.1" 200 -
2025-07-09 10:01:05,451 - WARNING - Enhanced device detection failed, using fallback: winmgmts:.Win32_LogicalDisk
2025-07-09 10:01:07,456 - WARNING - Enhanced device detection failed, using fallback: winmgmts:.Win32_LogicalDisk
2025-07-09 10:01:09,461 - WARNING - Enhanced device detection failed, using fallback: winmgmts:.Win32_LogicalDisk
2025-07-09 10:01:11,464 - WARNING - Enhanced device detection failed, using fallback: winmgmts:.Win32_LogicalDisk
2025-07-09 10:01:13,467 - WARNING - Enhanced device detection failed, using fallback: winmgmts:.Win32_LogicalDisk
2025-07-09 10:01:15,473 - WARNING - Enhanced device detection failed, using fallback: winmgmts:.Win32_LogicalDisk
2025-07-09 10:01:17,476 - WARNING - Enhanced device detection failed, using fallback: winmgmts:.Win32_LogicalDisk
2025-07-09 10:01:19,480 - WARNING - Enhanced device detection failed, using fallback: winmgmts:.Win32_LogicalDisk
2025-07-09 10:01:21,484 - WARNING - Enhanced device detection failed, using fallback: winmgmts:.Win32_LogicalDisk
2025-07-09 10:01:23,488 - WARNING - Enhanced device detection failed, using fallback: winmgmts:.Win32_LogicalDisk
2025-07-09 10:01:25,492 - WARNING - Enhanced device detection failed, using fallback: winmgmts:.Win32_LogicalDisk
2025-07-09 10:01:27,495 - WARNING - Enhanced device detection failed, using fallback: winmgmts:.Win32_LogicalDisk
2025-07-09 10:01:29,499 - WARNING - Enhanced device detection failed, using fallback: winmgmts:.Win32_LogicalDisk
2025-07-09 10:01:31,503 - WARNING - Enhanced device detection failed, using fallback: winmgmts:.Win32_LogicalDisk
2025-07-09 10:01:33,509 - WARNING - Enhanced device detection failed, using fallback: winmgmts:.Win32_LogicalDisk
2025-07-09 10:01:35,512 - WARNING - Enhanced device detection failed, using fallback: winmgmts:.Win32_LogicalDisk
2025-07-09 10:01:37,515 - WARNING - Enhanced device detection failed, using fallback: winmgmts:.Win32_LogicalDisk
2025-07-09 10:01:39,519 - WARNING - Enhanced device detection failed, using fallback: winmgmts:.Win32_LogicalDisk
2025-07-09 10:01:41,525 - WARNING - Enhanced device detection failed, using fallback: winmgmts:.Win32_LogicalDisk
2025-07-09 10:01:43,532 - WARNING - Enhanced device detection failed, using fallback: winmgmts:.Win32_LogicalDisk
2025-07-09 10:01:45,537 - WARNING - Enhanced device detection failed, using fallback: winmgmts:.Win32_LogicalDisk
2025-07-09 10:01:47,542 - WARNING - Enhanced device detection failed, using fallback: winmgmts:.Win32_LogicalDisk
2025-07-09 10:01:49,545 - WARNING - Enhanced device detection failed, using fallback: winmgmts:.Win32_LogicalDisk
2025-07-09 10:01:51,547 - WARNING - Enhanced device detection failed, using fallback: winmgmts:.Win32_LogicalDisk
2025-07-09 10:01:53,551 - WARNING - Enhanced device detection failed, using fallback: winmgmts:.Win32_LogicalDisk
2025-07-09 10:01:55,555 - WARNING - Enhanced device detection failed, using fallback: winmgmts:.Win32_LogicalDisk
2025-07-09 10:01:57,560 - WARNING - Enhanced device detection failed, using fallback: winmgmts:.Win32_LogicalDisk
2025-07-09 10:01:59,564 - WARNING - Enhanced device detection failed, using fallback: winmgmts:.Win32_LogicalDisk
2025-07-09 10:02:01,569 - WARNING - Enhanced device detection failed, using fallback: winmgmts:.Win32_LogicalDisk
2025-07-09 10:02:03,571 - WARNING - Enhanced device detection failed, using fallback: winmgmts:.Win32_LogicalDisk
2025-07-09 10:02:05,574 - WARNING - Enhanced device detection failed, using fallback: winmgmts:.Win32_LogicalDisk
2025-07-09 10:02:07,578 - WARNING - Enhanced device detection failed, using fallback: winmgmts:.Win32_LogicalDisk
2025-07-09 10:02:09,581 - WARNING - Enhanced device detection failed, using fallback: winmgmts:.Win32_LogicalDisk
2025-07-09 10:02:11,585 - WARNING - Enhanced device detection failed, using fallback: winmgmts:.Win32_LogicalDisk
2025-07-09 10:02:13,590 - WARNING - Enhanced device detection failed, using fallback: winmgmts:.Win32_LogicalDisk
2025-07-09 10:02:15,592 - WARNING - Enhanced device detection failed, using fallback: winmgmts:.Win32_LogicalDisk
2025-07-09 10:02:17,595 - WARNING - Enhanced device detection failed, using fallback: winmgmts:.Win32_LogicalDisk
2025-07-09 10:02:19,599 - WARNING - Enhanced device detection failed, using fallback: winmgmts:.Win32_LogicalDisk
2025-07-09 10:02:21,603 - WARNING - Enhanced device detection failed, using fallback: winmgmts:.Win32_LogicalDisk
2025-07-09 10:02:23,606 - WARNING - Enhanced device detection failed, using fallback: winmgmts:.Win32_LogicalDisk
2025-07-09 10:02:25,611 - WARNING - Enhanced device detection failed, using fallback: winmgmts:.Win32_LogicalDisk
2025-07-09 10:02:27,616 - WARNING - Enhanced device detection failed, using fallback: winmgmts:.Win32_LogicalDisk
2025-07-09 10:02:29,620 - WARNING - Enhanced device detection failed, using fallback: winmgmts:.Win32_LogicalDisk
2025-07-09 10:02:31,623 - WARNING - Enhanced device detection failed, using fallback: winmgmts:.Win32_LogicalDisk
2025-07-09 10:02:33,626 - WARNING - Enhanced device detection failed, using fallback: winmgmts:.Win32_LogicalDisk
2025-07-09 10:02:35,630 - WARNING - Enhanced device detection failed, using fallback: winmgmts:.Win32_LogicalDisk
2025-07-09 10:02:37,635 - WARNING - Enhanced device detection failed, using fallback: winmgmts:.Win32_LogicalDisk
2025-07-09 10:02:39,639 - WARNING - Enhanced device detection failed, using fallback: winmgmts:.Win32_LogicalDisk
2025-07-09 10:02:41,643 - WARNING - Enhanced device detection failed, using fallback: winmgmts:.Win32_LogicalDisk
2025-07-09 10:02:43,646 - WARNING - Enhanced device detection failed, using fallback: winmgmts:.Win32_LogicalDisk
2025-07-09 10:02:45,650 - WARNING - Enhanced device detection failed, using fallback: winmgmts:.Win32_LogicalDisk
2025-07-09 10:02:47,654 - WARNING - Enhanced device detection failed, using fallback: winmgmts:.Win32_LogicalDisk
2025-07-09 10:02:49,657 - WARNING - Enhanced device detection failed, using fallback: winmgmts:.Win32_LogicalDisk
2025-07-09 10:02:51,662 - WARNING - Enhanced device detection failed, using fallback: winmgmts:.Win32_LogicalDisk
2025-07-09 10:02:53,665 - WARNING - Enhanced device detection failed, using fallback: winmgmts:.Win32_LogicalDisk
2025-07-09 10:02:55,670 - WARNING - Enhanced device detection failed, using fallback: winmgmts:.Win32_LogicalDisk
2025-07-09 10:02:57,674 - WARNING - Enhanced device detection failed, using fallback: winmgmts:.Win32_LogicalDisk
2025-07-09 10:02:59,678 - WARNING - Enhanced device detection failed, using fallback: winmgmts:.Win32_LogicalDisk
2025-07-09 10:03:01,683 - WARNING - Enhanced device detection failed, using fallback: winmgmts:.Win32_LogicalDisk
2025-07-09 10:03:03,687 - WARNING - Enhanced device detection failed, using fallback: winmgmts:.Win32_LogicalDisk
2025-07-09 10:03:05,692 - WARNING - Enhanced device detection failed, using fallback: winmgmts:.Win32_LogicalDisk
2025-07-09 10:03:07,697 - WARNING - Enhanced device detection failed, using fallback: winmgmts:.Win32_LogicalDisk
2025-07-09 10:03:09,701 - WARNING - Enhanced device detection failed, using fallback: winmgmts:.Win32_LogicalDisk
2025-07-09 10:03:11,707 - WARNING - Enhanced device detection failed, using fallback: winmgmts:.Win32_LogicalDisk
2025-07-09 10:03:13,710 - WARNING - Enhanced device detection failed, using fallback: winmgmts:.Win32_LogicalDisk
2025-07-09 10:03:15,714 - WARNING - Enhanced device detection failed, using fallback: winmgmts:.Win32_LogicalDisk
2025-07-09 10:03:17,718 - WARNING - Enhanced device detection failed, using fallback: winmgmts:.Win32_LogicalDisk
2025-07-09 10:03:19,722 - WARNING - Enhanced device detection failed, using fallback: winmgmts:.Win32_LogicalDisk
2025-07-09 10:03:21,726 - WARNING - Enhanced device detection failed, using fallback: winmgmts:.Win32_LogicalDisk
2025-07-09 10:03:23,732 - WARNING - Enhanced device detection failed, using fallback: winmgmts:.Win32_LogicalDisk
2025-07-09 10:03:25,736 - WARNING - Enhanced device detection failed, using fallback: winmgmts:.Win32_LogicalDisk
2025-07-09 10:03:27,741 - WARNING - Enhanced device detection failed, using fallback: winmgmts:.Win32_LogicalDisk
2025-07-09 10:03:29,745 - WARNING - Enhanced device detection failed, using fallback: winmgmts:.Win32_LogicalDisk
2025-07-09 10:03:31,748 - WARNING - Enhanced device detection failed, using fallback: winmgmts:.Win32_LogicalDisk
2025-07-09 10:03:33,753 - WARNING - Enhanced device detection failed, using fallback: winmgmts:.Win32_LogicalDisk
2025-07-09 10:03:35,757 - WARNING - Enhanced device detection failed, using fallback: winmgmts:.Win32_LogicalDisk
2025-07-09 10:03:37,760 - WARNING - Enhanced device detection failed, using fallback: winmgmts:.Win32_LogicalDisk
2025-07-09 10:03:39,763 - WARNING - Enhanced device detection failed, using fallback: winmgmts:.Win32_LogicalDisk
2025-07-09 10:03:41,766 - WARNING - Enhanced device detection failed, using fallback: winmgmts:.Win32_LogicalDisk
2025-07-09 10:03:43,770 - WARNING - Enhanced device detection failed, using fallback: winmgmts:.Win32_LogicalDisk
2025-07-09 10:03:45,773 - WARNING - Enhanced device detection failed, using fallback: winmgmts:.Win32_LogicalDisk
2025-07-09 10:03:47,780 - WARNING - Enhanced device detection failed, using fallback: winmgmts:.Win32_LogicalDisk
2025-07-09 10:03:49,785 - WARNING - Enhanced device detection failed, using fallback: winmgmts:.Win32_LogicalDisk
2025-07-09 10:03:51,789 - WARNING - Enhanced device detection failed, using fallback: winmgmts:.Win32_LogicalDisk
2025-07-09 10:03:53,792 - WARNING - Enhanced device detection failed, using fallback: winmgmts:.Win32_LogicalDisk
2025-07-09 10:03:55,795 - WARNING - Enhanced device detection failed, using fallback: winmgmts:.Win32_LogicalDisk
2025-07-09 10:03:57,798 - WARNING - Enhanced device detection failed, using fallback: winmgmts:.Win32_LogicalDisk
2025-07-09 10:03:59,802 - WARNING - Enhanced device detection failed, using fallback: winmgmts:.Win32_LogicalDisk
2025-07-09 10:04:01,806 - WARNING - Enhanced device detection failed, using fallback: winmgmts:.Win32_LogicalDisk
2025-07-09 10:04:03,809 - WARNING - Enhanced device detection failed, using fallback: winmgmts:.Win32_LogicalDisk
2025-07-09 10:04:05,813 - WARNING - Enhanced device detection failed, using fallback: winmgmts:.Win32_LogicalDisk
2025-07-09 10:04:07,820 - WARNING - Enhanced device detection failed, using fallback: winmgmts:.Win32_LogicalDisk
2025-07-09 10:04:09,825 - WARNING - Enhanced device detection failed, using fallback: winmgmts:.Win32_LogicalDisk
2025-07-09 10:04:11,827 - WARNING - Enhanced device detection failed, using fallback: winmgmts:.Win32_LogicalDisk
2025-07-09 10:04:13,831 - WARNING - Enhanced device detection failed, using fallback: winmgmts:.Win32_LogicalDisk
2025-07-09 10:04:15,837 - WARNING - Enhanced device detection failed, using fallback: winmgmts:.Win32_LogicalDisk
2025-07-09 10:04:17,841 - WARNING - Enhanced device detection failed, using fallback: winmgmts:.Win32_LogicalDisk
2025-07-09 10:04:19,847 - WARNING - Enhanced device detection failed, using fallback: winmgmts:.Win32_LogicalDisk
2025-07-09 10:04:21,850 - WARNING - Enhanced device detection failed, using fallback: winmgmts:.Win32_LogicalDisk
2025-07-09 10:04:23,854 - WARNING - Enhanced device detection failed, using fallback: winmgmts:.Win32_LogicalDisk
2025-07-09 10:04:25,860 - WARNING - Enhanced device detection failed, using fallback: winmgmts:.Win32_LogicalDisk
2025-07-09 10:04:27,865 - WARNING - Enhanced device detection failed, using fallback: winmgmts:.Win32_LogicalDisk
2025-07-09 10:04:29,869 - WARNING - Enhanced device detection failed, using fallback: winmgmts:.Win32_LogicalDisk
2025-07-09 10:04:31,874 - WARNING - Enhanced device detection failed, using fallback: winmgmts:.Win32_LogicalDisk
2025-07-09 10:04:33,879 - WARNING - Enhanced device detection failed, using fallback: winmgmts:.Win32_LogicalDisk
2025-07-09 10:04:35,885 - WARNING - Enhanced device detection failed, using fallback: winmgmts:.Win32_LogicalDisk
2025-07-09 10:04:37,890 - WARNING - Enhanced device detection failed, using fallback: winmgmts:.Win32_LogicalDisk
2025-07-09 10:04:39,894 - WARNING - Enhanced device detection failed, using fallback: winmgmts:.Win32_LogicalDisk
2025-07-09 10:04:41,899 - WARNING - Enhanced device detection failed, using fallback: winmgmts:.Win32_LogicalDisk
2025-07-09 10:04:43,908 - WARNING - Enhanced device detection failed, using fallback: winmgmts:.Win32_LogicalDisk
2025-07-09 10:04:45,913 - WARNING - Enhanced device detection failed, using fallback: winmgmts:.Win32_LogicalDisk
2025-07-09 10:04:47,919 - WARNING - Enhanced device detection failed, using fallback: winmgmts:.Win32_LogicalDisk
2025-07-09 10:04:49,924 - WARNING - Enhanced device detection failed, using fallback: winmgmts:.Win32_LogicalDisk
2025-07-09 10:04:51,930 - WARNING - Enhanced device detection failed, using fallback: winmgmts:.Win32_LogicalDisk
2025-07-09 10:04:53,936 - WARNING - Enhanced device detection failed, using fallback: winmgmts:.Win32_LogicalDisk
2025-07-09 10:04:55,941 - WARNING - Enhanced device detection failed, using fallback: winmgmts:.Win32_LogicalDisk
2025-07-09 10:04:57,945 - WARNING - Enhanced device detection failed, using fallback: winmgmts:.Win32_LogicalDisk
2025-07-09 10:04:59,952 - WARNING - Enhanced device detection failed, using fallback: winmgmts:.Win32_LogicalDisk
2025-07-09 10:05:01,956 - WARNING - Enhanced device detection failed, using fallback: winmgmts:.Win32_LogicalDisk
2025-07-09 10:05:03,961 - WARNING - Enhanced device detection failed, using fallback: winmgmts:.Win32_LogicalDisk
2025-07-09 10:05:05,966 - WARNING - Enhanced device detection failed, using fallback: winmgmts:.Win32_LogicalDisk
2025-07-09 10:05:07,971 - WARNING - Enhanced device detection failed, using fallback: winmgmts:.Win32_LogicalDisk
2025-07-09 10:05:09,977 - WARNING - Enhanced device detection failed, using fallback: winmgmts:.Win32_LogicalDisk
2025-07-09 10:05:11,982 - WARNING - Enhanced device detection failed, using fallback: winmgmts:.Win32_LogicalDisk
2025-07-09 10:05:13,989 - WARNING - Enhanced device detection failed, using fallback: winmgmts:.Win32_LogicalDisk
2025-07-09 10:05:15,994 - WARNING - Enhanced device detection failed, using fallback: winmgmts:.Win32_LogicalDisk
2025-07-09 10:05:17,998 - WARNING - Enhanced device detection failed, using fallback: winmgmts:.Win32_LogicalDisk
2025-07-09 10:05:20,002 - WARNING - Enhanced device detection failed, using fallback: winmgmts:.Win32_LogicalDisk
2025-07-09 10:05:22,006 - WARNING - Enhanced device detection failed, using fallback: winmgmts:.Win32_LogicalDisk
2025-07-09 10:05:24,011 - WARNING - Enhanced device detection failed, using fallback: winmgmts:.Win32_LogicalDisk
2025-07-09 10:05:26,016 - WARNING - Enhanced device detection failed, using fallback: winmgmts:.Win32_LogicalDisk
2025-07-09 10:05:28,020 - WARNING - Enhanced device detection failed, using fallback: winmgmts:.Win32_LogicalDisk
2025-07-09 10:05:30,025 - WARNING - Enhanced device detection failed, using fallback: winmgmts:.Win32_LogicalDisk
2025-07-09 10:05:32,028 - WARNING - Enhanced device detection failed, using fallback: winmgmts:.Win32_LogicalDisk
2025-07-09 10:05:34,032 - WARNING - Enhanced device detection failed, using fallback: winmgmts:.Win32_LogicalDisk
2025-07-09 10:05:36,037 - WARNING - Enhanced device detection failed, using fallback: winmgmts:.Win32_LogicalDisk
2025-07-09 10:05:38,042 - WARNING - Enhanced device detection failed, using fallback: winmgmts:.Win32_LogicalDisk
2025-07-09 10:05:40,045 - WARNING - Enhanced device detection failed, using fallback: winmgmts:.Win32_LogicalDisk
2025-07-09 10:05:42,050 - WARNING - Enhanced device detection failed, using fallback: winmgmts:.Win32_LogicalDisk
2025-07-09 10:05:44,053 - WARNING - Enhanced device detection failed, using fallback: winmgmts:.Win32_LogicalDisk
2025-07-09 10:05:46,057 - WARNING - Enhanced device detection failed, using fallback: winmgmts:.Win32_LogicalDisk
2025-07-09 10:05:48,061 - WARNING - Enhanced device detection failed, using fallback: winmgmts:.Win32_LogicalDisk
2025-07-09 10:05:50,065 - WARNING - Enhanced device detection failed, using fallback: winmgmts:.Win32_LogicalDisk
2025-07-09 10:05:52,070 - WARNING - Enhanced device detection failed, using fallback: winmgmts:.Win32_LogicalDisk
2025-07-09 10:05:54,075 - WARNING - Enhanced device detection failed, using fallback: winmgmts:.Win32_LogicalDisk
2025-07-09 10:05:56,080 - WARNING - Enhanced device detection failed, using fallback: winmgmts:.Win32_LogicalDisk
2025-07-09 10:05:58,085 - WARNING - Enhanced device detection failed, using fallback: winmgmts:.Win32_LogicalDisk
2025-07-09 10:06:00,090 - WARNING - Enhanced device detection failed, using fallback: winmgmts:.Win32_LogicalDisk
2025-07-09 10:06:02,095 - WARNING - Enhanced device detection failed, using fallback: winmgmts:.Win32_LogicalDisk
2025-07-09 10:06:04,100 - WARNING - Enhanced device detection failed, using fallback: winmgmts:.Win32_LogicalDisk
2025-07-09 10:06:06,105 - WARNING - Enhanced device detection failed, using fallback: winmgmts:.Win32_LogicalDisk
2025-07-09 10:06:08,110 - WARNING - Enhanced device detection failed, using fallback: winmgmts:.Win32_LogicalDisk
2025-07-09 10:06:10,116 - WARNING - Enhanced device detection failed, using fallback: winmgmts:.Win32_LogicalDisk
2025-07-09 10:06:12,121 - WARNING - Enhanced device detection failed, using fallback: winmgmts:.Win32_LogicalDisk
2025-07-09 10:06:14,125 - WARNING - Enhanced device detection failed, using fallback: winmgmts:.Win32_LogicalDisk
2025-07-09 10:06:16,131 - WARNING - Enhanced device detection failed, using fallback: winmgmts:.Win32_LogicalDisk
2025-07-09 10:06:18,139 - WARNING - Enhanced device detection failed, using fallback: winmgmts:.Win32_LogicalDisk
2025-07-09 10:06:20,143 - WARNING - Enhanced device detection failed, using fallback: winmgmts:.Win32_LogicalDisk
2025-07-09 10:06:22,146 - WARNING - Enhanced device detection failed, using fallback: winmgmts:.Win32_LogicalDisk
2025-07-09 10:06:24,153 - WARNING - Enhanced device detection failed, using fallback: winmgmts:.Win32_LogicalDisk
2025-07-09 10:06:26,158 - WARNING - Enhanced device detection failed, using fallback: winmgmts:.Win32_LogicalDisk
2025-07-09 10:06:28,164 - WARNING - Enhanced device detection failed, using fallback: winmgmts:.Win32_LogicalDisk
2025-07-09 10:06:30,168 - WARNING - Enhanced device detection failed, using fallback: winmgmts:.Win32_LogicalDisk
2025-07-09 10:06:32,173 - WARNING - Enhanced device detection failed, using fallback: winmgmts:.Win32_LogicalDisk
2025-07-09 10:06:34,178 - WARNING - Enhanced device detection failed, using fallback: winmgmts:.Win32_LogicalDisk
2025-07-09 10:06:36,184 - WARNING - Enhanced device detection failed, using fallback: winmgmts:.Win32_LogicalDisk
2025-07-09 10:06:38,189 - WARNING - Enhanced device detection failed, using fallback: winmgmts:.Win32_LogicalDisk
2025-07-09 10:06:40,194 - WARNING - Enhanced device detection failed, using fallback: winmgmts:.Win32_LogicalDisk
2025-07-09 10:06:42,199 - WARNING - Enhanced device detection failed, using fallback: winmgmts:.Win32_LogicalDisk
2025-07-09 10:06:44,204 - WARNING - Enhanced device detection failed, using fallback: winmgmts:.Win32_LogicalDisk
2025-07-09 10:06:46,209 - WARNING - Enhanced device detection failed, using fallback: winmgmts:.Win32_LogicalDisk
2025-07-09 10:06:48,214 - WARNING - Enhanced device detection failed, using fallback: winmgmts:.Win32_LogicalDisk
2025-07-09 10:06:50,219 - WARNING - Enhanced device detection failed, using fallback: winmgmts:.Win32_LogicalDisk
2025-07-09 10:06:52,225 - WARNING - Enhanced device detection failed, using fallback: winmgmts:.Win32_LogicalDisk
2025-07-09 10:06:54,231 - WARNING - Enhanced device detection failed, using fallback: winmgmts:.Win32_LogicalDisk
2025-07-09 10:06:56,236 - WARNING - Enhanced device detection failed, using fallback: winmgmts:.Win32_LogicalDisk
2025-07-09 10:06:58,241 - WARNING - Enhanced device detection failed, using fallback: winmgmts:.Win32_LogicalDisk
2025-07-09 10:07:00,244 - WARNING - Enhanced device detection failed, using fallback: winmgmts:.Win32_LogicalDisk
2025-07-09 10:07:02,249 - WARNING - Enhanced device detection failed, using fallback: winmgmts:.Win32_LogicalDisk
2025-07-09 10:07:04,254 - WARNING - Enhanced device detection failed, using fallback: winmgmts:.Win32_LogicalDisk
2025-07-09 10:07:06,260 - WARNING - Enhanced device detection failed, using fallback: winmgmts:.Win32_LogicalDisk
2025-07-09 10:07:08,264 - WARNING - Enhanced device detection failed, using fallback: winmgmts:.Win32_LogicalDisk
2025-07-09 10:07:10,270 - WARNING - Enhanced device detection failed, using fallback: winmgmts:.Win32_LogicalDisk
2025-07-09 10:07:12,274 - WARNING - Enhanced device detection failed, using fallback: winmgmts:.Win32_LogicalDisk
2025-07-09 10:07:14,279 - WARNING - Enhanced device detection failed, using fallback: winmgmts:.Win32_LogicalDisk
2025-07-09 10:07:16,288 - WARNING - Enhanced device detection failed, using fallback: winmgmts:.Win32_LogicalDisk
2025-07-09 10:07:18,294 - WARNING - Enhanced device detection failed, using fallback: winmgmts:.Win32_LogicalDisk
2025-07-09 10:07:20,299 - WARNING - Enhanced device detection failed, using fallback: winmgmts:.Win32_LogicalDisk
2025-07-09 10:07:22,304 - WARNING - Enhanced device detection failed, using fallback: winmgmts:.Win32_LogicalDisk
2025-07-09 10:07:24,312 - WARNING - Enhanced device detection failed, using fallback: winmgmts:.Win32_LogicalDisk
2025-07-09 10:07:26,319 - WARNING - Enhanced device detection failed, using fallback: winmgmts:.Win32_LogicalDisk
2025-07-09 10:07:28,325 - WARNING - Enhanced device detection failed, using fallback: winmgmts:.Win32_LogicalDisk
2025-07-09 10:07:30,331 - WARNING - Enhanced device detection failed, using fallback: winmgmts:.Win32_LogicalDisk
2025-07-09 10:07:32,338 - WARNING - Enhanced device detection failed, using fallback: winmgmts:.Win32_LogicalDisk
2025-07-09 10:07:34,344 - WARNING - Enhanced device detection failed, using fallback: winmgmts:.Win32_LogicalDisk
2025-07-09 10:07:36,351 - WARNING - Enhanced device detection failed, using fallback: winmgmts:.Win32_LogicalDisk
2025-07-09 10:07:38,357 - WARNING - Enhanced device detection failed, using fallback: winmgmts:.Win32_LogicalDisk
2025-07-09 10:07:40,361 - WARNING - Enhanced device detection failed, using fallback: winmgmts:.Win32_LogicalDisk
2025-07-09 10:07:42,366 - WARNING - Enhanced device detection failed, using fallback: winmgmts:.Win32_LogicalDisk
2025-07-09 10:07:44,371 - WARNING - Enhanced device detection failed, using fallback: winmgmts:.Win32_LogicalDisk
2025-07-09 10:07:46,375 - WARNING - Enhanced device detection failed, using fallback: winmgmts:.Win32_LogicalDisk
2025-07-09 10:07:48,381 - WARNING - Enhanced device detection failed, using fallback: winmgmts:.Win32_LogicalDisk
2025-07-09 10:07:50,389 - WARNING - Enhanced device detection failed, using fallback: winmgmts:.Win32_LogicalDisk
2025-07-09 10:07:52,395 - WARNING - Enhanced device detection failed, using fallback: winmgmts:.Win32_LogicalDisk
2025-07-09 10:07:54,400 - WARNING - Enhanced device detection failed, using fallback: winmgmts:.Win32_LogicalDisk
2025-07-09 10:07:56,404 - WARNING - Enhanced device detection failed, using fallback: winmgmts:.Win32_LogicalDisk
2025-07-09 10:07:58,409 - WARNING - Enhanced device detection failed, using fallback: winmgmts:.Win32_LogicalDisk
2025-07-09 10:08:00,418 - WARNING - Enhanced device detection failed, using fallback: winmgmts:.Win32_LogicalDisk
2025-07-09 10:08:02,423 - WARNING - Enhanced device detection failed, using fallback: winmgmts:.Win32_LogicalDisk
2025-07-09 10:08:04,428 - WARNING - Enhanced device detection failed, using fallback: winmgmts:.Win32_LogicalDisk
2025-07-09 10:08:06,434 - WARNING - Enhanced device detection failed, using fallback: winmgmts:.Win32_LogicalDisk
2025-07-09 10:08:08,440 - WARNING - Enhanced device detection failed, using fallback: winmgmts:.Win32_LogicalDisk
2025-07-09 10:08:10,445 - WARNING - Enhanced device detection failed, using fallback: winmgmts:.Win32_LogicalDisk
2025-07-09 10:08:12,449 - WARNING - Enhanced device detection failed, using fallback: winmgmts:.Win32_LogicalDisk
2025-07-09 10:08:14,454 - WARNING - Enhanced device detection failed, using fallback: winmgmts:.Win32_LogicalDisk
2025-07-09 10:08:16,460 - WARNING - Enhanced device detection failed, using fallback: winmgmts:.Win32_LogicalDisk
2025-07-09 10:08:18,465 - WARNING - Enhanced device detection failed, using fallback: winmgmts:.Win32_LogicalDisk
2025-07-09 10:08:20,471 - WARNING - Enhanced device detection failed, using fallback: winmgmts:.Win32_LogicalDisk
2025-07-09 10:08:22,476 - WARNING - Enhanced device detection failed, using fallback: winmgmts:.Win32_LogicalDisk
2025-07-09 10:08:24,484 - WARNING - Enhanced device detection failed, using fallback: winmgmts:.Win32_LogicalDisk
2025-07-09 10:08:26,490 - WARNING - Enhanced device detection failed, using fallback: winmgmts:.Win32_LogicalDisk
2025-07-09 10:08:28,496 - WARNING - Enhanced device detection failed, using fallback: winmgmts:.Win32_LogicalDisk
2025-07-09 10:08:30,502 - WARNING - Enhanced device detection failed, using fallback: winmgmts:.Win32_LogicalDisk
2025-07-09 10:08:32,507 - WARNING - Enhanced device detection failed, using fallback: winmgmts:.Win32_LogicalDisk
2025-07-09 10:08:34,512 - WARNING - Enhanced device detection failed, using fallback: winmgmts:.Win32_LogicalDisk
2025-07-09 10:08:36,517 - WARNING - Enhanced device detection failed, using fallback: winmgmts:.Win32_LogicalDisk
2025-07-09 10:08:38,523 - WARNING - Enhanced device detection failed, using fallback: winmgmts:.Win32_LogicalDisk
2025-07-09 10:08:40,526 - WARNING - Enhanced device detection failed, using fallback: winmgmts:.Win32_LogicalDisk
2025-07-09 10:08:42,532 - WARNING - Enhanced device detection failed, using fallback: winmgmts:.Win32_LogicalDisk
2025-07-09 10:08:44,538 - WARNING - Enhanced device detection failed, using fallback: winmgmts:.Win32_LogicalDisk
2025-07-09 10:08:46,542 - WARNING - Enhanced device detection failed, using fallback: winmgmts:.Win32_LogicalDisk
2025-07-09 10:08:48,548 - WARNING - Enhanced device detection failed, using fallback: winmgmts:.Win32_LogicalDisk
2025-07-09 10:08:50,553 - WARNING - Enhanced device detection failed, using fallback: winmgmts:.Win32_LogicalDisk
2025-07-09 10:08:52,559 - WARNING - Enhanced device detection failed, using fallback: winmgmts:.Win32_LogicalDisk
2025-07-09 10:08:54,565 - WARNING - Enhanced device detection failed, using fallback: winmgmts:.Win32_LogicalDisk
2025-07-09 10:08:56,570 - WARNING - Enhanced device detection failed, using fallback: winmgmts:.Win32_LogicalDisk
2025-07-09 10:08:58,575 - WARNING - Enhanced device detection failed, using fallback: winmgmts:.Win32_LogicalDisk
2025-07-09 10:09:00,583 - WARNING - Enhanced device detection failed, using fallback: winmgmts:.Win32_LogicalDisk
2025-07-09 10:09:02,588 - WARNING - Enhanced device detection failed, using fallback: winmgmts:.Win32_LogicalDisk
2025-07-09 10:09:04,594 - WARNING - Enhanced device detection failed, using fallback: winmgmts:.Win32_LogicalDisk
2025-07-09 10:09:06,599 - WARNING - Enhanced device detection failed, using fallback: winmgmts:.Win32_LogicalDisk
2025-07-09 10:09:08,605 - WARNING - Enhanced device detection failed, using fallback: winmgmts:.Win32_LogicalDisk
2025-07-09 10:09:10,611 - WARNING - Enhanced device detection failed, using fallback: winmgmts:.Win32_LogicalDisk
2025-07-09 10:09:12,617 - WARNING - Enhanced device detection failed, using fallback: winmgmts:.Win32_LogicalDisk
2025-07-09 10:09:14,622 - WARNING - Enhanced device detection failed, using fallback: winmgmts:.Win32_LogicalDisk
2025-07-09 10:09:16,627 - WARNING - Enhanced device detection failed, using fallback: winmgmts:.Win32_LogicalDisk
2025-07-09 10:09:18,631 - WARNING - Enhanced device detection failed, using fallback: winmgmts:.Win32_LogicalDisk
2025-07-09 10:09:20,635 - WARNING - Enhanced device detection failed, using fallback: winmgmts:.Win32_LogicalDisk
2025-07-09 10:09:22,639 - WARNING - Enhanced device detection failed, using fallback: winmgmts:.Win32_LogicalDisk
2025-07-09 10:09:24,644 - WARNING - Enhanced device detection failed, using fallback: winmgmts:.Win32_LogicalDisk
2025-07-09 10:09:26,649 - WARNING - Enhanced device detection failed, using fallback: winmgmts:.Win32_LogicalDisk
2025-07-09 10:09:28,656 - WARNING - Enhanced device detection failed, using fallback: winmgmts:.Win32_LogicalDisk
2025-07-09 10:09:30,661 - WARNING - Enhanced device detection failed, using fallback: winmgmts:.Win32_LogicalDisk
2025-07-09 10:09:32,669 - WARNING - Enhanced device detection failed, using fallback: winmgmts:.Win32_LogicalDisk
2025-07-09 10:09:34,676 - WARNING - Enhanced device detection failed, using fallback: winmgmts:.Win32_LogicalDisk
2025-07-09 10:09:36,683 - WARNING - Enhanced device detection failed, using fallback: winmgmts:.Win32_LogicalDisk
2025-07-09 10:09:38,689 - WARNING - Enhanced device detection failed, using fallback: winmgmts:.Win32_LogicalDisk
2025-07-09 10:09:40,693 - WARNING - Enhanced device detection failed, using fallback: winmgmts:.Win32_LogicalDisk
2025-07-09 10:09:42,703 - WARNING - Enhanced device detection failed, using fallback: winmgmts:.Win32_LogicalDisk
2025-07-09 10:09:44,709 - WARNING - Enhanced device detection failed, using fallback: winmgmts:.Win32_LogicalDisk
2025-07-09 10:09:46,714 - WARNING - Enhanced device detection failed, using fallback: winmgmts:.Win32_LogicalDisk
2025-07-09 10:09:48,721 - WARNING - Enhanced device detection failed, using fallback: winmgmts:.Win32_LogicalDisk
2025-07-09 10:09:50,725 - WARNING - Enhanced device detection failed, using fallback: winmgmts:.Win32_LogicalDisk
2025-07-09 10:09:52,732 - WARNING - Enhanced device detection failed, using fallback: winmgmts:.Win32_LogicalDisk
2025-07-09 10:09:54,737 - WARNING - Enhanced device detection failed, using fallback: winmgmts:.Win32_LogicalDisk
2025-07-09 10:09:56,745 - WARNING - Enhanced device detection failed, using fallback: winmgmts:.Win32_LogicalDisk
2025-07-09 10:09:58,750 - WARNING - Enhanced device detection failed, using fallback: winmgmts:.Win32_LogicalDisk
2025-07-09 10:10:00,757 - WARNING - Enhanced device detection failed, using fallback: winmgmts:.Win32_LogicalDisk
2025-07-09 10:10:02,761 - WARNING - Enhanced device detection failed, using fallback: winmgmts:.Win32_LogicalDisk
2025-07-09 10:10:04,766 - WARNING - Enhanced device detection failed, using fallback: winmgmts:.Win32_LogicalDisk
2025-07-09 10:10:06,773 - WARNING - Enhanced device detection failed, using fallback: winmgmts:.Win32_LogicalDisk
2025-07-09 10:10:08,779 - WARNING - Enhanced device detection failed, using fallback: winmgmts:.Win32_LogicalDisk
2025-07-09 10:10:10,785 - WARNING - Enhanced device detection failed, using fallback: winmgmts:.Win32_LogicalDisk
2025-07-09 10:10:12,791 - WARNING - Enhanced device detection failed, using fallback: winmgmts:.Win32_LogicalDisk
2025-07-09 10:10:14,796 - WARNING - Enhanced device detection failed, using fallback: winmgmts:.Win32_LogicalDisk
2025-07-09 10:10:16,803 - WARNING - Enhanced device detection failed, using fallback: winmgmts:.Win32_LogicalDisk
2025-07-09 10:10:18,809 - WARNING - Enhanced device detection failed, using fallback: winmgmts:.Win32_LogicalDisk
2025-07-09 10:10:20,815 - WARNING - Enhanced device detection failed, using fallback: winmgmts:.Win32_LogicalDisk
2025-07-09 10:10:22,821 - WARNING - Enhanced device detection failed, using fallback: winmgmts:.Win32_LogicalDisk
2025-07-09 10:10:24,826 - WARNING - Enhanced device detection failed, using fallback: winmgmts:.Win32_LogicalDisk
2025-07-09 10:10:26,833 - WARNING - Enhanced device detection failed, using fallback: winmgmts:.Win32_LogicalDisk
2025-07-09 10:10:28,838 - WARNING - Enhanced device detection failed, using fallback: winmgmts:.Win32_LogicalDisk
2025-07-09 10:10:30,847 - WARNING - Enhanced device detection failed, using fallback: winmgmts:.Win32_LogicalDisk
2025-07-09 10:10:32,854 - WARNING - Enhanced device detection failed, using fallback: winmgmts:.Win32_LogicalDisk
2025-07-09 10:10:34,860 - WARNING - Enhanced device detection failed, using fallback: winmgmts:.Win32_LogicalDisk
2025-07-09 10:10:36,866 - WARNING - Enhanced device detection failed, using fallback: winmgmts:.Win32_LogicalDisk
2025-07-09 10:10:38,870 - WARNING - Enhanced device detection failed, using fallback: winmgmts:.Win32_LogicalDisk
2025-07-09 10:10:40,875 - WARNING - Enhanced device detection failed, using fallback: winmgmts:.Win32_LogicalDisk
2025-07-09 10:10:42,882 - WARNING - Enhanced device detection failed, using fallback: winmgmts:.Win32_LogicalDisk
2025-07-09 10:10:44,888 - WARNING - Enhanced device detection failed, using fallback: winmgmts:.Win32_LogicalDisk
2025-07-09 10:10:46,893 - WARNING - Enhanced device detection failed, using fallback: winmgmts:.Win32_LogicalDisk
2025-07-09 10:10:48,899 - WARNING - Enhanced device detection failed, using fallback: winmgmts:.Win32_LogicalDisk
2025-07-09 10:10:50,904 - WARNING - Enhanced device detection failed, using fallback: winmgmts:.Win32_LogicalDisk
2025-07-09 10:10:52,909 - WARNING - Enhanced device detection failed, using fallback: winmgmts:.Win32_LogicalDisk
2025-07-09 10:10:54,916 - WARNING - Enhanced device detection failed, using fallback: winmgmts:.Win32_LogicalDisk
2025-07-09 10:10:56,920 - WARNING - Enhanced device detection failed, using fallback: winmgmts:.Win32_LogicalDisk
2025-07-09 10:10:58,925 - WARNING - Enhanced device detection failed, using fallback: winmgmts:.Win32_LogicalDisk
2025-07-09 10:11:00,931 - WARNING - Enhanced device detection failed, using fallback: winmgmts:.Win32_LogicalDisk
2025-07-09 10:11:02,935 - WARNING - Enhanced device detection failed, using fallback: winmgmts:.Win32_LogicalDisk
2025-07-09 10:11:04,941 - WARNING - Enhanced device detection failed, using fallback: winmgmts:.Win32_LogicalDisk
2025-07-09 10:11:06,947 - WARNING - Enhanced device detection failed, using fallback: winmgmts:.Win32_LogicalDisk
2025-07-09 10:11:08,954 - WARNING - Enhanced device detection failed, using fallback: winmgmts:.Win32_LogicalDisk
2025-07-09 10:11:10,959 - WARNING - Enhanced device detection failed, using fallback: winmgmts:.Win32_LogicalDisk
2025-07-09 10:11:12,965 - WARNING - Enhanced device detection failed, using fallback: winmgmts:.Win32_LogicalDisk
2025-07-09 10:11:14,972 - WARNING - Enhanced device detection failed, using fallback: winmgmts:.Win32_LogicalDisk
2025-07-09 10:11:16,978 - WARNING - Enhanced device detection failed, using fallback: winmgmts:.Win32_LogicalDisk
2025-07-09 10:11:18,984 - WARNING - Enhanced device detection failed, using fallback: winmgmts:.Win32_LogicalDisk
2025-07-09 10:11:20,989 - WARNING - Enhanced device detection failed, using fallback: winmgmts:.Win32_LogicalDisk
2025-07-09 10:11:22,995 - WARNING - Enhanced device detection failed, using fallback: winmgmts:.Win32_LogicalDisk
2025-07-09 10:11:24,999 - WARNING - Enhanced device detection failed, using fallback: winmgmts:.Win32_LogicalDisk
2025-07-09 10:11:27,006 - WARNING - Enhanced device detection failed, using fallback: winmgmts:.Win32_LogicalDisk
2025-07-09 10:11:29,012 - WARNING - Enhanced device detection failed, using fallback: winmgmts:.Win32_LogicalDisk
2025-07-09 10:11:31,018 - WARNING - Enhanced device detection failed, using fallback: winmgmts:.Win32_LogicalDisk
2025-07-09 10:11:33,023 - WARNING - Enhanced device detection failed, using fallback: winmgmts:.Win32_LogicalDisk
2025-07-09 10:11:35,028 - WARNING - Enhanced device detection failed, using fallback: winmgmts:.Win32_LogicalDisk
2025-07-09 10:11:37,033 - WARNING - Enhanced device detection failed, using fallback: winmgmts:.Win32_LogicalDisk
2025-07-09 10:11:39,037 - WARNING - Enhanced device detection failed, using fallback: winmgmts:.Win32_LogicalDisk
2025-07-09 10:11:41,041 - WARNING - Enhanced device detection failed, using fallback: winmgmts:.Win32_LogicalDisk
2025-07-09 10:11:43,046 - WARNING - Enhanced device detection failed, using fallback: winmgmts:.Win32_LogicalDisk
2025-07-09 10:11:45,052 - WARNING - Enhanced device detection failed, using fallback: winmgmts:.Win32_LogicalDisk
2025-07-09 10:11:47,058 - WARNING - Enhanced device detection failed, using fallback: winmgmts:.Win32_LogicalDisk
2025-07-09 10:11:49,063 - WARNING - Enhanced device detection failed, using fallback: winmgmts:.Win32_LogicalDisk
2025-07-09 10:11:51,069 - WARNING - Enhanced device detection failed, using fallback: winmgmts:.Win32_LogicalDisk
2025-07-09 10:11:53,073 - WARNING - Enhanced device detection failed, using fallback: winmgmts:.Win32_LogicalDisk
2025-07-09 10:11:55,078 - WARNING - Enhanced device detection failed, using fallback: winmgmts:.Win32_LogicalDisk
2025-07-09 10:11:57,083 - WARNING - Enhanced device detection failed, using fallback: winmgmts:.Win32_LogicalDisk
2025-07-09 10:11:59,089 - WARNING - Enhanced device detection failed, using fallback: winmgmts:.Win32_LogicalDisk
2025-07-09 10:12:01,095 - WARNING - Enhanced device detection failed, using fallback: winmgmts:.Win32_LogicalDisk
2025-07-09 10:12:03,101 - WARNING - Enhanced device detection failed, using fallback: winmgmts:.Win32_LogicalDisk
2025-07-09 10:12:05,105 - WARNING - Enhanced device detection failed, using fallback: winmgmts:.Win32_LogicalDisk
2025-07-09 10:12:07,111 - WARNING - Enhanced device detection failed, using fallback: winmgmts:.Win32_LogicalDisk
2025-07-09 10:12:09,117 - WARNING - Enhanced device detection failed, using fallback: winmgmts:.Win32_LogicalDisk
2025-07-09 10:12:11,123 - WARNING - Enhanced device detection failed, using fallback: winmgmts:.Win32_LogicalDisk
2025-07-09 10:12:13,127 - WARNING - Enhanced device detection failed, using fallback: winmgmts:.Win32_LogicalDisk
2025-07-09 10:12:15,133 - WARNING - Enhanced device detection failed, using fallback: winmgmts:.Win32_LogicalDisk
2025-07-09 10:12:17,138 - WARNING - Enhanced device detection failed, using fallback: winmgmts:.Win32_LogicalDisk
2025-07-09 10:12:19,143 - WARNING - Enhanced device detection failed, using fallback: winmgmts:.Win32_LogicalDisk
2025-07-09 10:12:21,150 - WARNING - Enhanced device detection failed, using fallback: winmgmts:.Win32_LogicalDisk
2025-07-09 10:12:23,156 - WARNING - Enhanced device detection failed, using fallback: winmgmts:.Win32_LogicalDisk
2025-07-09 10:12:25,160 - WARNING - Enhanced device detection failed, using fallback: winmgmts:.Win32_LogicalDisk
2025-07-09 10:12:27,167 - WARNING - Enhanced device detection failed, using fallback: winmgmts:.Win32_LogicalDisk
2025-07-09 10:12:29,173 - WARNING - Enhanced device detection failed, using fallback: winmgmts:.Win32_LogicalDisk
2025-07-09 10:12:31,180 - WARNING - Enhanced device detection failed, using fallback: winmgmts:.Win32_LogicalDisk
2025-07-09 10:12:33,186 - WARNING - Enhanced device detection failed, using fallback: winmgmts:.Win32_LogicalDisk
2025-07-09 10:12:35,192 - WARNING - Enhanced device detection failed, using fallback: winmgmts:.Win32_LogicalDisk
2025-07-09 10:12:37,201 - WARNING - Enhanced device detection failed, using fallback: winmgmts:.Win32_LogicalDisk
2025-07-09 10:12:39,207 - WARNING - Enhanced device detection failed, using fallback: winmgmts:.Win32_LogicalDisk
2025-07-09 10:12:41,212 - WARNING - Enhanced device detection failed, using fallback: winmgmts:.Win32_LogicalDisk
2025-07-09 10:12:43,217 - WARNING - Enhanced device detection failed, using fallback: winmgmts:.Win32_LogicalDisk
2025-07-09 10:12:45,222 - WARNING - Enhanced device detection failed, using fallback: winmgmts:.Win32_LogicalDisk
2025-07-09 10:12:47,228 - WARNING - Enhanced device detection failed, using fallback: winmgmts:.Win32_LogicalDisk
2025-07-09 10:12:49,234 - WARNING - Enhanced device detection failed, using fallback: winmgmts:.Win32_LogicalDisk
2025-07-09 10:12:51,240 - WARNING - Enhanced device detection failed, using fallback: winmgmts:.Win32_LogicalDisk
2025-07-09 10:12:53,247 - WARNING - Enhanced device detection failed, using fallback: winmgmts:.Win32_LogicalDisk
2025-07-09 10:12:55,252 - WARNING - Enhanced device detection failed, using fallback: winmgmts:.Win32_LogicalDisk
2025-07-09 10:12:57,258 - WARNING - Enhanced device detection failed, using fallback: winmgmts:.Win32_LogicalDisk
2025-07-09 10:12:59,264 - WARNING - Enhanced device detection failed, using fallback: winmgmts:.Win32_LogicalDisk
2025-07-09 10:13:01,269 - WARNING - Enhanced device detection failed, using fallback: winmgmts:.Win32_LogicalDisk
2025-07-09 10:13:03,275 - WARNING - Enhanced device detection failed, using fallback: winmgmts:.Win32_LogicalDisk
2025-07-09 10:13:05,280 - WARNING - Enhanced device detection failed, using fallback: winmgmts:.Win32_LogicalDisk
2025-07-09 10:13:07,286 - WARNING - Enhanced device detection failed, using fallback: winmgmts:.Win32_LogicalDisk
2025-07-09 10:13:09,291 - WARNING - Enhanced device detection failed, using fallback: winmgmts:.Win32_LogicalDisk
2025-07-09 10:13:11,298 - WARNING - Enhanced device detection failed, using fallback: winmgmts:.Win32_LogicalDisk
2025-07-09 10:13:13,305 - WARNING - Enhanced device detection failed, using fallback: winmgmts:.Win32_LogicalDisk
2025-07-09 10:13:15,311 - WARNING - Enhanced device detection failed, using fallback: winmgmts:.Win32_LogicalDisk
2025-07-09 10:13:17,316 - WARNING - Enhanced device detection failed, using fallback: winmgmts:.Win32_LogicalDisk
2025-07-09 10:13:19,322 - WARNING - Enhanced device detection failed, using fallback: winmgmts:.Win32_LogicalDisk
2025-07-09 10:13:21,327 - WARNING - Enhanced device detection failed, using fallback: winmgmts:.Win32_LogicalDisk
2025-07-09 10:13:23,334 - WARNING - Enhanced device detection failed, using fallback: winmgmts:.Win32_LogicalDisk
2025-07-09 10:13:25,339 - WARNING - Enhanced device detection failed, using fallback: winmgmts:.Win32_LogicalDisk
2025-07-09 10:13:27,345 - WARNING - Enhanced device detection failed, using fallback: winmgmts:.Win32_LogicalDisk
2025-07-09 10:13:29,351 - WARNING - Enhanced device detection failed, using fallback: winmgmts:.Win32_LogicalDisk
2025-07-09 10:13:31,354 - WARNING - Enhanced device detection failed, using fallback: winmgmts:.Win32_LogicalDisk
2025-07-09 10:13:33,360 - WARNING - Enhanced device detection failed, using fallback: winmgmts:.Win32_LogicalDisk
2025-07-09 10:13:35,365 - WARNING - Enhanced device detection failed, using fallback: winmgmts:.Win32_LogicalDisk
2025-07-09 10:13:37,371 - WARNING - Enhanced device detection failed, using fallback: winmgmts:.Win32_LogicalDisk
2025-07-09 10:13:39,377 - WARNING - Enhanced device detection failed, using fallback: winmgmts:.Win32_LogicalDisk
2025-07-09 10:13:41,382 - WARNING - Enhanced device detection failed, using fallback: winmgmts:.Win32_LogicalDisk
2025-07-09 10:13:43,388 - WARNING - Enhanced device detection failed, using fallback: winmgmts:.Win32_LogicalDisk
2025-07-09 10:13:45,393 - WARNING - Enhanced device detection failed, using fallback: winmgmts:.Win32_LogicalDisk
2025-07-09 10:13:47,398 - WARNING - Enhanced device detection failed, using fallback: winmgmts:.Win32_LogicalDisk
2025-07-09 10:13:49,404 - WARNING - Enhanced device detection failed, using fallback: winmgmts:.Win32_LogicalDisk
2025-07-09 10:13:51,408 - WARNING - Enhanced device detection failed, using fallback: winmgmts:.Win32_LogicalDisk
2025-07-09 10:13:53,412 - WARNING - Enhanced device detection failed, using fallback: winmgmts:.Win32_LogicalDisk
2025-07-09 10:13:55,417 - WARNING - Enhanced device detection failed, using fallback: winmgmts:.Win32_LogicalDisk
2025-07-09 10:13:57,423 - WARNING - Enhanced device detection failed, using fallback: winmgmts:.Win32_LogicalDisk
2025-07-09 10:13:59,429 - WARNING - Enhanced device detection failed, using fallback: winmgmts:.Win32_LogicalDisk
2025-07-09 10:14:01,435 - WARNING - Enhanced device detection failed, using fallback: winmgmts:.Win32_LogicalDisk
2025-07-09 10:14:03,441 - WARNING - Enhanced device detection failed, using fallback: winmgmts:.Win32_LogicalDisk
2025-07-09 10:14:05,445 - WARNING - Enhanced device detection failed, using fallback: winmgmts:.Win32_LogicalDisk
2025-07-09 10:14:07,450 - WARNING - Enhanced device detection failed, using fallback: winmgmts:.Win32_LogicalDisk
2025-07-09 10:14:09,455 - WARNING - Enhanced device detection failed, using fallback: winmgmts:.Win32_LogicalDisk
2025-07-09 10:14:11,459 - WARNING - Enhanced device detection failed, using fallback: winmgmts:.Win32_LogicalDisk
2025-07-09 10:14:13,469 - WARNING - Enhanced device detection failed, using fallback: winmgmts:.Win32_LogicalDisk
2025-07-09 10:14:15,473 - WARNING - Enhanced device detection failed, using fallback: winmgmts:.Win32_LogicalDisk
2025-07-09 10:14:17,479 - WARNING - Enhanced device detection failed, using fallback: winmgmts:.Win32_LogicalDisk
2025-07-09 10:14:19,487 - WARNING - Enhanced device detection failed, using fallback: winmgmts:.Win32_LogicalDisk
2025-07-09 10:14:21,493 - WARNING - Enhanced device detection failed, using fallback: winmgmts:.Win32_LogicalDisk
2025-07-09 10:14:23,497 - WARNING - Enhanced device detection failed, using fallback: winmgmts:.Win32_LogicalDisk
2025-07-09 10:14:25,503 - WARNING - Enhanced device detection failed, using fallback: winmgmts:.Win32_LogicalDisk
2025-07-09 10:14:27,507 - WARNING - Enhanced device detection failed, using fallback: winmgmts:.Win32_LogicalDisk
2025-07-09 10:14:29,512 - WARNING - Enhanced device detection failed, using fallback: winmgmts:.Win32_LogicalDisk
2025-07-09 10:14:31,517 - WARNING - Enhanced device detection failed, using fallback: winmgmts:.Win32_LogicalDisk
2025-07-09 10:14:33,523 - WARNING - Enhanced device detection failed, using fallback: winmgmts:.Win32_LogicalDisk
2025-07-09 10:14:35,529 - WARNING - Enhanced device detection failed, using fallback: winmgmts:.Win32_LogicalDisk
2025-07-09 10:14:37,537 - WARNING - Enhanced device detection failed, using fallback: winmgmts:.Win32_LogicalDisk
2025-07-09 10:14:39,542 - WARNING - Enhanced device detection failed, using fallback: winmgmts:.Win32_LogicalDisk
2025-07-09 10:14:41,547 - WARNING - Enhanced device detection failed, using fallback: winmgmts:.Win32_LogicalDisk
2025-07-09 10:14:43,552 - WARNING - Enhanced device detection failed, using fallback: winmgmts:.Win32_LogicalDisk
2025-07-09 10:14:45,560 - WARNING - Enhanced device detection failed, using fallback: winmgmts:.Win32_LogicalDisk
2025-07-09 10:14:47,566 - WARNING - Enhanced device detection failed, using fallback: winmgmts:.Win32_LogicalDisk
2025-07-09 10:14:49,572 - WARNING - Enhanced device detection failed, using fallback: winmgmts:.Win32_LogicalDisk
2025-07-09 10:14:51,577 - WARNING - Enhanced device detection failed, using fallback: winmgmts:.Win32_LogicalDisk
2025-07-09 10:14:53,582 - WARNING - Enhanced device detection failed, using fallback: winmgmts:.Win32_LogicalDisk
2025-07-09 10:14:55,589 - WARNING - Enhanced device detection failed, using fallback: winmgmts:.Win32_LogicalDisk
2025-07-09 10:14:57,594 - WARNING - Enhanced device detection failed, using fallback: winmgmts:.Win32_LogicalDisk
2025-07-09 10:14:59,600 - WARNING - Enhanced device detection failed, using fallback: winmgmts:.Win32_LogicalDisk
2025-07-09 10:15:01,604 - WARNING - Enhanced device detection failed, using fallback: winmgmts:.Win32_LogicalDisk
2025-07-09 10:15:03,609 - WARNING - Enhanced device detection failed, using fallback: winmgmts:.Win32_LogicalDisk
2025-07-09 10:15:05,614 - WARNING - Enhanced device detection failed, using fallback: winmgmts:.Win32_LogicalDisk
2025-07-09 10:15:07,619 - WARNING - Enhanced device detection failed, using fallback: winmgmts:.Win32_LogicalDisk
2025-07-09 10:15:09,626 - WARNING - Enhanced device detection failed, using fallback: winmgmts:.Win32_LogicalDisk
2025-07-09 10:15:11,631 - WARNING - Enhanced device detection failed, using fallback: winmgmts:.Win32_LogicalDisk
2025-07-09 10:15:13,636 - WARNING - Enhanced device detection failed, using fallback: winmgmts:.Win32_LogicalDisk
2025-07-09 10:15:15,644 - WARNING - Enhanced device detection failed, using fallback: winmgmts:.Win32_LogicalDisk
2025-07-09 10:15:17,650 - WARNING - Enhanced device detection failed, using fallback: winmgmts:.Win32_LogicalDisk
2025-07-09 10:15:19,656 - WARNING - Enhanced device detection failed, using fallback: winmgmts:.Win32_LogicalDisk
2025-07-09 10:15:21,662 - WARNING - Enhanced device detection failed, using fallback: winmgmts:.Win32_LogicalDisk
2025-07-09 10:15:23,668 - WARNING - Enhanced device detection failed, using fallback: winmgmts:.Win32_LogicalDisk
2025-07-09 10:15:25,673 - WARNING - Enhanced device detection failed, using fallback: winmgmts:.Win32_LogicalDisk
2025-07-09 10:15:27,677 - WARNING - Enhanced device detection failed, using fallback: winmgmts:.Win32_LogicalDisk
2025-07-09 10:15:29,683 - WARNING - Enhanced device detection failed, using fallback: winmgmts:.Win32_LogicalDisk
2025-07-09 10:15:31,688 - WARNING - Enhanced device detection failed, using fallback: winmgmts:.Win32_LogicalDisk
2025-07-09 10:15:33,694 - WARNING - Enhanced device detection failed, using fallback: winmgmts:.Win32_LogicalDisk
2025-07-09 10:15:35,698 - WARNING - Enhanced device detection failed, using fallback: winmgmts:.Win32_LogicalDisk
2025-07-09 10:15:37,703 - WARNING - Enhanced device detection failed, using fallback: winmgmts:.Win32_LogicalDisk
2025-07-09 10:15:39,708 - WARNING - Enhanced device detection failed, using fallback: winmgmts:.Win32_LogicalDisk
2025-07-09 10:15:41,713 - WARNING - Enhanced device detection failed, using fallback: winmgmts:.Win32_LogicalDisk
2025-07-09 10:15:43,719 - WARNING - Enhanced device detection failed, using fallback: winmgmts:.Win32_LogicalDisk
2025-07-09 10:15:45,724 - WARNING - Enhanced device detection failed, using fallback: winmgmts:.Win32_LogicalDisk
2025-07-09 10:15:47,730 - WARNING - Enhanced device detection failed, using fallback: winmgmts:.Win32_LogicalDisk
2025-07-09 10:15:49,736 - WARNING - Enhanced device detection failed, using fallback: winmgmts:.Win32_LogicalDisk
2025-07-09 10:15:51,740 - WARNING - Enhanced device detection failed, using fallback: winmgmts:.Win32_LogicalDisk
2025-07-09 10:15:53,745 - WARNING - Enhanced device detection failed, using fallback: winmgmts:.Win32_LogicalDisk
2025-07-09 10:15:55,751 - WARNING - Enhanced device detection failed, using fallback: winmgmts:.Win32_LogicalDisk
2025-07-09 10:15:57,757 - WARNING - Enhanced device detection failed, using fallback: winmgmts:.Win32_LogicalDisk
2025-07-09 10:15:59,763 - WARNING - Enhanced device detection failed, using fallback: winmgmts:.Win32_LogicalDisk
2025-07-09 10:16:01,769 - WARNING - Enhanced device detection failed, using fallback: winmgmts:.Win32_LogicalDisk
2025-07-09 10:16:03,775 - WARNING - Enhanced device detection failed, using fallback: winmgmts:.Win32_LogicalDisk
2025-07-09 10:16:05,781 - WARNING - Enhanced device detection failed, using fallback: winmgmts:.Win32_LogicalDisk
2025-07-09 10:16:07,786 - WARNING - Enhanced device detection failed, using fallback: winmgmts:.Win32_LogicalDisk
2025-07-09 10:16:09,791 - WARNING - Enhanced device detection failed, using fallback: winmgmts:.Win32_LogicalDisk
2025-07-09 10:16:11,795 - WARNING - Enhanced device detection failed, using fallback: winmgmts:.Win32_LogicalDisk
2025-07-09 10:16:13,801 - WARNING - Enhanced device detection failed, using fallback: winmgmts:.Win32_LogicalDisk
2025-07-09 10:16:15,808 - WARNING - Enhanced device detection failed, using fallback: winmgmts:.Win32_LogicalDisk
2025-07-09 10:16:17,813 - WARNING - Enhanced device detection failed, using fallback: winmgmts:.Win32_LogicalDisk
2025-07-09 10:16:19,819 - WARNING - Enhanced device detection failed, using fallback: winmgmts:.Win32_LogicalDisk
2025-07-09 10:16:21,830 - WARNING - Enhanced device detection failed, using fallback: winmgmts:.Win32_LogicalDisk
2025-07-09 10:16:23,835 - WARNING - Enhanced device detection failed, using fallback: winmgmts:.Win32_LogicalDisk
2025-07-09 10:16:25,840 - WARNING - Enhanced device detection failed, using fallback: winmgmts:.Win32_LogicalDisk
2025-07-09 10:16:27,844 - WARNING - Enhanced device detection failed, using fallback: winmgmts:.Win32_LogicalDisk
2025-07-09 10:16:29,850 - WARNING - Enhanced device detection failed, using fallback: winmgmts:.Win32_LogicalDisk
2025-07-09 10:16:31,855 - WARNING - Enhanced device detection failed, using fallback: winmgmts:.Win32_LogicalDisk
2025-07-09 10:16:33,862 - WARNING - Enhanced device detection failed, using fallback: winmgmts:.Win32_LogicalDisk
2025-07-09 10:16:35,867 - WARNING - Enhanced device detection failed, using fallback: winmgmts:.Win32_LogicalDisk
2025-07-09 10:16:37,873 - WARNING - Enhanced device detection failed, using fallback: winmgmts:.Win32_LogicalDisk
2025-07-09 10:16:39,877 - WARNING - Enhanced device detection failed, using fallback: winmgmts:.Win32_LogicalDisk
2025-07-09 10:16:41,882 - WARNING - Enhanced device detection failed, using fallback: winmgmts:.Win32_LogicalDisk
2025-07-09 10:16:43,887 - WARNING - Enhanced device detection failed, using fallback: winmgmts:.Win32_LogicalDisk
2025-07-09 10:16:45,890 - WARNING - Enhanced device detection failed, using fallback: winmgmts:.Win32_LogicalDisk
2025-07-09 10:16:47,895 - WARNING - Enhanced device detection failed, using fallback: winmgmts:.Win32_LogicalDisk
2025-07-09 10:16:49,900 - WARNING - Enhanced device detection failed, using fallback: winmgmts:.Win32_LogicalDisk
2025-07-09 10:16:51,906 - WARNING - Enhanced device detection failed, using fallback: winmgmts:.Win32_LogicalDisk
2025-07-09 10:16:53,913 - WARNING - Enhanced device detection failed, using fallback: winmgmts:.Win32_LogicalDisk
2025-07-09 10:16:55,918 - WARNING - Enhanced device detection failed, using fallback: winmgmts:.Win32_LogicalDisk
2025-07-09 10:16:57,925 - WARNING - Enhanced device detection failed, using fallback: winmgmts:.Win32_LogicalDisk
2025-07-09 10:16:59,933 - WARNING - Enhanced device detection failed, using fallback: winmgmts:.Win32_LogicalDisk
2025-07-09 10:17:01,938 - WARNING - Enhanced device detection failed, using fallback: winmgmts:.Win32_LogicalDisk
2025-07-09 10:17:03,947 - WARNING - Enhanced device detection failed, using fallback: winmgmts:.Win32_LogicalDisk
2025-07-09 10:17:05,951 - WARNING - Enhanced device detection failed, using fallback: winmgmts:.Win32_LogicalDisk
2025-07-09 10:17:07,957 - WARNING - Enhanced device detection failed, using fallback: winmgmts:.Win32_LogicalDisk
2025-07-09 10:17:09,964 - WARNING - Enhanced device detection failed, using fallback: winmgmts:.Win32_LogicalDisk
2025-07-09 10:17:11,969 - WARNING - Enhanced device detection failed, using fallback: winmgmts:.Win32_LogicalDisk
2025-07-09 10:17:13,976 - WARNING - Enhanced device detection failed, using fallback: winmgmts:.Win32_LogicalDisk
2025-07-09 10:17:15,983 - WARNING - Enhanced device detection failed, using fallback: winmgmts:.Win32_LogicalDisk
2025-07-09 10:17:17,988 - WARNING - Enhanced device detection failed, using fallback: winmgmts:.Win32_LogicalDisk
2025-07-09 10:17:19,994 - WARNING - Enhanced device detection failed, using fallback: winmgmts:.Win32_LogicalDisk
2025-07-09 10:17:22,000 - WARNING - Enhanced device detection failed, using fallback: winmgmts:.Win32_LogicalDisk
2025-07-09 10:17:24,006 - WARNING - Enhanced device detection failed, using fallback: winmgmts:.Win32_LogicalDisk
2025-07-09 10:17:26,011 - WARNING - Enhanced device detection failed, using fallback: winmgmts:.Win32_LogicalDisk
2025-07-09 10:17:28,016 - WARNING - Enhanced device detection failed, using fallback: winmgmts:.Win32_LogicalDisk
2025-07-09 10:17:30,023 - WARNING - Enhanced device detection failed, using fallback: winmgmts:.Win32_LogicalDisk
2025-07-09 10:17:32,028 - WARNING - Enhanced device detection failed, using fallback: winmgmts:.Win32_LogicalDisk
2025-07-09 10:17:34,033 - WARNING - Enhanced device detection failed, using fallback: winmgmts:.Win32_LogicalDisk
2025-07-09 10:17:36,039 - WARNING - Enhanced device detection failed, using fallback: winmgmts:.Win32_LogicalDisk
2025-07-09 10:17:38,044 - WARNING - Enhanced device detection failed, using fallback: winmgmts:.Win32_LogicalDisk
2025-07-09 10:17:40,049 - WARNING - Enhanced device detection failed, using fallback: winmgmts:.Win32_LogicalDisk
2025-07-09 10:17:42,056 - WARNING - Enhanced device detection failed, using fallback: winmgmts:.Win32_LogicalDisk
2025-07-09 10:17:44,061 - WARNING - Enhanced device detection failed, using fallback: winmgmts:.Win32_LogicalDisk
2025-07-09 10:17:46,066 - WARNING - Enhanced device detection failed, using fallback: winmgmts:.Win32_LogicalDisk
2025-07-09 10:17:48,072 - WARNING - Enhanced device detection failed, using fallback: winmgmts:.Win32_LogicalDisk
2025-07-09 10:17:50,077 - WARNING - Enhanced device detection failed, using fallback: winmgmts:.Win32_LogicalDisk
2025-07-09 10:17:52,082 - WARNING - Enhanced device detection failed, using fallback: winmgmts:.Win32_LogicalDisk
2025-07-09 10:17:54,089 - WARNING - Enhanced device detection failed, using fallback: winmgmts:.Win32_LogicalDisk
2025-07-09 10:17:56,093 - WARNING - Enhanced device detection failed, using fallback: winmgmts:.Win32_LogicalDisk
2025-07-09 10:17:58,098 - WARNING - Enhanced device detection failed, using fallback: winmgmts:.Win32_LogicalDisk
2025-07-09 10:18:00,103 - WARNING - Enhanced device detection failed, using fallback: winmgmts:.Win32_LogicalDisk
2025-07-09 10:18:02,107 - WARNING - Enhanced device detection failed, using fallback: winmgmts:.Win32_LogicalDisk
2025-07-09 10:18:04,112 - WARNING - Enhanced device detection failed, using fallback: winmgmts:.Win32_LogicalDisk
2025-07-09 10:18:06,117 - WARNING - Enhanced device detection failed, using fallback: winmgmts:.Win32_LogicalDisk
2025-07-09 10:18:08,122 - WARNING - Enhanced device detection failed, using fallback: winmgmts:.Win32_LogicalDisk
2025-07-09 10:18:10,133 - WARNING - Enhanced device detection failed, using fallback: winmgmts:.Win32_LogicalDisk
2025-07-09 10:18:12,139 - WARNING - Enhanced device detection failed, using fallback: winmgmts:.Win32_LogicalDisk
2025-07-09 10:18:14,143 - WARNING - Enhanced device detection failed, using fallback: winmgmts:.Win32_LogicalDisk
2025-07-09 10:18:16,149 - WARNING - Enhanced device detection failed, using fallback: winmgmts:.Win32_LogicalDisk
2025-07-09 10:18:18,154 - WARNING - Enhanced device detection failed, using fallback: winmgmts:.Win32_LogicalDisk
2025-07-09 10:18:20,162 - WARNING - Enhanced device detection failed, using fallback: winmgmts:.Win32_LogicalDisk
2025-07-09 10:18:22,168 - WARNING - Enhanced device detection failed, using fallback: winmgmts:.Win32_LogicalDisk
2025-07-09 10:18:24,174 - WARNING - Enhanced device detection failed, using fallback: winmgmts:.Win32_LogicalDisk
2025-07-09 10:18:26,178 - WARNING - Enhanced device detection failed, using fallback: winmgmts:.Win32_LogicalDisk
2025-07-09 10:18:28,182 - WARNING - Enhanced device detection failed, using fallback: winmgmts:.Win32_LogicalDisk
2025-07-09 10:18:30,187 - WARNING - Enhanced device detection failed, using fallback: winmgmts:.Win32_LogicalDisk
2025-07-09 10:18:32,192 - WARNING - Enhanced device detection failed, using fallback: winmgmts:.Win32_LogicalDisk
2025-07-09 10:18:34,197 - WARNING - Enhanced device detection failed, using fallback: winmgmts:.Win32_LogicalDisk
2025-07-09 10:18:36,201 - WARNING - Enhanced device detection failed, using fallback: winmgmts:.Win32_LogicalDisk
2025-07-09 10:18:38,207 - WARNING - Enhanced device detection failed, using fallback: winmgmts:.Win32_LogicalDisk
2025-07-09 10:18:40,212 - WARNING - Enhanced device detection failed, using fallback: winmgmts:.Win32_LogicalDisk
2025-07-09 10:18:42,217 - WARNING - Enhanced device detection failed, using fallback: winmgmts:.Win32_LogicalDisk
2025-07-09 10:18:44,223 - WARNING - Enhanced device detection failed, using fallback: winmgmts:.Win32_LogicalDisk
2025-07-09 10:18:46,227 - WARNING - Enhanced device detection failed, using fallback: winmgmts:.Win32_LogicalDisk
2025-07-09 10:18:48,232 - WARNING - Enhanced device detection failed, using fallback: winmgmts:.Win32_LogicalDisk
2025-07-09 10:18:50,238 - WARNING - Enhanced device detection failed, using fallback: winmgmts:.Win32_LogicalDisk
2025-07-09 10:18:52,243 - WARNING - Enhanced device detection failed, using fallback: winmgmts:.Win32_LogicalDisk
2025-07-09 10:18:54,249 - WARNING - Enhanced device detection failed, using fallback: winmgmts:.Win32_LogicalDisk
2025-07-09 10:18:56,253 - WARNING - Enhanced device detection failed, using fallback: winmgmts:.Win32_LogicalDisk
2025-07-09 10:18:58,259 - WARNING - Enhanced device detection failed, using fallback: winmgmts:.Win32_LogicalDisk
2025-07-09 10:19:00,265 - WARNING - Enhanced device detection failed, using fallback: winmgmts:.Win32_LogicalDisk
2025-07-09 10:19:02,270 - WARNING - Enhanced device detection failed, using fallback: winmgmts:.Win32_LogicalDisk
2025-07-09 10:19:04,277 - WARNING - Enhanced device detection failed, using fallback: winmgmts:.Win32_LogicalDisk
2025-07-09 10:19:06,283 - WARNING - Enhanced device detection failed, using fallback: winmgmts:.Win32_LogicalDisk
2025-07-09 10:19:08,288 - WARNING - Enhanced device detection failed, using fallback: winmgmts:.Win32_LogicalDisk
2025-07-09 10:19:10,294 - WARNING - Enhanced device detection failed, using fallback: winmgmts:.Win32_LogicalDisk
2025-07-09 10:19:12,300 - WARNING - Enhanced device detection failed, using fallback: winmgmts:.Win32_LogicalDisk
2025-07-09 10:19:14,307 - WARNING - Enhanced device detection failed, using fallback: winmgmts:.Win32_LogicalDisk
2025-07-09 10:19:16,313 - WARNING - Enhanced device detection failed, using fallback: winmgmts:.Win32_LogicalDisk
2025-07-09 10:19:18,319 - WARNING - Enhanced device detection failed, using fallback: winmgmts:.Win32_LogicalDisk
2025-07-09 10:19:20,325 - WARNING - Enhanced device detection failed, using fallback: winmgmts:.Win32_LogicalDisk
2025-07-09 10:19:22,330 - WARNING - Enhanced device detection failed, using fallback: winmgmts:.Win32_LogicalDisk
2025-07-09 10:19:24,336 - WARNING - Enhanced device detection failed, using fallback: winmgmts:.Win32_LogicalDisk
2025-07-09 10:19:26,342 - WARNING - Enhanced device detection failed, using fallback: winmgmts:.Win32_LogicalDisk
2025-07-09 10:19:28,346 - WARNING - Enhanced device detection failed, using fallback: winmgmts:.Win32_LogicalDisk
2025-07-09 10:19:30,352 - WARNING - Enhanced device detection failed, using fallback: winmgmts:.Win32_LogicalDisk
2025-07-09 10:19:32,358 - WARNING - Enhanced device detection failed, using fallback: winmgmts:.Win32_LogicalDisk
2025-07-09 10:19:34,363 - WARNING - Enhanced device detection failed, using fallback: winmgmts:.Win32_LogicalDisk
2025-07-09 10:19:36,371 - WARNING - Enhanced device detection failed, using fallback: winmgmts:.Win32_LogicalDisk
2025-07-09 10:19:38,375 - WARNING - Enhanced device detection failed, using fallback: winmgmts:.Win32_LogicalDisk
2025-07-09 10:19:40,379 - WARNING - Enhanced device detection failed, using fallback: winmgmts:.Win32_LogicalDisk
2025-07-09 10:19:42,385 - WARNING - Enhanced device detection failed, using fallback: winmgmts:.Win32_LogicalDisk
2025-07-09 10:19:44,391 - WARNING - Enhanced device detection failed, using fallback: winmgmts:.Win32_LogicalDisk
2025-07-09 10:19:46,397 - WARNING - Enhanced device detection failed, using fallback: winmgmts:.Win32_LogicalDisk
2025-07-09 10:19:48,403 - WARNING - Enhanced device detection failed, using fallback: winmgmts:.Win32_LogicalDisk
2025-07-09 10:19:50,410 - WARNING - Enhanced device detection failed, using fallback: winmgmts:.Win32_LogicalDisk
2025-07-09 10:19:52,415 - WARNING - Enhanced device detection failed, using fallback: winmgmts:.Win32_LogicalDisk
2025-07-09 10:19:54,420 - WARNING - Enhanced device detection failed, using fallback: winmgmts:.Win32_LogicalDisk
2025-07-09 10:19:56,425 - WARNING - Enhanced device detection failed, using fallback: winmgmts:.Win32_LogicalDisk
2025-07-09 10:19:58,431 - WARNING - Enhanced device detection failed, using fallback: winmgmts:.Win32_LogicalDisk
2025-07-09 10:20:00,437 - WARNING - Enhanced device detection failed, using fallback: winmgmts:.Win32_LogicalDisk
2025-07-09 10:20:02,441 - WARNING - Enhanced device detection failed, using fallback: winmgmts:.Win32_LogicalDisk
2025-07-09 10:20:04,445 - WARNING - Enhanced device detection failed, using fallback: winmgmts:.Win32_LogicalDisk
2025-07-09 10:20:06,450 - WARNING - Enhanced device detection failed, using fallback: winmgmts:.Win32_LogicalDisk
2025-07-09 10:20:08,454 - WARNING - Enhanced device detection failed, using fallback: winmgmts:.Win32_LogicalDisk
2025-07-09 10:20:10,461 - WARNING - Enhanced device detection failed, using fallback: winmgmts:.Win32_LogicalDisk
2025-07-09 10:20:12,465 - WARNING - Enhanced device detection failed, using fallback: winmgmts:.Win32_LogicalDisk
2025-07-09 10:20:14,472 - WARNING - Enhanced device detection failed, using fallback: winmgmts:.Win32_LogicalDisk
2025-07-09 10:20:16,479 - WARNING - Enhanced device detection failed, using fallback: winmgmts:.Win32_LogicalDisk
2025-07-09 10:20:18,485 - WARNING - Enhanced device detection failed, using fallback: winmgmts:.Win32_LogicalDisk
2025-07-09 10:20:20,489 - WARNING - Enhanced device detection failed, using fallback: winmgmts:.Win32_LogicalDisk
2025-07-09 10:20:22,496 - WARNING - Enhanced device detection failed, using fallback: winmgmts:.Win32_LogicalDisk
2025-07-09 10:20:24,500 - WARNING - Enhanced device detection failed, using fallback: winmgmts:.Win32_LogicalDisk
2025-07-09 10:20:26,506 - WARNING - Enhanced device detection failed, using fallback: winmgmts:.Win32_LogicalDisk
2025-07-09 10:20:28,512 - WARNING - Enhanced device detection failed, using fallback: winmgmts:.Win32_LogicalDisk
2025-07-09 10:20:30,518 - WARNING - Enhanced device detection failed, using fallback: winmgmts:.Win32_LogicalDisk
2025-07-09 10:20:32,523 - WARNING - Enhanced device detection failed, using fallback: winmgmts:.Win32_LogicalDisk
2025-07-09 10:20:34,530 - WARNING - Enhanced device detection failed, using fallback: winmgmts:.Win32_LogicalDisk
2025-07-09 10:20:36,536 - WARNING - Enhanced device detection failed, using fallback: winmgmts:.Win32_LogicalDisk
2025-07-09 10:20:38,540 - WARNING - Enhanced device detection failed, using fallback: winmgmts:.Win32_LogicalDisk
2025-07-09 10:20:40,544 - WARNING - Enhanced device detection failed, using fallback: winmgmts:.Win32_LogicalDisk
2025-07-09 10:20:42,550 - WARNING - Enhanced device detection failed, using fallback: winmgmts:.Win32_LogicalDisk
2025-07-09 10:20:44,555 - WARNING - Enhanced device detection failed, using fallback: winmgmts:.Win32_LogicalDisk
2025-07-09 10:20:46,561 - WARNING - Enhanced device detection failed, using fallback: winmgmts:.Win32_LogicalDisk
2025-07-09 10:20:48,566 - WARNING - Enhanced device detection failed, using fallback: winmgmts:.Win32_LogicalDisk
2025-07-09 10:20:50,572 - WARNING - Enhanced device detection failed, using fallback: winmgmts:.Win32_LogicalDisk
2025-07-09 10:20:52,579 - WARNING - Enhanced device detection failed, using fallback: winmgmts:.Win32_LogicalDisk
2025-07-09 10:20:54,584 - WARNING - Enhanced device detection failed, using fallback: winmgmts:.Win32_LogicalDisk
2025-07-09 10:20:56,590 - WARNING - Enhanced device detection failed, using fallback: winmgmts:.Win32_LogicalDisk
2025-07-09 10:20:58,597 - WARNING - Enhanced device detection failed, using fallback: winmgmts:.Win32_LogicalDisk
2025-07-09 10:21:00,603 - WARNING - Enhanced device detection failed, using fallback: winmgmts:.Win32_LogicalDisk
2025-07-09 10:21:02,609 - WARNING - Enhanced device detection failed, using fallback: winmgmts:.Win32_LogicalDisk
2025-07-09 10:21:04,613 - WARNING - Enhanced device detection failed, using fallback: winmgmts:.Win32_LogicalDisk
2025-07-09 10:21:06,620 - WARNING - Enhanced device detection failed, using fallback: winmgmts:.Win32_LogicalDisk
2025-07-09 10:21:08,626 - WARNING - Enhanced device detection failed, using fallback: winmgmts:.Win32_LogicalDisk
2025-07-09 10:21:10,632 - WARNING - Enhanced device detection failed, using fallback: winmgmts:.Win32_LogicalDisk
2025-07-09 10:21:12,637 - WARNING - Enhanced device detection failed, using fallback: winmgmts:.Win32_LogicalDisk
2025-07-09 10:21:14,642 - WARNING - Enhanced device detection failed, using fallback: winmgmts:.Win32_LogicalDisk
2025-07-09 10:21:16,647 - WARNING - Enhanced device detection failed, using fallback: winmgmts:.Win32_LogicalDisk
2025-07-09 10:21:18,653 - WARNING - Enhanced device detection failed, using fallback: winmgmts:.Win32_LogicalDisk
2025-07-09 10:21:20,660 - WARNING - Enhanced device detection failed, using fallback: winmgmts:.Win32_LogicalDisk
2025-07-09 10:21:22,666 - WARNING - Enhanced device detection failed, using fallback: winmgmts:.Win32_LogicalDisk
2025-07-09 10:21:24,671 - WARNING - Enhanced device detection failed, using fallback: winmgmts:.Win32_LogicalDisk
2025-07-09 10:21:26,676 - WARNING - Enhanced device detection failed, using fallback: winmgmts:.Win32_LogicalDisk
2025-07-09 10:21:28,681 - WARNING - Enhanced device detection failed, using fallback: winmgmts:.Win32_LogicalDisk
2025-07-09 10:21:30,686 - WARNING - Enhanced device detection failed, using fallback: winmgmts:.Win32_LogicalDisk
2025-07-09 10:21:32,697 - WARNING - Enhanced device detection failed, using fallback: winmgmts:.Win32_LogicalDisk
2025-07-09 10:21:34,704 - WARNING - Enhanced device detection failed, using fallback: winmgmts:.Win32_LogicalDisk
2025-07-09 10:21:36,709 - WARNING - Enhanced device detection failed, using fallback: winmgmts:.Win32_LogicalDisk
2025-07-09 10:21:38,715 - WARNING - Enhanced device detection failed, using fallback: winmgmts:.Win32_LogicalDisk
2025-07-09 10:21:40,719 - WARNING - Enhanced device detection failed, using fallback: winmgmts:.Win32_LogicalDisk
2025-07-09 10:21:42,725 - WARNING - Enhanced device detection failed, using fallback: winmgmts:.Win32_LogicalDisk
2025-07-09 10:21:44,731 - WARNING - Enhanced device detection failed, using fallback: winmgmts:.Win32_LogicalDisk
2025-07-09 10:21:46,737 - WARNING - Enhanced device detection failed, using fallback: winmgmts:.Win32_LogicalDisk
2025-07-09 10:21:48,741 - WARNING - Enhanced device detection failed, using fallback: winmgmts:.Win32_LogicalDisk
2025-07-09 10:21:50,747 - WARNING - Enhanced device detection failed, using fallback: winmgmts:.Win32_LogicalDisk
2025-07-09 10:21:52,752 - WARNING - Enhanced device detection failed, using fallback: winmgmts:.Win32_LogicalDisk
2025-07-09 10:21:54,757 - WARNING - Enhanced device detection failed, using fallback: winmgmts:.Win32_LogicalDisk
2025-07-09 10:21:56,763 - WARNING - Enhanced device detection failed, using fallback: winmgmts:.Win32_LogicalDisk
2025-07-09 10:21:58,769 - WARNING - Enhanced device detection failed, using fallback: winmgmts:.Win32_LogicalDisk
2025-07-09 10:22:00,774 - WARNING - Enhanced device detection failed, using fallback: winmgmts:.Win32_LogicalDisk
2025-07-09 10:22:02,779 - WARNING - Enhanced device detection failed, using fallback: winmgmts:.Win32_LogicalDisk
2025-07-09 10:22:04,785 - WARNING - Enhanced device detection failed, using fallback: winmgmts:.Win32_LogicalDisk
2025-07-09 10:22:06,791 - WARNING - Enhanced device detection failed, using fallback: winmgmts:.Win32_LogicalDisk
2025-07-09 10:22:08,796 - WARNING - Enhanced device detection failed, using fallback: winmgmts:.Win32_LogicalDisk
2025-07-09 10:22:10,802 - WARNING - Enhanced device detection failed, using fallback: winmgmts:.Win32_LogicalDisk
2025-07-09 10:22:12,807 - WARNING - Enhanced device detection failed, using fallback: winmgmts:.Win32_LogicalDisk
2025-07-09 10:22:14,812 - WARNING - Enhanced device detection failed, using fallback: winmgmts:.Win32_LogicalDisk
2025-07-09 10:22:16,819 - WARNING - Enhanced device detection failed, using fallback: winmgmts:.Win32_LogicalDisk
2025-07-09 10:22:18,826 - WARNING - Enhanced device detection failed, using fallback: winmgmts:.Win32_LogicalDisk
2025-07-09 10:22:20,831 - WARNING - Enhanced device detection failed, using fallback: winmgmts:.Win32_LogicalDisk
2025-07-09 10:22:22,836 - WARNING - Enhanced device detection failed, using fallback: winmgmts:.Win32_LogicalDisk
2025-07-09 10:22:24,841 - WARNING - Enhanced device detection failed, using fallback: winmgmts:.Win32_LogicalDisk
2025-07-09 10:22:26,846 - WARNING - Enhanced device detection failed, using fallback: winmgmts:.Win32_LogicalDisk
2025-07-09 10:22:28,849 - WARNING - Enhanced device detection failed, using fallback: winmgmts:.Win32_LogicalDisk
2025-07-09 10:22:30,853 - WARNING - Enhanced device detection failed, using fallback: winmgmts:.Win32_LogicalDisk
2025-07-09 10:22:32,859 - WARNING - Enhanced device detection failed, using fallback: winmgmts:.Win32_LogicalDisk
2025-07-09 10:22:34,864 - WARNING - Enhanced device detection failed, using fallback: winmgmts:.Win32_LogicalDisk
2025-07-09 10:22:36,870 - WARNING - Enhanced device detection failed, using fallback: winmgmts:.Win32_LogicalDisk
2025-07-09 10:22:38,875 - WARNING - Enhanced device detection failed, using fallback: winmgmts:.Win32_LogicalDisk
2025-07-09 10:22:40,880 - WARNING - Enhanced device detection failed, using fallback: winmgmts:.Win32_LogicalDisk
2025-07-09 10:22:42,886 - WARNING - Enhanced device detection failed, using fallback: winmgmts:.Win32_LogicalDisk
2025-07-09 10:22:44,894 - WARNING - Enhanced device detection failed, using fallback: winmgmts:.Win32_LogicalDisk
2025-07-09 10:22:46,899 - WARNING - Enhanced device detection failed, using fallback: winmgmts:.Win32_LogicalDisk
2025-07-09 10:22:48,906 - WARNING - Enhanced device detection failed, using fallback: winmgmts:.Win32_LogicalDisk
2025-07-09 10:22:50,911 - WARNING - Enhanced device detection failed, using fallback: winmgmts:.Win32_LogicalDisk
2025-07-09 10:22:52,917 - WARNING - Enhanced device detection failed, using fallback: winmgmts:.Win32_LogicalDisk
2025-07-09 10:22:54,921 - WARNING - Enhanced device detection failed, using fallback: winmgmts:.Win32_LogicalDisk
2025-07-09 10:22:56,927 - WARNING - Enhanced device detection failed, using fallback: winmgmts:.Win32_LogicalDisk
2025-07-09 10:22:58,933 - WARNING - Enhanced device detection failed, using fallback: winmgmts:.Win32_LogicalDisk
2025-07-09 10:23:00,939 - WARNING - Enhanced device detection failed, using fallback: winmgmts:.Win32_LogicalDisk
2025-07-09 10:23:02,944 - WARNING - Enhanced device detection failed, using fallback: winmgmts:.Win32_LogicalDisk
2025-07-09 10:23:04,950 - WARNING - Enhanced device detection failed, using fallback: winmgmts:.Win32_LogicalDisk
2025-07-09 10:23:06,955 - WARNING - Enhanced device detection failed, using fallback: winmgmts:.Win32_LogicalDisk
2025-07-09 10:23:08,960 - WARNING - Enhanced device detection failed, using fallback: winmgmts:.Win32_LogicalDisk
2025-07-09 10:23:10,967 - WARNING - Enhanced device detection failed, using fallback: winmgmts:.Win32_LogicalDisk
2025-07-09 10:23:12,971 - WARNING - Enhanced device detection failed, using fallback: winmgmts:.Win32_LogicalDisk
2025-07-09 10:23:14,977 - WARNING - Enhanced device detection failed, using fallback: winmgmts:.Win32_LogicalDisk
2025-07-09 10:23:16,983 - WARNING - Enhanced device detection failed, using fallback: winmgmts:.Win32_LogicalDisk
2025-07-09 10:23:18,989 - WARNING - Enhanced device detection failed, using fallback: winmgmts:.Win32_LogicalDisk
2025-07-09 10:23:20,995 - WARNING - Enhanced device detection failed, using fallback: winmgmts:.Win32_LogicalDisk
2025-07-09 10:23:22,999 - WARNING - Enhanced device detection failed, using fallback: winmgmts:.Win32_LogicalDisk
2025-07-09 10:23:25,005 - WARNING - Enhanced device detection failed, using fallback: winmgmts:.Win32_LogicalDisk
2025-07-09 10:23:27,011 - WARNING - Enhanced device detection failed, using fallback: winmgmts:.Win32_LogicalDisk
2025-07-09 10:23:29,015 - WARNING - Enhanced device detection failed, using fallback: winmgmts:.Win32_LogicalDisk
2025-07-09 10:23:31,019 - WARNING - Enhanced device detection failed, using fallback: winmgmts:.Win32_LogicalDisk
2025-07-09 10:23:33,024 - WARNING - Enhanced device detection failed, using fallback: winmgmts:.Win32_LogicalDisk
2025-07-09 10:23:35,029 - WARNING - Enhanced device detection failed, using fallback: winmgmts:.Win32_LogicalDisk
2025-07-09 10:23:37,034 - WARNING - Enhanced device detection failed, using fallback: winmgmts:.Win32_LogicalDisk
2025-07-09 10:23:39,040 - WARNING - Enhanced device detection failed, using fallback: winmgmts:.Win32_LogicalDisk
2025-07-09 10:23:41,045 - WARNING - Enhanced device detection failed, using fallback: winmgmts:.Win32_LogicalDisk
2025-07-09 10:23:43,051 - WARNING - Enhanced device detection failed, using fallback: winmgmts:.Win32_LogicalDisk
2025-07-09 10:23:45,057 - WARNING - Enhanced device detection failed, using fallback: winmgmts:.Win32_LogicalDisk
2025-07-09 10:23:47,062 - WARNING - Enhanced device detection failed, using fallback: winmgmts:.Win32_LogicalDisk
2025-07-09 10:23:49,067 - WARNING - Enhanced device detection failed, using fallback: winmgmts:.Win32_LogicalDisk
2025-07-09 10:23:51,075 - WARNING - Enhanced device detection failed, using fallback: winmgmts:.Win32_LogicalDisk
2025-07-09 10:23:53,080 - WARNING - Enhanced device detection failed, using fallback: winmgmts:.Win32_LogicalDisk
2025-07-09 10:23:55,085 - WARNING - Enhanced device detection failed, using fallback: winmgmts:.Win32_LogicalDisk
2025-07-09 10:23:57,090 - WARNING - Enhanced device detection failed, using fallback: winmgmts:.Win32_LogicalDisk
2025-07-09 10:23:59,097 - WARNING - Enhanced device detection failed, using fallback: winmgmts:.Win32_LogicalDisk
2025-07-09 10:24:01,103 - WARNING - Enhanced device detection failed, using fallback: winmgmts:.Win32_LogicalDisk
2025-07-09 10:24:03,110 - WARNING - Enhanced device detection failed, using fallback: winmgmts:.Win32_LogicalDisk
2025-07-09 10:24:05,115 - WARNING - Enhanced device detection failed, using fallback: winmgmts:.Win32_LogicalDisk
2025-07-09 10:24:07,119 - WARNING - Enhanced device detection failed, using fallback: winmgmts:.Win32_LogicalDisk
2025-07-09 10:24:09,126 - WARNING - Enhanced device detection failed, using fallback: winmgmts:.Win32_LogicalDisk
2025-07-09 10:24:11,131 - WARNING - Enhanced device detection failed, using fallback: winmgmts:.Win32_LogicalDisk
2025-07-09 10:24:13,139 - WARNING - Enhanced device detection failed, using fallback: winmgmts:.Win32_LogicalDisk
2025-07-09 10:24:15,145 - WARNING - Enhanced device detection failed, using fallback: winmgmts:.Win32_LogicalDisk
2025-07-09 10:24:17,150 - WARNING - Enhanced device detection failed, using fallback: winmgmts:.Win32_LogicalDisk
2025-07-09 10:24:19,156 - WARNING - Enhanced device detection failed, using fallback: winmgmts:.Win32_LogicalDisk
2025-07-09 10:24:21,162 - WARNING - Enhanced device detection failed, using fallback: winmgmts:.Win32_LogicalDisk
2025-07-09 10:24:23,169 - WARNING - Enhanced device detection failed, using fallback: winmgmts:.Win32_LogicalDisk
2025-07-09 10:24:25,173 - WARNING - Enhanced device detection failed, using fallback: winmgmts:.Win32_LogicalDisk
2025-07-09 10:24:27,178 - WARNING - Enhanced device detection failed, using fallback: winmgmts:.Win32_LogicalDisk
2025-07-09 10:24:29,183 - WARNING - Enhanced device detection failed, using fallback: winmgmts:.Win32_LogicalDisk
2025-07-09 10:24:31,189 - WARNING - Enhanced device detection failed, using fallback: winmgmts:.Win32_LogicalDisk
2025-07-09 10:24:33,197 - WARNING - Enhanced device detection failed, using fallback: winmgmts:.Win32_LogicalDisk
2025-07-09 10:24:35,203 - WARNING - Enhanced device detection failed, using fallback: winmgmts:.Win32_LogicalDisk
2025-07-09 10:24:37,209 - WARNING - Enhanced device detection failed, using fallback: winmgmts:.Win32_LogicalDisk
2025-07-09 10:24:39,216 - WARNING - Enhanced device detection failed, using fallback: winmgmts:.Win32_LogicalDisk
2025-07-09 10:24:41,219 - WARNING - Enhanced device detection failed, using fallback: winmgmts:.Win32_LogicalDisk
2025-07-09 10:24:43,225 - WARNING - Enhanced device detection failed, using fallback: winmgmts:.Win32_LogicalDisk
2025-07-09 10:24:45,229 - WARNING - Enhanced device detection failed, using fallback: winmgmts:.Win32_LogicalDisk
2025-07-09 10:24:47,235 - WARNING - Enhanced device detection failed, using fallback: winmgmts:.Win32_LogicalDisk
2025-07-09 10:24:49,241 - WARNING - Enhanced device detection failed, using fallback: winmgmts:.Win32_LogicalDisk
2025-07-09 10:24:51,246 - WARNING - Enhanced device detection failed, using fallback: winmgmts:.Win32_LogicalDisk
2025-07-09 10:24:53,252 - WARNING - Enhanced device detection failed, using fallback: winmgmts:.Win32_LogicalDisk
2025-07-09 10:24:55,257 - WARNING - Enhanced device detection failed, using fallback: winmgmts:.Win32_LogicalDisk
2025-07-09 10:24:57,264 - WARNING - Enhanced device detection failed, using fallback: winmgmts:.Win32_LogicalDisk
2025-07-09 10:24:59,269 - WARNING - Enhanced device detection failed, using fallback: winmgmts:.Win32_LogicalDisk
2025-07-09 10:25:01,271 - WARNING - Enhanced device detection failed, using fallback: winmgmts:.Win32_LogicalDisk
2025-07-09 10:25:03,276 - WARNING - Enhanced device detection failed, using fallback: winmgmts:.Win32_LogicalDisk
2025-07-09 10:25:05,282 - WARNING - Enhanced device detection failed, using fallback: winmgmts:.Win32_LogicalDisk
2025-07-09 10:25:07,287 - WARNING - Enhanced device detection failed, using fallback: winmgmts:.Win32_LogicalDisk
2025-07-09 10:25:09,292 - WARNING - Enhanced device detection failed, using fallback: winmgmts:.Win32_LogicalDisk
2025-07-09 10:25:11,298 - WARNING - Enhanced device detection failed, using fallback: winmgmts:.Win32_LogicalDisk
2025-07-09 10:25:13,307 - WARNING - Enhanced device detection failed, using fallback: winmgmts:.Win32_LogicalDisk
2025-07-09 10:25:15,313 - WARNING - Enhanced device detection failed, using fallback: winmgmts:.Win32_LogicalDisk
2025-07-09 10:25:17,318 - WARNING - Enhanced device detection failed, using fallback: winmgmts:.Win32_LogicalDisk
2025-07-09 10:25:19,324 - WARNING - Enhanced device detection failed, using fallback: winmgmts:.Win32_LogicalDisk
2025-07-09 10:25:21,329 - WARNING - Enhanced device detection failed, using fallback: winmgmts:.Win32_LogicalDisk
2025-07-09 10:25:23,335 - WARNING - Enhanced device detection failed, using fallback: winmgmts:.Win32_LogicalDisk
2025-07-09 10:25:25,340 - WARNING - Enhanced device detection failed, using fallback: winmgmts:.Win32_LogicalDisk
2025-07-09 10:25:27,346 - WARNING - Enhanced device detection failed, using fallback: winmgmts:.Win32_LogicalDisk
2025-07-09 10:25:29,353 - WARNING - Enhanced device detection failed, using fallback: winmgmts:.Win32_LogicalDisk
2025-07-09 10:25:31,359 - WARNING - Enhanced device detection failed, using fallback: winmgmts:.Win32_LogicalDisk
2025-07-09 10:25:33,365 - WARNING - Enhanced device detection failed, using fallback: winmgmts:.Win32_LogicalDisk
2025-07-09 10:25:35,370 - WARNING - Enhanced device detection failed, using fallback: winmgmts:.Win32_LogicalDisk
2025-07-09 10:25:37,376 - WARNING - Enhanced device detection failed, using fallback: winmgmts:.Win32_LogicalDisk
2025-07-09 10:25:39,384 - WARNING - Enhanced device detection failed, using fallback: winmgmts:.Win32_LogicalDisk
2025-07-09 10:25:41,388 - WARNING - Enhanced device detection failed, using fallback: winmgmts:.Win32_LogicalDisk
2025-07-09 10:25:43,393 - WARNING - Enhanced device detection failed, using fallback: winmgmts:.Win32_LogicalDisk
2025-07-09 10:25:45,399 - WARNING - Enhanced device detection failed, using fallback: winmgmts:.Win32_LogicalDisk
2025-07-09 10:25:47,405 - WARNING - Enhanced device detection failed, using fallback: winmgmts:.Win32_LogicalDisk
2025-07-09 10:25:49,412 - WARNING - Enhanced device detection failed, using fallback: winmgmts:.Win32_LogicalDisk
2025-07-09 10:25:51,417 - WARNING - Enhanced device detection failed, using fallback: winmgmts:.Win32_LogicalDisk
2025-07-09 10:25:53,424 - WARNING - Enhanced device detection failed, using fallback: winmgmts:.Win32_LogicalDisk
2025-07-09 10:25:55,429 - WARNING - Enhanced device detection failed, using fallback: winmgmts:.Win32_LogicalDisk
2025-07-09 10:25:57,434 - WARNING - Enhanced device detection failed, using fallback: winmgmts:.Win32_LogicalDisk
2025-07-09 10:25:59,438 - WARNING - Enhanced device detection failed, using fallback: winmgmts:.Win32_LogicalDisk
2025-07-09 10:26:01,444 - WARNING - Enhanced device detection failed, using fallback: winmgmts:.Win32_LogicalDisk
2025-07-09 10:26:03,451 - WARNING - Enhanced device detection failed, using fallback: winmgmts:.Win32_LogicalDisk
2025-07-09 10:26:05,455 - WARNING - Enhanced device detection failed, using fallback: winmgmts:.Win32_LogicalDisk
2025-07-09 10:26:07,460 - WARNING - Enhanced device detection failed, using fallback: winmgmts:.Win32_LogicalDisk
2025-07-09 10:26:09,466 - WARNING - Enhanced device detection failed, using fallback: winmgmts:.Win32_LogicalDisk
2025-07-09 10:26:11,471 - WARNING - Enhanced device detection failed, using fallback: winmgmts:.Win32_LogicalDisk
2025-07-09 10:26:13,475 - WARNING - Enhanced device detection failed, using fallback: winmgmts:.Win32_LogicalDisk
2025-07-09 10:26:15,480 - WARNING - Enhanced device detection failed, using fallback: winmgmts:.Win32_LogicalDisk
2025-07-09 10:26:17,485 - WARNING - Enhanced device detection failed, using fallback: winmgmts:.Win32_LogicalDisk
2025-07-09 10:26:19,491 - WARNING - Enhanced device detection failed, using fallback: winmgmts:.Win32_LogicalDisk
2025-07-09 10:26:21,496 - WARNING - Enhanced device detection failed, using fallback: winmgmts:.Win32_LogicalDisk
2025-07-09 10:26:23,502 - WARNING - Enhanced device detection failed, using fallback: winmgmts:.Win32_LogicalDisk
2025-07-09 10:26:25,507 - WARNING - Enhanced device detection failed, using fallback: winmgmts:.Win32_LogicalDisk
2025-07-09 10:26:27,512 - WARNING - Enhanced device detection failed, using fallback: winmgmts:.Win32_LogicalDisk
2025-07-09 10:26:29,518 - WARNING - Enhanced device detection failed, using fallback: winmgmts:.Win32_LogicalDisk
2025-07-09 10:26:31,523 - WARNING - Enhanced device detection failed, using fallback: winmgmts:.Win32_LogicalDisk
2025-07-09 10:26:33,528 - WARNING - Enhanced device detection failed, using fallback: winmgmts:.Win32_LogicalDisk
2025-07-09 10:26:35,534 - WARNING - Enhanced device detection failed, using fallback: winmgmts:.Win32_LogicalDisk
2025-07-09 10:26:37,541 - WARNING - Enhanced device detection failed, using fallback: winmgmts:.Win32_LogicalDisk
2025-07-09 10:26:39,545 - WARNING - Enhanced device detection failed, using fallback: winmgmts:.Win32_LogicalDisk
2025-07-09 10:26:41,550 - WARNING - Enhanced device detection failed, using fallback: winmgmts:.Win32_LogicalDisk
2025-07-09 10:26:43,555 - WARNING - Enhanced device detection failed, using fallback: winmgmts:.Win32_LogicalDisk
2025-07-09 10:26:45,561 - WARNING - Enhanced device detection failed, using fallback: winmgmts:.Win32_LogicalDisk
2025-07-09 10:26:47,567 - WARNING - Enhanced device detection failed, using fallback: winmgmts:.Win32_LogicalDisk
2025-07-09 10:26:49,572 - WARNING - Enhanced device detection failed, using fallback: winmgmts:.Win32_LogicalDisk
2025-07-09 10:26:51,577 - WARNING - Enhanced device detection failed, using fallback: winmgmts:.Win32_LogicalDisk
2025-07-09 10:26:53,583 - WARNING - Enhanced device detection failed, using fallback: winmgmts:.Win32_LogicalDisk
2025-07-09 10:26:55,588 - WARNING - Enhanced device detection failed, using fallback: winmgmts:.Win32_LogicalDisk
2025-07-09 10:26:57,594 - WARNING - Enhanced device detection failed, using fallback: winmgmts:.Win32_LogicalDisk
2025-07-09 10:26:59,599 - WARNING - Enhanced device detection failed, using fallback: winmgmts:.Win32_LogicalDisk
2025-07-09 10:27:01,607 - WARNING - Enhanced device detection failed, using fallback: winmgmts:.Win32_LogicalDisk
2025-07-09 10:27:03,611 - WARNING - Enhanced device detection failed, using fallback: winmgmts:.Win32_LogicalDisk
2025-07-09 10:27:05,617 - WARNING - Enhanced device detection failed, using fallback: winmgmts:.Win32_LogicalDisk
2025-07-09 10:27:07,623 - WARNING - Enhanced device detection failed, using fallback: winmgmts:.Win32_LogicalDisk
2025-07-09 10:27:09,628 - WARNING - Enhanced device detection failed, using fallback: winmgmts:.Win32_LogicalDisk
2025-07-09 10:27:11,635 - WARNING - Enhanced device detection failed, using fallback: winmgmts:.Win32_LogicalDisk
2025-07-09 10:27:13,644 - WARNING - Enhanced device detection failed, using fallback: winmgmts:.Win32_LogicalDisk
2025-07-09 10:27:15,651 - WARNING - Enhanced device detection failed, using fallback: winmgmts:.Win32_LogicalDisk
2025-07-09 10:27:17,658 - WARNING - Enhanced device detection failed, using fallback: winmgmts:.Win32_LogicalDisk
2025-07-09 10:27:19,664 - WARNING - Enhanced device detection failed, using fallback: winmgmts:.Win32_LogicalDisk
2025-07-09 10:27:21,669 - WARNING - Enhanced device detection failed, using fallback: winmgmts:.Win32_LogicalDisk
2025-07-09 10:27:23,675 - WARNING - Enhanced device detection failed, using fallback: winmgmts:.Win32_LogicalDisk
2025-07-09 10:27:25,680 - WARNING - Enhanced device detection failed, using fallback: winmgmts:.Win32_LogicalDisk
2025-07-09 10:27:27,686 - WARNING - Enhanced device detection failed, using fallback: winmgmts:.Win32_LogicalDisk
2025-07-09 10:27:29,691 - WARNING - Enhanced device detection failed, using fallback: winmgmts:.Win32_LogicalDisk
2025-07-09 10:27:31,696 - WARNING - Enhanced device detection failed, using fallback: winmgmts:.Win32_LogicalDisk
2025-07-09 10:27:33,701 - WARNING - Enhanced device detection failed, using fallback: winmgmts:.Win32_LogicalDisk
2025-07-09 10:27:35,706 - WARNING - Enhanced device detection failed, using fallback: winmgmts:.Win32_LogicalDisk
2025-07-09 10:27:37,711 - WARNING - Enhanced device detection failed, using fallback: winmgmts:.Win32_LogicalDisk
2025-07-09 10:27:39,715 - WARNING - Enhanced device detection failed, using fallback: winmgmts:.Win32_LogicalDisk
2025-07-09 10:27:41,719 - WARNING - Enhanced device detection failed, using fallback: winmgmts:.Win32_LogicalDisk
2025-07-09 10:27:43,723 - WARNING - Enhanced device detection failed, using fallback: winmgmts:.Win32_LogicalDisk
2025-07-09 10:27:45,729 - WARNING - Enhanced device detection failed, using fallback: winmgmts:.Win32_LogicalDisk
2025-07-09 10:27:47,735 - WARNING - Enhanced device detection failed, using fallback: winmgmts:.Win32_LogicalDisk
2025-07-09 10:27:49,740 - WARNING - Enhanced device detection failed, using fallback: winmgmts:.Win32_LogicalDisk
2025-07-09 10:27:51,745 - WARNING - Enhanced device detection failed, using fallback: winmgmts:.Win32_LogicalDisk
2025-07-09 10:27:53,750 - WARNING - Enhanced device detection failed, using fallback: winmgmts:.Win32_LogicalDisk
2025-07-09 10:27:55,754 - WARNING - Enhanced device detection failed, using fallback: winmgmts:.Win32_LogicalDisk
2025-07-09 10:27:57,759 - WARNING - Enhanced device detection failed, using fallback: winmgmts:.Win32_LogicalDisk
2025-07-09 10:27:59,768 - WARNING - Enhanced device detection failed, using fallback: winmgmts:.Win32_LogicalDisk
2025-07-09 10:28:01,774 - WARNING - Enhanced device detection failed, using fallback: winmgmts:.Win32_LogicalDisk
2025-07-09 10:28:03,779 - WARNING - Enhanced device detection failed, using fallback: winmgmts:.Win32_LogicalDisk
2025-07-09 10:28:05,784 - WARNING - Enhanced device detection failed, using fallback: winmgmts:.Win32_LogicalDisk
2025-07-09 10:28:07,788 - WARNING - Enhanced device detection failed, using fallback: winmgmts:.Win32_LogicalDisk
2025-07-09 10:28:09,792 - WARNING - Enhanced device detection failed, using fallback: winmgmts:.Win32_LogicalDisk
2025-07-09 10:28:11,798 - WARNING - Enhanced device detection failed, using fallback: winmgmts:.Win32_LogicalDisk
2025-07-09 10:28:13,803 - WARNING - Enhanced device detection failed, using fallback: winmgmts:.Win32_LogicalDisk
2025-07-09 10:28:15,809 - WARNING - Enhanced device detection failed, using fallback: winmgmts:.Win32_LogicalDisk
2025-07-09 10:28:17,816 - WARNING - Enhanced device detection failed, using fallback: winmgmts:.Win32_LogicalDisk
2025-07-09 10:28:19,823 - WARNING - Enhanced device detection failed, using fallback: winmgmts:.Win32_LogicalDisk
2025-07-09 10:28:21,829 - WARNING - Enhanced device detection failed, using fallback: winmgmts:.Win32_LogicalDisk
2025-07-09 10:28:23,835 - WARNING - Enhanced device detection failed, using fallback: winmgmts:.Win32_LogicalDisk
2025-07-09 10:28:25,839 - WARNING - Enhanced device detection failed, using fallback: winmgmts:.Win32_LogicalDisk
2025-07-09 10:28:27,845 - WARNING - Enhanced device detection failed, using fallback: winmgmts:.Win32_LogicalDisk
2025-07-09 10:28:29,850 - WARNING - Enhanced device detection failed, using fallback: winmgmts:.Win32_LogicalDisk
2025-07-09 10:28:31,856 - WARNING - Enhanced device detection failed, using fallback: winmgmts:.Win32_LogicalDisk
2025-07-09 10:28:33,862 - WARNING - Enhanced device detection failed, using fallback: winmgmts:.Win32_LogicalDisk
2025-07-09 10:28:35,868 - WARNING - Enhanced device detection failed, using fallback: winmgmts:.Win32_LogicalDisk
2025-07-09 10:28:37,873 - WARNING - Enhanced device detection failed, using fallback: winmgmts:.Win32_LogicalDisk
2025-07-09 10:28:39,877 - WARNING - Enhanced device detection failed, using fallback: winmgmts:.Win32_LogicalDisk
2025-07-09 10:28:41,882 - WARNING - Enhanced device detection failed, using fallback: winmgmts:.Win32_LogicalDisk
2025-07-09 10:28:43,886 - WARNING - Enhanced device detection failed, using fallback: winmgmts:.Win32_LogicalDisk
2025-07-09 10:28:45,892 - WARNING - Enhanced device detection failed, using fallback: winmgmts:.Win32_LogicalDisk
2025-07-09 10:28:47,897 - WARNING - Enhanced device detection failed, using fallback: winmgmts:.Win32_LogicalDisk
2025-07-09 10:28:49,906 - WARNING - Enhanced device detection failed, using fallback: winmgmts:.Win32_LogicalDisk
2025-07-09 10:28:51,912 - WARNING - Enhanced device detection failed, using fallback: winmgmts:.Win32_LogicalDisk
2025-07-09 10:28:53,917 - WARNING - Enhanced device detection failed, using fallback: winmgmts:.Win32_LogicalDisk
2025-07-09 10:28:55,922 - WARNING - Enhanced device detection failed, using fallback: winmgmts:.Win32_LogicalDisk
2025-07-09 10:28:57,929 - WARNING - Enhanced device detection failed, using fallback: winmgmts:.Win32_LogicalDisk
2025-07-09 10:28:59,934 - WARNING - Enhanced device detection failed, using fallback: winmgmts:.Win32_LogicalDisk
2025-07-09 10:29:01,941 - WARNING - Enhanced device detection failed, using fallback: winmgmts:.Win32_LogicalDisk
2025-07-09 10:29:03,948 - WARNING - Enhanced device detection failed, using fallback: winmgmts:.Win32_LogicalDisk
2025-07-09 10:29:05,955 - WARNING - Enhanced device detection failed, using fallback: winmgmts:.Win32_LogicalDisk
2025-07-09 10:29:07,963 - WARNING - Enhanced device detection failed, using fallback: winmgmts:.Win32_LogicalDisk
2025-07-09 10:29:09,969 - WARNING - Enhanced device detection failed, using fallback: winmgmts:.Win32_LogicalDisk
2025-07-09 10:29:11,974 - WARNING - Enhanced device detection failed, using fallback: winmgmts:.Win32_LogicalDisk
2025-07-09 10:29:13,980 - WARNING - Enhanced device detection failed, using fallback: winmgmts:.Win32_LogicalDisk
2025-07-09 10:29:15,986 - WARNING - Enhanced device detection failed, using fallback: winmgmts:.Win32_LogicalDisk
2025-07-09 10:29:17,991 - WARNING - Enhanced device detection failed, using fallback: winmgmts:.Win32_LogicalDisk
2025-07-09 10:29:19,996 - WARNING - Enhanced device detection failed, using fallback: winmgmts:.Win32_LogicalDisk
2025-07-09 10:29:22,000 - WARNING - Enhanced device detection failed, using fallback: winmgmts:.Win32_LogicalDisk
2025-07-09 10:29:24,006 - WARNING - Enhanced device detection failed, using fallback: winmgmts:.Win32_LogicalDisk
2025-07-09 10:29:26,012 - WARNING - Enhanced device detection failed, using fallback: winmgmts:.Win32_LogicalDisk
2025-07-09 10:29:28,019 - WARNING - Enhanced device detection failed, using fallback: winmgmts:.Win32_LogicalDisk
2025-07-09 10:29:30,025 - WARNING - Enhanced device detection failed, using fallback: winmgmts:.Win32_LogicalDisk
2025-07-09 10:29:32,030 - WARNING - Enhanced device detection failed, using fallback: winmgmts:.Win32_LogicalDisk
2025-07-09 10:29:34,035 - WARNING - Enhanced device detection failed, using fallback: winmgmts:.Win32_LogicalDisk
2025-07-09 10:29:36,040 - WARNING - Enhanced device detection failed, using fallback: winmgmts:.Win32_LogicalDisk
2025-07-09 10:29:38,045 - WARNING - Enhanced device detection failed, using fallback: winmgmts:.Win32_LogicalDisk
2025-07-09 10:29:40,051 - WARNING - Enhanced device detection failed, using fallback: winmgmts:.Win32_LogicalDisk
2025-07-09 10:29:42,057 - WARNING - Enhanced device detection failed, using fallback: winmgmts:.Win32_LogicalDisk
2025-07-09 10:29:44,062 - WARNING - Enhanced device detection failed, using fallback: winmgmts:.Win32_LogicalDisk
2025-07-09 10:29:46,068 - WARNING - Enhanced device detection failed, using fallback: winmgmts:.Win32_LogicalDisk
2025-07-09 10:29:48,074 - WARNING - Enhanced device detection failed, using fallback: winmgmts:.Win32_LogicalDisk
2025-07-09 10:29:50,080 - WARNING - Enhanced device detection failed, using fallback: winmgmts:.Win32_LogicalDisk
2025-07-09 10:29:52,085 - WARNING - Enhanced device detection failed, using fallback: winmgmts:.Win32_LogicalDisk
2025-07-09 10:29:54,090 - WARNING - Enhanced device detection failed, using fallback: winmgmts:.Win32_LogicalDisk
2025-07-09 10:29:56,095 - WARNING - Enhanced device detection failed, using fallback: winmgmts:.Win32_LogicalDisk
2025-07-09 10:29:58,100 - WARNING - Enhanced device detection failed, using fallback: winmgmts:.Win32_LogicalDisk
2025-07-09 10:30:00,105 - WARNING - Enhanced device detection failed, using fallback: winmgmts:.Win32_LogicalDisk
2025-07-09 10:30:02,108 - WARNING - Enhanced device detection failed, using fallback: winmgmts:.Win32_LogicalDisk
2025-07-09 10:30:04,114 - WARNING - Enhanced device detection failed, using fallback: winmgmts:.Win32_LogicalDisk
2025-07-09 10:30:06,119 - WARNING - Enhanced device detection failed, using fallback: winmgmts:.Win32_LogicalDisk
2025-07-09 10:30:08,125 - WARNING - Enhanced device detection failed, using fallback: winmgmts:.Win32_LogicalDisk
2025-07-09 10:30:10,131 - WARNING - Enhanced device detection failed, using fallback: winmgmts:.Win32_LogicalDisk
2025-07-09 10:30:12,136 - WARNING - Enhanced device detection failed, using fallback: winmgmts:.Win32_LogicalDisk
2025-07-09 10:30:14,142 - WARNING - Enhanced device detection failed, using fallback: winmgmts:.Win32_LogicalDisk
2025-07-09 10:30:16,151 - WARNING - Enhanced device detection failed, using fallback: winmgmts:.Win32_LogicalDisk
2025-07-09 10:30:18,156 - WARNING - Enhanced device detection failed, using fallback: winmgmts:.Win32_LogicalDisk
2025-07-09 10:30:20,162 - WARNING - Enhanced device detection failed, using fallback: winmgmts:.Win32_LogicalDisk
2025-07-09 10:30:22,169 - WARNING - Enhanced device detection failed, using fallback: winmgmts:.Win32_LogicalDisk
2025-07-09 10:30:24,174 - WARNING - Enhanced device detection failed, using fallback: winmgmts:.Win32_LogicalDisk
2025-07-09 10:30:26,180 - WARNING - Enhanced device detection failed, using fallback: winmgmts:.Win32_LogicalDisk
2025-07-09 10:30:28,186 - WARNING - Enhanced device detection failed, using fallback: winmgmts:.Win32_LogicalDisk
2025-07-09 10:30:30,190 - WARNING - Enhanced device detection failed, using fallback: winmgmts:.Win32_LogicalDisk
2025-07-09 10:30:32,195 - WARNING - Enhanced device detection failed, using fallback: winmgmts:.Win32_LogicalDisk
2025-07-09 10:30:34,198 - WARNING - Enhanced device detection failed, using fallback: winmgmts:.Win32_LogicalDisk
2025-07-09 10:30:36,204 - WARNING - Enhanced device detection failed, using fallback: winmgmts:.Win32_LogicalDisk
2025-07-09 10:30:38,211 - WARNING - Enhanced device detection failed, using fallback: winmgmts:.Win32_LogicalDisk
2025-07-09 10:30:40,216 - WARNING - Enhanced device detection failed, using fallback: winmgmts:.Win32_LogicalDisk
2025-07-09 10:30:42,221 - WARNING - Enhanced device detection failed, using fallback: winmgmts:.Win32_LogicalDisk
2025-07-09 10:30:44,227 - WARNING - Enhanced device detection failed, using fallback: winmgmts:.Win32_LogicalDisk
2025-07-09 10:30:46,233 - WARNING - Enhanced device detection failed, using fallback: winmgmts:.Win32_LogicalDisk
2025-07-09 10:30:48,240 - WARNING - Enhanced device detection failed, using fallback: winmgmts:.Win32_LogicalDisk
2025-07-09 10:30:50,248 - WARNING - Enhanced device detection failed, using fallback: winmgmts:.Win32_LogicalDisk
2025-07-09 10:30:52,254 - WARNING - Enhanced device detection failed, using fallback: winmgmts:.Win32_LogicalDisk
2025-07-09 10:30:54,261 - WARNING - Enhanced device detection failed, using fallback: winmgmts:.Win32_LogicalDisk
2025-07-09 10:30:56,265 - WARNING - Enhanced device detection failed, using fallback: winmgmts:.Win32_LogicalDisk
2025-07-09 10:30:58,273 - WARNING - Enhanced device detection failed, using fallback: winmgmts:.Win32_LogicalDisk
2025-07-09 10:31:00,278 - WARNING - Enhanced device detection failed, using fallback: winmgmts:.Win32_LogicalDisk
2025-07-09 10:31:02,282 - WARNING - Enhanced device detection failed, using fallback: winmgmts:.Win32_LogicalDisk
2025-07-09 10:31:04,286 - WARNING - Enhanced device detection failed, using fallback: winmgmts:.Win32_LogicalDisk
2025-07-09 10:31:06,291 - WARNING - Enhanced device detection failed, using fallback: winmgmts:.Win32_LogicalDisk
2025-07-09 10:31:08,297 - WARNING - Enhanced device detection failed, using fallback: winmgmts:.Win32_LogicalDisk
2025-07-09 10:31:10,303 - WARNING - Enhanced device detection failed, using fallback: winmgmts:.Win32_LogicalDisk
2025-07-09 10:31:12,306 - WARNING - Enhanced device detection failed, using fallback: winmgmts:.Win32_LogicalDisk
2025-07-09 10:31:14,312 - WARNING - Enhanced device detection failed, using fallback: winmgmts:.Win32_LogicalDisk
2025-07-09 10:31:16,317 - WARNING - Enhanced device detection failed, using fallback: winmgmts:.Win32_LogicalDisk
2025-07-09 10:31:18,323 - WARNING - Enhanced device detection failed, using fallback: winmgmts:.Win32_LogicalDisk
2025-07-09 10:31:20,329 - WARNING - Enhanced device detection failed, using fallback: winmgmts:.Win32_LogicalDisk
2025-07-09 10:31:22,332 - WARNING - Enhanced device detection failed, using fallback: winmgmts:.Win32_LogicalDisk
2025-07-09 10:31:24,338 - WARNING - Enhanced device detection failed, using fallback: winmgmts:.Win32_LogicalDisk
2025-07-09 10:31:26,344 - WARNING - Enhanced device detection failed, using fallback: winmgmts:.Win32_LogicalDisk
2025-07-09 10:31:28,350 - WARNING - Enhanced device detection failed, using fallback: winmgmts:.Win32_LogicalDisk
2025-07-09 10:31:30,354 - WARNING - Enhanced device detection failed, using fallback: winmgmts:.Win32_LogicalDisk
2025-07-09 10:31:32,358 - WARNING - Enhanced device detection failed, using fallback: winmgmts:.Win32_LogicalDisk
2025-07-09 10:31:34,364 - WARNING - Enhanced device detection failed, using fallback: winmgmts:.Win32_LogicalDisk
2025-07-09 10:31:36,370 - WARNING - Enhanced device detection failed, using fallback: winmgmts:.Win32_LogicalDisk
2025-07-09 10:31:38,377 - WARNING - Enhanced device detection failed, using fallback: winmgmts:.Win32_LogicalDisk
2025-07-09 10:31:40,381 - WARNING - Enhanced device detection failed, using fallback: winmgmts:.Win32_LogicalDisk
2025-07-09 10:31:42,385 - WARNING - Enhanced device detection failed, using fallback: winmgmts:.Win32_LogicalDisk
2025-07-09 10:31:44,390 - WARNING - Enhanced device detection failed, using fallback: winmgmts:.Win32_LogicalDisk
2025-07-09 10:31:46,396 - WARNING - Enhanced device detection failed, using fallback: winmgmts:.Win32_LogicalDisk
2025-07-09 10:31:48,402 - WARNING - Enhanced device detection failed, using fallback: winmgmts:.Win32_LogicalDisk
2025-07-09 10:31:50,409 - WARNING - Enhanced device detection failed, using fallback: winmgmts:.Win32_LogicalDisk
2025-07-09 10:31:52,413 - WARNING - Enhanced device detection failed, using fallback: winmgmts:.Win32_LogicalDisk
2025-07-09 10:31:54,421 - WARNING - Enhanced device detection failed, using fallback: winmgmts:.Win32_LogicalDisk
2025-07-09 10:31:56,426 - WARNING - Enhanced device detection failed, using fallback: winmgmts:.Win32_LogicalDisk
2025-07-09 10:31:58,432 - WARNING - Enhanced device detection failed, using fallback: winmgmts:.Win32_LogicalDisk
2025-07-09 10:32:00,437 - WARNING - Enhanced device detection failed, using fallback: winmgmts:.Win32_LogicalDisk
2025-07-09 10:32:02,441 - WARNING - Enhanced device detection failed, using fallback: winmgmts:.Win32_LogicalDisk
2025-07-09 10:32:04,448 - WARNING - Enhanced device detection failed, using fallback: winmgmts:.Win32_LogicalDisk
2025-07-09 10:32:06,453 - WARNING - Enhanced device detection failed, using fallback: winmgmts:.Win32_LogicalDisk
2025-07-09 10:32:08,457 - WARNING - Enhanced device detection failed, using fallback: winmgmts:.Win32_LogicalDisk
2025-07-09 10:32:10,464 - WARNING - Enhanced device detection failed, using fallback: winmgmts:.Win32_LogicalDisk
2025-07-09 10:32:12,468 - WARNING - Enhanced device detection failed, using fallback: winmgmts:.Win32_LogicalDisk
2025-07-09 10:32:14,474 - WARNING - Enhanced device detection failed, using fallback: winmgmts:.Win32_LogicalDisk
2025-07-09 10:32:16,480 - WARNING - Enhanced device detection failed, using fallback: winmgmts:.Win32_LogicalDisk
2025-07-09 10:32:18,486 - WARNING - Enhanced device detection failed, using fallback: winmgmts:.Win32_LogicalDisk
2025-07-09 10:32:20,491 - WARNING - Enhanced device detection failed, using fallback: winmgmts:.Win32_LogicalDisk
2025-07-09 10:32:22,495 - WARNING - Enhanced device detection failed, using fallback: winmgmts:.Win32_LogicalDisk
2025-07-09 10:32:24,501 - WARNING - Enhanced device detection failed, using fallback: winmgmts:.Win32_LogicalDisk
2025-07-09 10:32:26,506 - WARNING - Enhanced device detection failed, using fallback: winmgmts:.Win32_LogicalDisk
2025-07-09 10:32:28,511 - WARNING - Enhanced device detection failed, using fallback: winmgmts:.Win32_LogicalDisk
2025-07-09 10:32:30,518 - WARNING - Enhanced device detection failed, using fallback: winmgmts:.Win32_LogicalDisk
2025-07-09 10:32:32,522 - WARNING - Enhanced device detection failed, using fallback: winmgmts:.Win32_LogicalDisk
2025-07-09 10:32:34,528 - WARNING - Enhanced device detection failed, using fallback: winmgmts:.Win32_LogicalDisk
2025-07-09 10:32:36,535 - WARNING - Enhanced device detection failed, using fallback: winmgmts:.Win32_LogicalDisk
2025-07-09 10:32:38,541 - WARNING - Enhanced device detection failed, using fallback: winmgmts:.Win32_LogicalDisk
2025-07-09 10:32:40,547 - WARNING - Enhanced device detection failed, using fallback: winmgmts:.Win32_LogicalDisk
2025-07-09 10:32:42,550 - WARNING - Enhanced device detection failed, using fallback: winmgmts:.Win32_LogicalDisk
2025-07-09 10:32:44,556 - WARNING - Enhanced device detection failed, using fallback: winmgmts:.Win32_LogicalDisk
2025-07-09 10:32:46,562 - WARNING - Enhanced device detection failed, using fallback: winmgmts:.Win32_LogicalDisk
2025-07-09 10:32:48,567 - WARNING - Enhanced device detection failed, using fallback: winmgmts:.Win32_LogicalDisk
2025-07-09 10:32:50,572 - WARNING - Enhanced device detection failed, using fallback: winmgmts:.Win32_LogicalDisk
2025-07-09 10:32:52,580 - WARNING - Enhanced device detection failed, using fallback: winmgmts:.Win32_LogicalDisk
2025-07-09 10:32:54,585 - WARNING - Enhanced device detection failed, using fallback: winmgmts:.Win32_LogicalDisk
2025-07-09 10:32:56,590 - WARNING - Enhanced device detection failed, using fallback: winmgmts:.Win32_LogicalDisk
2025-07-09 10:32:58,596 - WARNING - Enhanced device detection failed, using fallback: winmgmts:.Win32_LogicalDisk
2025-07-09 10:33:00,602 - WARNING - Enhanced device detection failed, using fallback: winmgmts:.Win32_LogicalDisk
2025-07-09 10:33:02,607 - WARNING - Enhanced device detection failed, using fallback: winmgmts:.Win32_LogicalDisk
2025-07-09 10:33:04,611 - WARNING - Enhanced device detection failed, using fallback: winmgmts:.Win32_LogicalDisk
2025-07-09 10:33:06,617 - WARNING - Enhanced device detection failed, using fallback: winmgmts:.Win32_LogicalDisk
2025-07-09 10:33:08,622 - WARNING - Enhanced device detection failed, using fallback: winmgmts:.Win32_LogicalDisk
2025-07-09 10:33:10,627 - WARNING - Enhanced device detection failed, using fallback: winmgmts:.Win32_LogicalDisk
2025-07-09 10:33:12,636 - WARNING - Enhanced device detection failed, using fallback: winmgmts:.Win32_LogicalDisk
2025-07-09 10:33:14,639 - WARNING - Enhanced device detection failed, using fallback: winmgmts:.Win32_LogicalDisk
2025-07-09 10:33:16,647 - WARNING - Enhanced device detection failed, using fallback: winmgmts:.Win32_LogicalDisk
2025-07-09 10:33:18,652 - WARNING - Enhanced device detection failed, using fallback: winmgmts:.Win32_LogicalDisk
2025-07-09 10:33:20,659 - WARNING - Enhanced device detection failed, using fallback: winmgmts:.Win32_LogicalDisk
2025-07-09 10:33:22,665 - WARNING - Enhanced device detection failed, using fallback: winmgmts:.Win32_LogicalDisk
2025-07-09 10:33:24,670 - WARNING - Enhanced device detection failed, using fallback: winmgmts:.Win32_LogicalDisk
2025-07-09 10:33:26,678 - WARNING - Enhanced device detection failed, using fallback: winmgmts:.Win32_LogicalDisk
2025-07-09 10:33:28,684 - WARNING - Enhanced device detection failed, using fallback: winmgmts:.Win32_LogicalDisk
2025-07-09 10:33:30,689 - WARNING - Enhanced device detection failed, using fallback: winmgmts:.Win32_LogicalDisk
2025-07-09 10:33:32,694 - WARNING - Enhanced device detection failed, using fallback: winmgmts:.Win32_LogicalDisk
2025-07-09 10:33:34,699 - WARNING - Enhanced device detection failed, using fallback: winmgmts:.Win32_LogicalDisk
2025-07-09 10:33:36,703 - WARNING - Enhanced device detection failed, using fallback: winmgmts:.Win32_LogicalDisk
2025-07-09 10:33:38,709 - WARNING - Enhanced device detection failed, using fallback: winmgmts:.Win32_LogicalDisk
2025-07-09 10:33:40,713 - WARNING - Enhanced device detection failed, using fallback: winmgmts:.Win32_LogicalDisk
2025-07-09 10:33:42,718 - WARNING - Enhanced device detection failed, using fallback: winmgmts:.Win32_LogicalDisk
2025-07-09 10:33:44,724 - WARNING - Enhanced device detection failed, using fallback: winmgmts:.Win32_LogicalDisk
2025-07-09 10:33:46,729 - WARNING - Enhanced device detection failed, using fallback: winmgmts:.Win32_LogicalDisk
2025-07-09 10:33:48,735 - WARNING - Enhanced device detection failed, using fallback: winmgmts:.Win32_LogicalDisk
2025-07-09 10:33:50,740 - WARNING - Enhanced device detection failed, using fallback: winmgmts:.Win32_LogicalDisk
2025-07-09 10:33:52,747 - WARNING - Enhanced device detection failed, using fallback: winmgmts:.Win32_LogicalDisk
2025-07-09 10:33:54,751 - WARNING - Enhanced device detection failed, using fallback: winmgmts:.Win32_LogicalDisk
2025-07-09 10:33:56,757 - WARNING - Enhanced device detection failed, using fallback: winmgmts:.Win32_LogicalDisk
2025-07-09 10:33:58,763 - WARNING - Enhanced device detection failed, using fallback: winmgmts:.Win32_LogicalDisk
2025-07-09 10:34:00,768 - WARNING - Enhanced device detection failed, using fallback: winmgmts:.Win32_LogicalDisk
2025-07-09 10:34:02,773 - WARNING - Enhanced device detection failed, using fallback: winmgmts:.Win32_LogicalDisk
2025-07-09 10:34:04,779 - WARNING - Enhanced device detection failed, using fallback: winmgmts:.Win32_LogicalDisk
2025-07-09 10:34:06,787 - WARNING - Enhanced device detection failed, using fallback: winmgmts:.Win32_LogicalDisk
2025-07-09 10:34:08,793 - WARNING - Enhanced device detection failed, using fallback: winmgmts:.Win32_LogicalDisk
2025-07-09 10:34:10,797 - WARNING - Enhanced device detection failed, using fallback: winmgmts:.Win32_LogicalDisk
2025-07-09 10:34:12,804 - WARNING - Enhanced device detection failed, using fallback: winmgmts:.Win32_LogicalDisk
2025-07-09 10:34:14,808 - WARNING - Enhanced device detection failed, using fallback: winmgmts:.Win32_LogicalDisk
2025-07-09 10:34:16,815 - WARNING - Enhanced device detection failed, using fallback: winmgmts:.Win32_LogicalDisk
2025-07-09 10:34:18,819 - WARNING - Enhanced device detection failed, using fallback: winmgmts:.Win32_LogicalDisk
2025-07-09 10:34:20,825 - WARNING - Enhanced device detection failed, using fallback: winmgmts:.Win32_LogicalDisk
2025-07-09 10:34:22,832 - WARNING - Enhanced device detection failed, using fallback: winmgmts:.Win32_LogicalDisk
2025-07-09 10:34:24,836 - WARNING - Enhanced device detection failed, using fallback: winmgmts:.Win32_LogicalDisk
2025-07-09 10:34:26,841 - WARNING - Enhanced device detection failed, using fallback: winmgmts:.Win32_LogicalDisk
2025-07-09 10:34:28,847 - WARNING - Enhanced device detection failed, using fallback: winmgmts:.Win32_LogicalDisk
2025-07-09 10:34:30,853 - WARNING - Enhanced device detection failed, using fallback: winmgmts:.Win32_LogicalDisk
2025-07-09 10:34:32,858 - WARNING - Enhanced device detection failed, using fallback: winmgmts:.Win32_LogicalDisk
2025-07-09 10:34:34,861 - WARNING - Enhanced device detection failed, using fallback: winmgmts:.Win32_LogicalDisk
2025-07-09 10:34:36,866 - WARNING - Enhanced device detection failed, using fallback: winmgmts:.Win32_LogicalDisk
2025-07-09 10:34:38,873 - WARNING - Enhanced device detection failed, using fallback: winmgmts:.Win32_LogicalDisk
2025-07-09 10:34:40,878 - WARNING - Enhanced device detection failed, using fallback: winmgmts:.Win32_LogicalDisk
2025-07-09 10:34:42,884 - WARNING - Enhanced device detection failed, using fallback: winmgmts:.Win32_LogicalDisk
2025-07-09 10:34:44,889 - WARNING - Enhanced device detection failed, using fallback: winmgmts:.Win32_LogicalDisk
2025-07-09 10:34:46,895 - WARNING - Enhanced device detection failed, using fallback: winmgmts:.Win32_LogicalDisk
2025-07-09 10:34:48,901 - WARNING - Enhanced device detection failed, using fallback: winmgmts:.Win32_LogicalDisk
2025-07-09 10:34:50,905 - WARNING - Enhanced device detection failed, using fallback: winmgmts:.Win32_LogicalDisk
2025-07-09 10:34:52,913 - WARNING - Enhanced device detection failed, using fallback: winmgmts:.Win32_LogicalDisk
2025-07-09 10:34:54,918 - WARNING - Enhanced device detection failed, using fallback: winmgmts:.Win32_LogicalDisk
2025-07-09 10:34:56,924 - WARNING - Enhanced device detection failed, using fallback: winmgmts:.Win32_LogicalDisk
2025-07-09 10:34:58,930 - WARNING - Enhanced device detection failed, using fallback: winmgmts:.Win32_LogicalDisk
2025-07-09 10:35:00,935 - WARNING - Enhanced device detection failed, using fallback: winmgmts:.Win32_LogicalDisk
2025-07-09 10:35:02,940 - WARNING - Enhanced device detection failed, using fallback: winmgmts:.Win32_LogicalDisk
2025-07-09 10:35:04,945 - WARNING - Enhanced device detection failed, using fallback: winmgmts:.Win32_LogicalDisk
2025-07-09 10:35:06,949 - WARNING - Enhanced device detection failed, using fallback: winmgmts:.Win32_LogicalDisk
2025-07-09 10:35:08,955 - WARNING - Enhanced device detection failed, using fallback: winmgmts:.Win32_LogicalDisk
2025-07-09 10:35:10,961 - WARNING - Enhanced device detection failed, using fallback: winmgmts:.Win32_LogicalDisk
2025-07-09 10:35:12,965 - WARNING - Enhanced device detection failed, using fallback: winmgmts:.Win32_LogicalDisk
2025-07-09 10:35:14,970 - WARNING - Enhanced device detection failed, using fallback: winmgmts:.Win32_LogicalDisk
2025-07-09 10:35:16,976 - WARNING - Enhanced device detection failed, using fallback: winmgmts:.Win32_LogicalDisk
2025-07-09 10:35:18,981 - WARNING - Enhanced device detection failed, using fallback: winmgmts:.Win32_LogicalDisk
2025-07-09 10:35:20,986 - WARNING - Enhanced device detection failed, using fallback: winmgmts:.Win32_LogicalDisk
2025-07-09 10:35:22,991 - WARNING - Enhanced device detection failed, using fallback: winmgmts:.Win32_LogicalDisk
2025-07-09 10:35:24,996 - WARNING - Enhanced device detection failed, using fallback: winmgmts:.Win32_LogicalDisk
2025-07-09 10:35:27,001 - WARNING - Enhanced device detection failed, using fallback: winmgmts:.Win32_LogicalDisk
2025-07-09 10:35:29,007 - WARNING - Enhanced device detection failed, using fallback: winmgmts:.Win32_LogicalDisk
2025-07-09 10:35:31,012 - WARNING - Enhanced device detection failed, using fallback: winmgmts:.Win32_LogicalDisk
2025-07-09 10:35:33,017 - WARNING - Enhanced device detection failed, using fallback: winmgmts:.Win32_LogicalDisk
2025-07-09 10:35:35,023 - WARNING - Enhanced device detection failed, using fallback: winmgmts:.Win32_LogicalDisk
2025-07-09 10:35:37,028 - WARNING - Enhanced device detection failed, using fallback: winmgmts:.Win32_LogicalDisk
2025-07-09 10:35:39,033 - WARNING - Enhanced device detection failed, using fallback: winmgmts:.Win32_LogicalDisk
2025-07-09 10:35:41,039 - WARNING - Enhanced device detection failed, using fallback: winmgmts:.Win32_LogicalDisk
2025-07-09 10:35:43,043 - WARNING - Enhanced device detection failed, using fallback: winmgmts:.Win32_LogicalDisk
2025-07-09 10:35:45,048 - WARNING - Enhanced device detection failed, using fallback: winmgmts:.Win32_LogicalDisk
2025-07-09 10:35:47,053 - WARNING - Enhanced device detection failed, using fallback: winmgmts:.Win32_LogicalDisk
2025-07-09 10:35:49,058 - WARNING - Enhanced device detection failed, using fallback: winmgmts:.Win32_LogicalDisk
2025-07-09 10:35:51,065 - WARNING - Enhanced device detection failed, using fallback: winmgmts:.Win32_LogicalDisk
2025-07-09 10:35:53,071 - WARNING - Enhanced device detection failed, using fallback: winmgmts:.Win32_LogicalDisk
2025-07-09 10:35:55,076 - WARNING - Enhanced device detection failed, using fallback: winmgmts:.Win32_LogicalDisk
2025-07-09 10:35:57,083 - WARNING - Enhanced device detection failed, using fallback: winmgmts:.Win32_LogicalDisk
2025-07-09 10:35:59,089 - WARNING - Enhanced device detection failed, using fallback: winmgmts:.Win32_LogicalDisk
2025-07-09 10:36:01,095 - WARNING - Enhanced device detection failed, using fallback: winmgmts:.Win32_LogicalDisk
2025-07-09 10:36:03,100 - WARNING - Enhanced device detection failed, using fallback: winmgmts:.Win32_LogicalDisk
2025-07-09 10:36:05,109 - WARNING - Enhanced device detection failed, using fallback: winmgmts:.Win32_LogicalDisk
2025-07-09 10:36:07,115 - WARNING - Enhanced device detection failed, using fallback: winmgmts:.Win32_LogicalDisk
2025-07-09 10:36:09,122 - WARNING - Enhanced device detection failed, using fallback: winmgmts:.Win32_LogicalDisk
2025-07-09 10:36:11,127 - WARNING - Enhanced device detection failed, using fallback: winmgmts:.Win32_LogicalDisk
2025-07-09 10:36:13,132 - WARNING - Enhanced device detection failed, using fallback: winmgmts:.Win32_LogicalDisk
2025-07-09 10:36:15,139 - WARNING - Enhanced device detection failed, using fallback: winmgmts:.Win32_LogicalDisk
2025-07-09 10:36:17,145 - WARNING - Enhanced device detection failed, using fallback: winmgmts:.Win32_LogicalDisk
2025-07-09 10:36:19,151 - WARNING - Enhanced device detection failed, using fallback: winmgmts:.Win32_LogicalDisk
2025-07-09 10:36:21,156 - WARNING - Enhanced device detection failed, using fallback: winmgmts:.Win32_LogicalDisk
2025-07-09 10:36:23,163 - WARNING - Enhanced device detection failed, using fallback: winmgmts:.Win32_LogicalDisk
2025-07-09 10:36:25,169 - WARNING - Enhanced device detection failed, using fallback: winmgmts:.Win32_LogicalDisk
2025-07-09 10:36:27,175 - WARNING - Enhanced device detection failed, using fallback: winmgmts:.Win32_LogicalDisk
2025-07-09 10:36:29,181 - WARNING - Enhanced device detection failed, using fallback: winmgmts:.Win32_LogicalDisk
2025-07-09 10:36:31,187 - WARNING - Enhanced device detection failed, using fallback: winmgmts:.Win32_LogicalDisk
2025-07-09 10:36:33,193 - WARNING - Enhanced device detection failed, using fallback: winmgmts:.Win32_LogicalDisk
2025-07-09 10:36:35,198 - WARNING - Enhanced device detection failed, using fallback: winmgmts:.Win32_LogicalDisk
2025-07-09 10:36:37,203 - WARNING - Enhanced device detection failed, using fallback: winmgmts:.Win32_LogicalDisk
2025-07-09 10:36:39,209 - WARNING - Enhanced device detection failed, using fallback: winmgmts:.Win32_LogicalDisk
2025-07-09 10:36:41,214 - WARNING - Enhanced device detection failed, using fallback: winmgmts:.Win32_LogicalDisk
2025-07-09 10:36:43,219 - WARNING - Enhanced device detection failed, using fallback: winmgmts:.Win32_LogicalDisk
2025-07-09 10:36:45,227 - WARNING - Enhanced device detection failed, using fallback: winmgmts:.Win32_LogicalDisk
2025-07-09 10:36:47,232 - WARNING - Enhanced device detection failed, using fallback: winmgmts:.Win32_LogicalDisk
2025-07-09 10:36:49,236 - WARNING - Enhanced device detection failed, using fallback: winmgmts:.Win32_LogicalDisk
2025-07-09 10:36:51,243 - WARNING - Enhanced device detection failed, using fallback: winmgmts:.Win32_LogicalDisk
2025-07-09 10:36:53,248 - WARNING - Enhanced device detection failed, using fallback: winmgmts:.Win32_LogicalDisk
2025-07-09 10:36:55,254 - WARNING - Enhanced device detection failed, using fallback: winmgmts:.Win32_LogicalDisk
2025-07-09 10:36:57,259 - WARNING - Enhanced device detection failed, using fallback: winmgmts:.Win32_LogicalDisk
2025-07-09 10:36:59,265 - WARNING - Enhanced device detection failed, using fallback: winmgmts:.Win32_LogicalDisk
2025-07-09 10:37:01,271 - WARNING - Enhanced device detection failed, using fallback: winmgmts:.Win32_LogicalDisk
2025-07-09 10:37:03,276 - WARNING - Enhanced device detection failed, using fallback: winmgmts:.Win32_LogicalDisk
2025-07-09 10:37:05,283 - WARNING - Enhanced device detection failed, using fallback: winmgmts:.Win32_LogicalDisk
2025-07-09 10:37:07,289 - WARNING - Enhanced device detection failed, using fallback: winmgmts:.Win32_LogicalDisk
2025-07-09 10:37:09,296 - WARNING - Enhanced device detection failed, using fallback: winmgmts:.Win32_LogicalDisk
2025-07-09 10:37:11,301 - WARNING - Enhanced device detection failed, using fallback: winmgmts:.Win32_LogicalDisk
2025-07-09 10:37:13,307 - WARNING - Enhanced device detection failed, using fallback: winmgmts:.Win32_LogicalDisk
2025-07-09 10:37:15,314 - WARNING - Enhanced device detection failed, using fallback: winmgmts:.Win32_LogicalDisk
2025-07-09 10:37:17,319 - WARNING - Enhanced device detection failed, using fallback: winmgmts:.Win32_LogicalDisk
2025-07-09 10:37:19,326 - WARNING - Enhanced device detection failed, using fallback: winmgmts:.Win32_LogicalDisk
2025-07-09 10:37:21,332 - WARNING - Enhanced device detection failed, using fallback: winmgmts:.Win32_LogicalDisk
2025-07-09 10:37:23,339 - WARNING - Enhanced device detection failed, using fallback: winmgmts:.Win32_LogicalDisk
2025-07-09 10:37:25,344 - WARNING - Enhanced device detection failed, using fallback: winmgmts:.Win32_LogicalDisk
2025-07-09 10:37:27,349 - WARNING - Enhanced device detection failed, using fallback: winmgmts:.Win32_LogicalDisk
2025-07-09 10:37:29,356 - WARNING - Enhanced device detection failed, using fallback: winmgmts:.Win32_LogicalDisk
2025-07-09 10:37:31,361 - WARNING - Enhanced device detection failed, using fallback: winmgmts:.Win32_LogicalDisk
2025-07-09 10:37:33,366 - WARNING - Enhanced device detection failed, using fallback: winmgmts:.Win32_LogicalDisk
2025-07-09 10:37:35,372 - WARNING - Enhanced device detection failed, using fallback: winmgmts:.Win32_LogicalDisk
2025-07-09 10:37:37,379 - WARNING - Enhanced device detection failed, using fallback: winmgmts:.Win32_LogicalDisk
2025-07-09 10:37:39,384 - WARNING - Enhanced device detection failed, using fallback: winmgmts:.Win32_LogicalDisk
2025-07-09 10:37:41,389 - WARNING - Enhanced device detection failed, using fallback: winmgmts:.Win32_LogicalDisk
2025-07-09 10:37:43,394 - WARNING - Enhanced device detection failed, using fallback: winmgmts:.Win32_LogicalDisk
2025-07-09 10:37:45,401 - WARNING - Enhanced device detection failed, using fallback: winmgmts:.Win32_LogicalDisk
2025-07-09 10:37:47,406 - WARNING - Enhanced device detection failed, using fallback: winmgmts:.Win32_LogicalDisk
2025-07-09 10:37:49,412 - WARNING - Enhanced device detection failed, using fallback: winmgmts:.Win32_LogicalDisk
2025-07-09 10:37:51,417 - WARNING - Enhanced device detection failed, using fallback: winmgmts:.Win32_LogicalDisk
2025-07-09 10:37:53,422 - WARNING - Enhanced device detection failed, using fallback: winmgmts:.Win32_LogicalDisk
2025-07-09 10:37:55,427 - WARNING - Enhanced device detection failed, using fallback: winmgmts:.Win32_LogicalDisk
2025-07-09 10:37:57,433 - WARNING - Enhanced device detection failed, using fallback: winmgmts:.Win32_LogicalDisk
2025-07-09 10:37:59,439 - WARNING - Enhanced device detection failed, using fallback: winmgmts:.Win32_LogicalDisk
2025-07-09 10:38:01,446 - WARNING - Enhanced device detection failed, using fallback: winmgmts:.Win32_LogicalDisk
2025-07-09 10:38:03,452 - WARNING - Enhanced device detection failed, using fallback: winmgmts:.Win32_LogicalDisk
2025-07-09 10:38:05,458 - WARNING - Enhanced device detection failed, using fallback: winmgmts:.Win32_LogicalDisk
2025-07-09 10:38:07,463 - WARNING - Enhanced device detection failed, using fallback: winmgmts:.Win32_LogicalDisk
2025-07-09 10:38:09,468 - WARNING - Enhanced device detection failed, using fallback: winmgmts:.Win32_LogicalDisk
2025-07-09 10:38:11,473 - WARNING - Enhanced device detection failed, using fallback: winmgmts:.Win32_LogicalDisk
2025-07-09 10:38:13,479 - WARNING - Enhanced device detection failed, using fallback: winmgmts:.Win32_LogicalDisk
2025-07-09 10:38:15,485 - WARNING - Enhanced device detection failed, using fallback: winmgmts:.Win32_LogicalDisk
2025-07-09 10:38:17,490 - WARNING - Enhanced device detection failed, using fallback: winmgmts:.Win32_LogicalDisk
2025-07-09 10:38:19,495 - WARNING - Enhanced device detection failed, using fallback: winmgmts:.Win32_LogicalDisk
2025-07-09 10:38:21,502 - WARNING - Enhanced device detection failed, using fallback: winmgmts:.Win32_LogicalDisk
2025-07-09 10:38:23,508 - WARNING - Enhanced device detection failed, using fallback: winmgmts:.Win32_LogicalDisk
2025-07-09 10:38:25,513 - WARNING - Enhanced device detection failed, using fallback: winmgmts:.Win32_LogicalDisk
2025-07-09 10:38:27,520 - WARNING - Enhanced device detection failed, using fallback: winmgmts:.Win32_LogicalDisk
2025-07-09 10:38:29,526 - WARNING - Enhanced device detection failed, using fallback: winmgmts:.Win32_LogicalDisk
2025-07-09 10:38:31,532 - WARNING - Enhanced device detection failed, using fallback: winmgmts:.Win32_LogicalDisk
2025-07-09 10:38:33,538 - WARNING - Enhanced device detection failed, using fallback: winmgmts:.Win32_LogicalDisk
2025-07-09 10:38:35,543 - WARNING - Enhanced device detection failed, using fallback: winmgmts:.Win32_LogicalDisk
2025-07-09 10:38:37,550 - WARNING - Enhanced device detection failed, using fallback: winmgmts:.Win32_LogicalDisk
2025-07-09 10:38:39,555 - WARNING - Enhanced device detection failed, using fallback: winmgmts:.Win32_LogicalDisk
2025-07-09 10:38:41,559 - WARNING - Enhanced device detection failed, using fallback: winmgmts:.Win32_LogicalDisk
2025-07-09 10:38:43,566 - WARNING - Enhanced device detection failed, using fallback: winmgmts:.Win32_LogicalDisk
2025-07-09 10:38:45,569 - WARNING - Enhanced device detection failed, using fallback: winmgmts:.Win32_LogicalDisk
2025-07-09 10:38:47,574 - WARNING - Enhanced device detection failed, using fallback: winmgmts:.Win32_LogicalDisk
2025-07-09 10:38:49,581 - WARNING - Enhanced device detection failed, using fallback: winmgmts:.Win32_LogicalDisk
2025-07-09 10:38:51,586 - WARNING - Enhanced device detection failed, using fallback: winmgmts:.Win32_LogicalDisk
2025-07-09 10:38:53,591 - WARNING - Enhanced device detection failed, using fallback: winmgmts:.Win32_LogicalDisk
2025-07-09 10:38:55,597 - WARNING - Enhanced device detection failed, using fallback: winmgmts:.Win32_LogicalDisk
2025-07-09 10:38:57,603 - WARNING - Enhanced device detection failed, using fallback: winmgmts:.Win32_LogicalDisk
2025-07-09 10:38:59,610 - WARNING - Enhanced device detection failed, using fallback: winmgmts:.Win32_LogicalDisk
2025-07-09 10:39:01,614 - WARNING - Enhanced device detection failed, using fallback: winmgmts:.Win32_LogicalDisk
2025-07-09 10:39:03,621 - WARNING - Enhanced device detection failed, using fallback: winmgmts:.Win32_LogicalDisk
2025-07-09 10:39:05,627 - WARNING - Enhanced device detection failed, using fallback: winmgmts:.Win32_LogicalDisk
2025-07-09 10:39:07,632 - WARNING - Enhanced device detection failed, using fallback: winmgmts:.Win32_LogicalDisk
2025-07-09 10:39:09,636 - WARNING - Enhanced device detection failed, using fallback: winmgmts:.Win32_LogicalDisk
2025-07-09 10:39:11,643 - WARNING - Enhanced device detection failed, using fallback: winmgmts:.Win32_LogicalDisk
2025-07-09 10:39:13,650 - WARNING - Enhanced device detection failed, using fallback: winmgmts:.Win32_LogicalDisk
2025-07-09 10:39:15,655 - WARNING - Enhanced device detection failed, using fallback: winmgmts:.Win32_LogicalDisk
2025-07-09 10:39:17,663 - WARNING - Enhanced device detection failed, using fallback: winmgmts:.Win32_LogicalDisk
2025-07-09 10:39:19,668 - WARNING - Enhanced device detection failed, using fallback: winmgmts:.Win32_LogicalDisk
2025-07-09 10:39:21,675 - WARNING - Enhanced device detection failed, using fallback: winmgmts:.Win32_LogicalDisk
2025-07-09 10:39:23,680 - WARNING - Enhanced device detection failed, using fallback: winmgmts:.Win32_LogicalDisk
2025-07-09 10:39:25,685 - WARNING - Enhanced device detection failed, using fallback: winmgmts:.Win32_LogicalDisk
2025-07-09 10:39:27,691 - WARNING - Enhanced device detection failed, using fallback: winmgmts:.Win32_LogicalDisk
2025-07-09 10:39:29,697 - WARNING - Enhanced device detection failed, using fallback: winmgmts:.Win32_LogicalDisk
2025-07-09 10:39:31,702 - WARNING - Enhanced device detection failed, using fallback: winmgmts:.Win32_LogicalDisk
2025-07-09 10:39:33,708 - WARNING - Enhanced device detection failed, using fallback: winmgmts:.Win32_LogicalDisk
2025-07-09 10:39:35,717 - WARNING - Enhanced device detection failed, using fallback: winmgmts:.Win32_LogicalDisk
2025-07-09 10:39:37,723 - WARNING - Enhanced device detection failed, using fallback: winmgmts:.Win32_LogicalDisk
2025-07-09 10:39:39,727 - WARNING - Enhanced device detection failed, using fallback: winmgmts:.Win32_LogicalDisk
2025-07-09 10:39:41,731 - WARNING - Enhanced device detection failed, using fallback: winmgmts:.Win32_LogicalDisk
2025-07-09 10:39:43,738 - WARNING - Enhanced device detection failed, using fallback: winmgmts:.Win32_LogicalDisk
2025-07-09 10:39:45,743 - WARNING - Enhanced device detection failed, using fallback: winmgmts:.Win32_LogicalDisk
2025-07-09 10:39:47,751 - WARNING - Enhanced device detection failed, using fallback: winmgmts:.Win32_LogicalDisk
2025-07-09 10:39:49,755 - WARNING - Enhanced device detection failed, using fallback: winmgmts:.Win32_LogicalDisk
2025-07-09 10:39:51,761 - WARNING - Enhanced device detection failed, using fallback: winmgmts:.Win32_LogicalDisk
2025-07-09 10:39:53,767 - WARNING - Enhanced device detection failed, using fallback: winmgmts:.Win32_LogicalDisk
2025-07-09 10:39:55,772 - WARNING - Enhanced device detection failed, using fallback: winmgmts:.Win32_LogicalDisk
2025-07-09 10:39:57,778 - WARNING - Enhanced device detection failed, using fallback: winmgmts:.Win32_LogicalDisk
2025-07-09 10:39:59,784 - WARNING - Enhanced device detection failed, using fallback: winmgmts:.Win32_LogicalDisk
2025-07-09 10:40:01,790 - WARNING - Enhanced device detection failed, using fallback: winmgmts:.Win32_LogicalDisk
2025-07-09 10:40:03,796 - WARNING - Enhanced device detection failed, using fallback: winmgmts:.Win32_LogicalDisk
2025-07-09 10:40:05,801 - WARNING - Enhanced device detection failed, using fallback: winmgmts:.Win32_LogicalDisk
2025-07-09 10:40:07,808 - WARNING - Enhanced device detection failed, using fallback: winmgmts:.Win32_LogicalDisk
2025-07-09 10:40:09,813 - WARNING - Enhanced device detection failed, using fallback: winmgmts:.Win32_LogicalDisk
2025-07-09 10:40:11,819 - WARNING - Enhanced device detection failed, using fallback: winmgmts:.Win32_LogicalDisk
2025-07-09 10:40:13,822 - WARNING - Enhanced device detection failed, using fallback: winmgmts:.Win32_LogicalDisk
2025-07-09 10:40:15,828 - WARNING - Enhanced device detection failed, using fallback: winmgmts:.Win32_LogicalDisk
2025-07-09 10:40:17,834 - WARNING - Enhanced device detection failed, using fallback: winmgmts:.Win32_LogicalDisk
2025-07-09 10:40:19,841 - WARNING - Enhanced device detection failed, using fallback: winmgmts:.Win32_LogicalDisk
2025-07-09 10:40:21,847 - WARNING - Enhanced device detection failed, using fallback: winmgmts:.Win32_LogicalDisk
2025-07-09 10:40:23,852 - WARNING - Enhanced device detection failed, using fallback: winmgmts:.Win32_LogicalDisk
2025-07-09 10:40:25,857 - WARNING - Enhanced device detection failed, using fallback: winmgmts:.Win32_LogicalDisk
2025-07-09 10:40:27,862 - WARNING - Enhanced device detection failed, using fallback: winmgmts:.Win32_LogicalDisk
2025-07-09 10:40:29,867 - WARNING - Enhanced device detection failed, using fallback: winmgmts:.Win32_LogicalDisk
2025-07-09 10:40:31,872 - WARNING - Enhanced device detection failed, using fallback: winmgmts:.Win32_LogicalDisk
2025-07-09 10:40:33,878 - WARNING - Enhanced device detection failed, using fallback: winmgmts:.Win32_LogicalDisk
2025-07-09 10:40:35,884 - WARNING - Enhanced device detection failed, using fallback: winmgmts:.Win32_LogicalDisk
2025-07-09 10:40:37,890 - WARNING - Enhanced device detection failed, using fallback: winmgmts:.Win32_LogicalDisk
2025-07-09 10:40:39,895 - WARNING - Enhanced device detection failed, using fallback: winmgmts:.Win32_LogicalDisk
2025-07-09 10:40:41,899 - WARNING - Enhanced device detection failed, using fallback: winmgmts:.Win32_LogicalDisk
2025-07-09 10:40:43,905 - WARNING - Enhanced device detection failed, using fallback: winmgmts:.Win32_LogicalDisk
2025-07-09 10:40:45,910 - WARNING - Enhanced device detection failed, using fallback: winmgmts:.Win32_LogicalDisk
2025-07-09 10:40:47,917 - WARNING - Enhanced device detection failed, using fallback: winmgmts:.Win32_LogicalDisk
2025-07-09 10:40:49,923 - WARNING - Enhanced device detection failed, using fallback: winmgmts:.Win32_LogicalDisk
2025-07-09 10:40:51,928 - WARNING - Enhanced device detection failed, using fallback: winmgmts:.Win32_LogicalDisk
2025-07-09 10:40:53,934 - WARNING - Enhanced device detection failed, using fallback: winmgmts:.Win32_LogicalDisk
2025-07-09 10:40:55,939 - WARNING - Enhanced device detection failed, using fallback: winmgmts:.Win32_LogicalDisk
2025-07-09 10:40:57,945 - WARNING - Enhanced device detection failed, using fallback: winmgmts:.Win32_LogicalDisk
2025-07-09 10:40:59,953 - WARNING - Enhanced device detection failed, using fallback: winmgmts:.Win32_LogicalDisk
2025-07-09 10:41:01,958 - WARNING - Enhanced device detection failed, using fallback: winmgmts:.Win32_LogicalDisk
2025-07-09 10:41:03,963 - WARNING - Enhanced device detection failed, using fallback: winmgmts:.Win32_LogicalDisk
2025-07-09 10:41:05,970 - WARNING - Enhanced device detection failed, using fallback: winmgmts:.Win32_LogicalDisk
2025-07-09 10:41:07,976 - WARNING - Enhanced device detection failed, using fallback: winmgmts:.Win32_LogicalDisk
2025-07-09 10:41:09,980 - WARNING - Enhanced device detection failed, using fallback: winmgmts:.Win32_LogicalDisk
2025-07-09 10:41:11,987 - WARNING - Enhanced device detection failed, using fallback: winmgmts:.Win32_LogicalDisk
2025-07-09 10:41:13,993 - WARNING - Enhanced device detection failed, using fallback: winmgmts:.Win32_LogicalDisk
2025-07-09 10:41:15,999 - WARNING - Enhanced device detection failed, using fallback: winmgmts:.Win32_LogicalDisk
2025-07-09 10:41:18,006 - WARNING - Enhanced device detection failed, using fallback: winmgmts:.Win32_LogicalDisk
2025-07-09 10:41:20,013 - WARNING - Enhanced device detection failed, using fallback: winmgmts:.Win32_LogicalDisk
2025-07-09 10:41:22,022 - WARNING - Enhanced device detection failed, using fallback: winmgmts:.Win32_LogicalDisk
2025-07-09 10:41:24,027 - WARNING - Enhanced device detection failed, using fallback: winmgmts:.Win32_LogicalDisk
2025-07-09 10:41:26,039 - WARNING - Enhanced device detection failed, using fallback: winmgmts:.Win32_LogicalDisk
2025-07-09 10:41:28,054 - WARNING - Enhanced device detection failed, using fallback: winmgmts:.Win32_LogicalDisk
2025-07-09 10:41:30,068 - WARNING - Enhanced device detection failed, using fallback: winmgmts:.Win32_LogicalDisk
2025-07-09 10:41:32,074 - WARNING - Enhanced device detection failed, using fallback: winmgmts:.Win32_LogicalDisk
2025-07-09 10:41:34,084 - WARNING - Enhanced device detection failed, using fallback: winmgmts:.Win32_LogicalDisk
2025-07-09 10:41:36,089 - WARNING - Enhanced device detection failed, using fallback: winmgmts:.Win32_LogicalDisk
2025-07-09 10:41:38,094 - WARNING - Enhanced device detection failed, using fallback: winmgmts:.Win32_LogicalDisk
2025-07-09 10:41:40,100 - WARNING - Enhanced device detection failed, using fallback: winmgmts:.Win32_LogicalDisk
2025-07-09 10:41:42,107 - WARNING - Enhanced device detection failed, using fallback: winmgmts:.Win32_LogicalDisk
2025-07-09 10:41:44,114 - WARNING - Enhanced device detection failed, using fallback: winmgmts:.Win32_LogicalDisk
2025-07-09 10:41:46,120 - WARNING - Enhanced device detection failed, using fallback: winmgmts:.Win32_LogicalDisk
2025-07-09 10:41:48,129 - WARNING - Enhanced device detection failed, using fallback: winmgmts:.Win32_LogicalDisk
2025-07-09 10:41:50,134 - WARNING - Enhanced device detection failed, using fallback: winmgmts:.Win32_LogicalDisk
2025-07-09 10:41:52,140 - WARNING - Enhanced device detection failed, using fallback: winmgmts:.Win32_LogicalDisk
2025-07-09 10:41:54,145 - WARNING - Enhanced device detection failed, using fallback: winmgmts:.Win32_LogicalDisk
2025-07-09 10:41:56,151 - WARNING - Enhanced device detection failed, using fallback: winmgmts:.Win32_LogicalDisk
2025-07-09 10:41:58,156 - WARNING - Enhanced device detection failed, using fallback: winmgmts:.Win32_LogicalDisk
2025-07-09 10:42:00,162 - WARNING - Enhanced device detection failed, using fallback: winmgmts:.Win32_LogicalDisk
2025-07-09 10:42:02,168 - WARNING - Enhanced device detection failed, using fallback: winmgmts:.Win32_LogicalDisk
2025-07-09 10:42:04,178 - WARNING - Enhanced device detection failed, using fallback: winmgmts:.Win32_LogicalDisk
2025-07-09 10:42:06,185 - WARNING - Enhanced device detection failed, using fallback: winmgmts:.Win32_LogicalDisk
2025-07-09 10:42:08,191 - WARNING - Enhanced device detection failed, using fallback: winmgmts:.Win32_LogicalDisk
2025-07-09 10:42:10,196 - WARNING - Enhanced device detection failed, using fallback: winmgmts:.Win32_LogicalDisk
2025-07-09 10:42:12,203 - WARNING - Enhanced device detection failed, using fallback: winmgmts:.Win32_LogicalDisk
2025-07-09 10:42:14,215 - WARNING - Enhanced device detection failed, using fallback: winmgmts:.Win32_LogicalDisk
2025-07-09 10:42:16,220 - WARNING - Enhanced device detection failed, using fallback: winmgmts:.Win32_LogicalDisk
2025-07-09 10:42:18,226 - WARNING - Enhanced device detection failed, using fallback: winmgmts:.Win32_LogicalDisk
2025-07-09 10:42:20,232 - WARNING - Enhanced device detection failed, using fallback: winmgmts:.Win32_LogicalDisk
2025-07-09 10:42:22,237 - WARNING - Enhanced device detection failed, using fallback: winmgmts:.Win32_LogicalDisk
2025-07-09 10:42:24,243 - WARNING - Enhanced device detection failed, using fallback: winmgmts:.Win32_LogicalDisk
2025-07-09 10:42:26,249 - WARNING - Enhanced device detection failed, using fallback: winmgmts:.Win32_LogicalDisk
2025-07-09 10:42:28,255 - WARNING - Enhanced device detection failed, using fallback: winmgmts:.Win32_LogicalDisk
2025-07-09 10:42:30,261 - WARNING - Enhanced device detection failed, using fallback: winmgmts:.Win32_LogicalDisk
2025-07-09 10:42:32,267 - WARNING - Enhanced device detection failed, using fallback: winmgmts:.Win32_LogicalDisk
2025-07-09 10:42:34,272 - WARNING - Enhanced device detection failed, using fallback: winmgmts:.Win32_LogicalDisk
2025-07-09 10:42:36,277 - WARNING - Enhanced device detection failed, using fallback: winmgmts:.Win32_LogicalDisk
2025-07-09 10:42:38,283 - WARNING - Enhanced device detection failed, using fallback: winmgmts:.Win32_LogicalDisk
2025-07-09 10:42:40,290 - WARNING - Enhanced device detection failed, using fallback: winmgmts:.Win32_LogicalDisk
2025-07-09 10:42:42,296 - WARNING - Enhanced device detection failed, using fallback: winmgmts:.Win32_LogicalDisk
2025-07-09 10:42:44,302 - WARNING - Enhanced device detection failed, using fallback: winmgmts:.Win32_LogicalDisk
2025-07-09 10:42:46,308 - WARNING - Enhanced device detection failed, using fallback: winmgmts:.Win32_LogicalDisk
2025-07-09 10:42:48,313 - WARNING - Enhanced device detection failed, using fallback: winmgmts:.Win32_LogicalDisk
2025-07-09 10:42:50,318 - WARNING - Enhanced device detection failed, using fallback: winmgmts:.Win32_LogicalDisk
2025-07-09 10:42:52,328 - WARNING - Enhanced device detection failed, using fallback: winmgmts:.Win32_LogicalDisk
2025-07-09 10:42:54,349 - WARNING - Enhanced device detection failed, using fallback: winmgmts:.Win32_LogicalDisk
2025-07-09 10:42:56,355 - WARNING - Enhanced device detection failed, using fallback: winmgmts:.Win32_LogicalDisk
2025-07-09 10:42:58,368 - WARNING - Enhanced device detection failed, using fallback: winmgmts:.Win32_LogicalDisk
2025-07-09 10:43:00,375 - WARNING - Enhanced device detection failed, using fallback: winmgmts:.Win32_LogicalDisk
2025-07-09 10:43:02,379 - WARNING - Enhanced device detection failed, using fallback: winmgmts:.Win32_LogicalDisk
2025-07-09 10:43:04,386 - WARNING - Enhanced device detection failed, using fallback: winmgmts:.Win32_LogicalDisk
2025-07-09 10:43:06,392 - WARNING - Enhanced device detection failed, using fallback: winmgmts:.Win32_LogicalDisk
2025-07-09 10:43:08,398 - WARNING - Enhanced device detection failed, using fallback: winmgmts:.Win32_LogicalDisk
2025-07-09 10:43:10,405 - WARNING - Enhanced device detection failed, using fallback: winmgmts:.Win32_LogicalDisk
2025-07-09 10:43:12,412 - WARNING - Enhanced device detection failed, using fallback: winmgmts:.Win32_LogicalDisk
2025-07-09 10:43:14,417 - WARNING - Enhanced device detection failed, using fallback: winmgmts:.Win32_LogicalDisk
2025-07-09 10:43:16,423 - WARNING - Enhanced device detection failed, using fallback: winmgmts:.Win32_LogicalDisk
2025-07-09 10:43:18,430 - WARNING - Enhanced device detection failed, using fallback: winmgmts:.Win32_LogicalDisk
2025-07-09 10:43:20,436 - WARNING - Enhanced device detection failed, using fallback: winmgmts:.Win32_LogicalDisk
2025-07-09 10:43:22,441 - WARNING - Enhanced device detection failed, using fallback: winmgmts:.Win32_LogicalDisk
2025-07-09 10:43:24,446 - WARNING - Enhanced device detection failed, using fallback: winmgmts:.Win32_LogicalDisk
2025-07-09 10:43:26,451 - WARNING - Enhanced device detection failed, using fallback: winmgmts:.Win32_LogicalDisk
2025-07-09 10:43:28,456 - WARNING - Enhanced device detection failed, using fallback: winmgmts:.Win32_LogicalDisk
2025-07-09 10:43:30,463 - WARNING - Enhanced device detection failed, using fallback: winmgmts:.Win32_LogicalDisk
2025-07-09 10:43:32,468 - WARNING - Enhanced device detection failed, using fallback: winmgmts:.Win32_LogicalDisk
2025-07-09 10:43:34,474 - WARNING - Enhanced device detection failed, using fallback: winmgmts:.Win32_LogicalDisk
2025-07-09 10:43:36,482 - WARNING - Enhanced device detection failed, using fallback: winmgmts:.Win32_LogicalDisk
2025-07-09 10:43:38,488 - WARNING - Enhanced device detection failed, using fallback: winmgmts:.Win32_LogicalDisk
2025-07-09 10:43:40,494 - WARNING - Enhanced device detection failed, using fallback: winmgmts:.Win32_LogicalDisk
2025-07-09 10:43:42,500 - WARNING - Enhanced device detection failed, using fallback: winmgmts:.Win32_LogicalDisk
2025-07-09 10:43:44,507 - WARNING - Enhanced device detection failed, using fallback: winmgmts:.Win32_LogicalDisk
2025-07-09 10:43:46,513 - WARNING - Enhanced device detection failed, using fallback: winmgmts:.Win32_LogicalDisk
2025-07-09 10:43:48,518 - WARNING - Enhanced device detection failed, using fallback: winmgmts:.Win32_LogicalDisk
2025-07-09 10:43:50,530 - WARNING - Enhanced device detection failed, using fallback: winmgmts:.Win32_LogicalDisk
2025-07-09 10:43:52,539 - WARNING - Enhanced device detection failed, using fallback: winmgmts:.Win32_LogicalDisk
2025-07-09 10:43:54,544 - WARNING - Enhanced device detection failed, using fallback: winmgmts:.Win32_LogicalDisk
2025-07-09 10:43:56,551 - WARNING - Enhanced device detection failed, using fallback: winmgmts:.Win32_LogicalDisk
2025-07-09 10:43:58,557 - WARNING - Enhanced device detection failed, using fallback: winmgmts:.Win32_LogicalDisk
2025-07-09 10:44:00,563 - WARNING - Enhanced device detection failed, using fallback: winmgmts:.Win32_LogicalDisk
2025-07-09 10:44:02,574 - WARNING - Enhanced device detection failed, using fallback: winmgmts:.Win32_LogicalDisk
2025-07-09 10:44:04,601 - WARNING - Enhanced device detection failed, using fallback: winmgmts:.Win32_LogicalDisk
2025-07-09 10:44:06,606 - WARNING - Enhanced device detection failed, using fallback: winmgmts:.Win32_LogicalDisk
2025-07-09 10:44:08,612 - WARNING - Enhanced device detection failed, using fallback: winmgmts:.Win32_LogicalDisk
2025-07-09 10:44:10,618 - WARNING - Enhanced device detection failed, using fallback: winmgmts:.Win32_LogicalDisk
2025-07-09 10:44:12,627 - WARNING - Enhanced device detection failed, using fallback: winmgmts:.Win32_LogicalDisk
2025-07-09 10:44:14,633 - WARNING - Enhanced device detection failed, using fallback: winmgmts:.Win32_LogicalDisk
2025-07-09 10:44:16,640 - WARNING - Enhanced device detection failed, using fallback: winmgmts:.Win32_LogicalDisk
2025-07-09 10:44:18,646 - WARNING - Enhanced device detection failed, using fallback: winmgmts:.Win32_LogicalDisk
2025-07-09 10:44:20,652 - WARNING - Enhanced device detection failed, using fallback: winmgmts:.Win32_LogicalDisk
2025-07-09 10:44:22,658 - WARNING - Enhanced device detection failed, using fallback: winmgmts:.Win32_LogicalDisk
2025-07-09 10:44:24,662 - WARNING - Enhanced device detection failed, using fallback: winmgmts:.Win32_LogicalDisk
2025-07-09 10:44:26,670 - WARNING - Enhanced device detection failed, using fallback: winmgmts:.Win32_LogicalDisk
2025-07-09 10:44:28,674 - WARNING - Enhanced device detection failed, using fallback: winmgmts:.Win32_LogicalDisk
2025-07-09 10:44:30,688 - WARNING - Enhanced device detection failed, using fallback: winmgmts:.Win32_LogicalDisk
2025-07-09 10:44:32,739 - WARNING - Enhanced device detection failed, using fallback: winmgmts:.Win32_LogicalDisk
2025-07-09 10:44:34,744 - WARNING - Enhanced device detection failed, using fallback: winmgmts:.Win32_LogicalDisk
2025-07-09 10:44:36,749 - WARNING - Enhanced device detection failed, using fallback: winmgmts:.Win32_LogicalDisk
2025-07-09 10:44:38,754 - WARNING - Enhanced device detection failed, using fallback: winmgmts:.Win32_LogicalDisk
2025-07-09 10:44:40,760 - WARNING - Enhanced device detection failed, using fallback: winmgmts:.Win32_LogicalDisk
2025-07-09 10:44:42,765 - WARNING - Enhanced device detection failed, using fallback: winmgmts:.Win32_LogicalDisk
2025-07-09 10:44:44,770 - WARNING - Enhanced device detection failed, using fallback: winmgmts:.Win32_LogicalDisk
2025-07-09 10:44:46,776 - WARNING - Enhanced device detection failed, using fallback: winmgmts:.Win32_LogicalDisk
2025-07-09 10:44:48,781 - WARNING - Enhanced device detection failed, using fallback: winmgmts:.Win32_LogicalDisk
2025-07-09 10:44:50,789 - WARNING - Enhanced device detection failed, using fallback: winmgmts:.Win32_LogicalDisk
2025-07-09 10:44:52,795 - WARNING - Enhanced device detection failed, using fallback: winmgmts:.Win32_LogicalDisk
2025-07-09 10:44:54,802 - WARNING - Enhanced device detection failed, using fallback: winmgmts:.Win32_LogicalDisk
2025-07-09 10:44:56,807 - WARNING - Enhanced device detection failed, using fallback: winmgmts:.Win32_LogicalDisk
2025-07-09 10:44:58,813 - WARNING - Enhanced device detection failed, using fallback: winmgmts:.Win32_LogicalDisk
2025-07-09 10:45:00,819 - WARNING - Enhanced device detection failed, using fallback: winmgmts:.Win32_LogicalDisk
2025-07-09 10:45:02,824 - WARNING - Enhanced device detection failed, using fallback: winmgmts:.Win32_LogicalDisk
2025-07-09 10:45:04,830 - WARNING - Enhanced device detection failed, using fallback: winmgmts:.Win32_LogicalDisk
2025-07-09 10:45:06,837 - WARNING - Enhanced device detection failed, using fallback: winmgmts:.Win32_LogicalDisk
2025-07-09 10:45:08,842 - WARNING - Enhanced device detection failed, using fallback: winmgmts:.Win32_LogicalDisk
2025-07-09 10:45:10,852 - WARNING - Enhanced device detection failed, using fallback: winmgmts:.Win32_LogicalDisk
2025-07-09 10:45:12,858 - WARNING - Enhanced device detection failed, using fallback: winmgmts:.Win32_LogicalDisk
2025-07-09 10:45:14,864 - WARNING - Enhanced device detection failed, using fallback: winmgmts:.Win32_LogicalDisk
2025-07-09 10:45:16,870 - WARNING - Enhanced device detection failed, using fallback: winmgmts:.Win32_LogicalDisk
2025-07-09 10:45:18,875 - WARNING - Enhanced device detection failed, using fallback: winmgmts:.Win32_LogicalDisk
2025-07-09 10:45:20,881 - WARNING - Enhanced device detection failed, using fallback: winmgmts:.Win32_LogicalDisk
2025-07-09 10:45:22,885 - WARNING - Enhanced device detection failed, using fallback: winmgmts:.Win32_LogicalDisk
2025-07-09 10:45:24,892 - WARNING - Enhanced device detection failed, using fallback: winmgmts:.Win32_LogicalDisk
2025-07-09 11:04:33,014 - WARNING - Enhanced device detection failed, using fallback: winmgmts:.Win32_LogicalDisk
2025-07-09 11:04:35,091 - WARNING - Enhanced device detection failed, using fallback: winmgmts:.Win32_LogicalDisk
2025-07-09 11:04:37,130 - WARNING - Enhanced device detection failed, using fallback: winmgmts:.Win32_LogicalDisk
2025-07-09 11:08:36,836 - WARNING - Enhanced device detection failed, using fallback: winmgmts:.Win32_LogicalDisk
2025-07-09 11:08:38,848 - WARNING - Enhanced device detection failed, using fallback: winmgmts:.Win32_LogicalDisk
2025-07-09 11:08:40,857 - WARNING - Enhanced device detection failed, using fallback: winmgmts:.Win32_LogicalDisk
2025-07-09 11:08:42,891 - WARNING - Enhanced device detection failed, using fallback: winmgmts:.Win32_LogicalDisk
2025-07-09 11:08:44,920 - WARNING - Enhanced device detection failed, using fallback: winmgmts:.Win32_LogicalDisk
2025-07-09 11:08:46,931 - WARNING - Enhanced device detection failed, using fallback: winmgmts:.Win32_LogicalDisk
2025-07-09 11:08:48,971 - WARNING - Enhanced device detection failed, using fallback: winmgmts:.Win32_LogicalDisk
2025-07-09 11:08:50,977 - WARNING - Enhanced device detection failed, using fallback: winmgmts:.Win32_LogicalDisk
2025-07-09 11:08:52,984 - WARNING - Enhanced device detection failed, using fallback: winmgmts:.Win32_LogicalDisk
2025-07-09 11:08:54,991 - WARNING - Enhanced device detection failed, using fallback: winmgmts:.Win32_LogicalDisk
2025-07-09 11:08:56,995 - WARNING - Enhanced device detection failed, using fallback: winmgmts:.Win32_LogicalDisk
2025-07-09 11:08:58,998 - WARNING - Enhanced device detection failed, using fallback: winmgmts:.Win32_LogicalDisk
2025-07-09 11:09:01,004 - WARNING - Enhanced device detection failed, using fallback: winmgmts:.Win32_LogicalDisk
2025-07-09 11:09:03,008 - WARNING - Enhanced device detection failed, using fallback: winmgmts:.Win32_LogicalDisk
2025-07-09 11:09:05,014 - WARNING - Enhanced device detection failed, using fallback: winmgmts:.Win32_LogicalDisk
2025-07-09 11:09:07,143 - WARNING - Enhanced device detection failed, using fallback: winmgmts:.Win32_LogicalDisk
2025-07-09 11:09:09,146 - WARNING - Enhanced device detection failed, using fallback: winmgmts:.Win32_LogicalDisk
2025-07-09 11:09:11,150 - WARNING - Enhanced device detection failed, using fallback: winmgmts:.Win32_LogicalDisk
2025-07-09 11:09:13,154 - WARNING - Enhanced device detection failed, using fallback: winmgmts:.Win32_LogicalDisk
2025-07-09 11:09:15,372 - WARNING - Enhanced device detection failed, using fallback: winmgmts:.Win32_LogicalDisk
2025-07-09 11:09:17,375 - WARNING - Enhanced device detection failed, using fallback: winmgmts:.Win32_LogicalDisk
2025-07-09 11:09:19,378 - WARNING - Enhanced device detection failed, using fallback: winmgmts:.Win32_LogicalDisk
2025-07-09 11:09:21,381 - WARNING - Enhanced device detection failed, using fallback: winmgmts:.Win32_LogicalDisk
2025-07-09 11:09:23,384 - WARNING - Enhanced device detection failed, using fallback: winmgmts:.Win32_LogicalDisk
2025-07-09 11:09:25,387 - WARNING - Enhanced device detection failed, using fallback: winmgmts:.Win32_LogicalDisk
2025-07-09 11:09:27,391 - WARNING - Enhanced device detection failed, using fallback: winmgmts:.Win32_LogicalDisk
2025-07-09 11:09:29,396 - WARNING - Enhanced device detection failed, using fallback: winmgmts:.Win32_LogicalDisk
2025-07-09 11:09:31,400 - WARNING - Enhanced device detection failed, using fallback: winmgmts:.Win32_LogicalDisk
2025-07-09 11:09:33,407 - WARNING - Enhanced device detection failed, using fallback: winmgmts:.Win32_LogicalDisk
2025-07-09 11:09:35,412 - WARNING - Enhanced device detection failed, using fallback: winmgmts:.Win32_LogicalDisk
2025-07-09 11:09:37,417 - WARNING - Enhanced device detection failed, using fallback: winmgmts:.Win32_LogicalDisk
2025-07-09 11:09:39,426 - WARNING - Enhanced device detection failed, using fallback: winmgmts:.Win32_LogicalDisk
2025-07-09 11:09:41,431 - WARNING - Enhanced device detection failed, using fallback: winmgmts:.Win32_LogicalDisk
2025-07-09 11:09:43,435 - WARNING - Enhanced device detection failed, using fallback: winmgmts:.Win32_LogicalDisk
2025-07-09 11:09:45,441 - WARNING - Enhanced device detection failed, using fallback: winmgmts:.Win32_LogicalDisk
2025-07-09 11:09:47,443 - WARNING - Enhanced device detection failed, using fallback: winmgmts:.Win32_LogicalDisk
2025-07-09 11:09:49,446 - WARNING - Enhanced device detection failed, using fallback: winmgmts:.Win32_LogicalDisk
2025-07-09 11:09:51,449 - WARNING - Enhanced device detection failed, using fallback: winmgmts:.Win32_LogicalDisk
2025-07-09 11:09:53,454 - WARNING - Enhanced device detection failed, using fallback: winmgmts:.Win32_LogicalDisk
2025-07-09 11:09:55,596 - WARNING - Enhanced device detection failed, using fallback: winmgmts:.Win32_LogicalDisk
2025-07-09 11:09:57,599 - WARNING - Enhanced device detection failed, using fallback: winmgmts:.Win32_LogicalDisk
2025-07-09 11:09:59,603 - WARNING - Enhanced device detection failed, using fallback: winmgmts:.Win32_LogicalDisk
2025-07-09 11:10:01,606 - WARNING - Enhanced device detection failed, using fallback: winmgmts:.Win32_LogicalDisk
2025-07-09 11:10:03,609 - WARNING - Enhanced device detection failed, using fallback: winmgmts:.Win32_LogicalDisk
2025-07-09 11:10:05,613 - WARNING - Enhanced device detection failed, using fallback: winmgmts:.Win32_LogicalDisk
2025-07-09 11:10:07,618 - WARNING - Enhanced device detection failed, using fallback: winmgmts:.Win32_LogicalDisk
2025-07-09 11:10:09,621 - WARNING - Enhanced device detection failed, using fallback: winmgmts:.Win32_LogicalDisk
2025-07-09 11:10:11,624 - WARNING - Enhanced device detection failed, using fallback: winmgmts:.Win32_LogicalDisk
2025-07-09 11:10:13,627 - WARNING - Enhanced device detection failed, using fallback: winmgmts:.Win32_LogicalDisk
2025-07-09 11:10:15,630 - WARNING - Enhanced device detection failed, using fallback: winmgmts:.Win32_LogicalDisk
2025-07-09 11:10:17,633 - WARNING - Enhanced device detection failed, using fallback: winmgmts:.Win32_LogicalDisk
2025-07-09 11:10:19,636 - WARNING - Enhanced device detection failed, using fallback: winmgmts:.Win32_LogicalDisk
2025-07-09 11:10:21,643 - WARNING - Enhanced device detection failed, using fallback: winmgmts:.Win32_LogicalDisk
2025-07-09 11:10:23,648 - WARNING - Enhanced device detection failed, using fallback: winmgmts:.Win32_LogicalDisk
2025-07-09 11:10:25,654 - WARNING - Enhanced device detection failed, using fallback: winmgmts:.Win32_LogicalDisk
2025-07-09 11:10:27,657 - WARNING - Enhanced device detection failed, using fallback: winmgmts:.Win32_LogicalDisk
2025-07-09 11:10:29,661 - WARNING - Enhanced device detection failed, using fallback: winmgmts:.Win32_LogicalDisk
2025-07-09 11:10:31,665 - WARNING - Enhanced device detection failed, using fallback: winmgmts:.Win32_LogicalDisk
2025-07-09 11:10:33,668 - WARNING - Enhanced device detection failed, using fallback: winmgmts:.Win32_LogicalDisk
2025-07-09 11:10:35,674 - WARNING - Enhanced device detection failed, using fallback: winmgmts:.Win32_LogicalDisk
2025-07-09 11:10:37,678 - WARNING - Enhanced device detection failed, using fallback: winmgmts:.Win32_LogicalDisk
2025-07-09 11:10:39,682 - WARNING - Enhanced device detection failed, using fallback: winmgmts:.Win32_LogicalDisk
2025-07-09 11:10:41,686 - WARNING - Enhanced device detection failed, using fallback: winmgmts:.Win32_LogicalDisk
2025-07-09 11:10:43,692 - WARNING - Enhanced device detection failed, using fallback: winmgmts:.Win32_LogicalDisk
2025-07-09 11:10:45,695 - WARNING - Enhanced device detection failed, using fallback: winmgmts:.Win32_LogicalDisk
2025-07-09 11:10:47,699 - WARNING - Enhanced device detection failed, using fallback: winmgmts:.Win32_LogicalDisk
2025-07-09 11:10:49,703 - WARNING - Enhanced device detection failed, using fallback: winmgmts:.Win32_LogicalDisk
2025-07-09 11:10:51,710 - WARNING - Enhanced device detection failed, using fallback: winmgmts:.Win32_LogicalDisk
2025-07-09 11:10:53,713 - WARNING - Enhanced device detection failed, using fallback: winmgmts:.Win32_LogicalDisk
2025-07-09 11:10:55,715 - WARNING - Enhanced device detection failed, using fallback: winmgmts:.Win32_LogicalDisk
2025-07-09 11:10:57,720 - WARNING - Enhanced device detection failed, using fallback: winmgmts:.Win32_LogicalDisk
2025-07-09 11:10:59,725 - WARNING - Enhanced device detection failed, using fallback: winmgmts:.Win32_LogicalDisk
2025-07-09 11:11:01,729 - WARNING - Enhanced device detection failed, using fallback: winmgmts:.Win32_LogicalDisk
2025-07-09 11:11:03,733 - WARNING - Enhanced device detection failed, using fallback: winmgmts:.Win32_LogicalDisk
2025-07-09 11:11:05,737 - WARNING - Enhanced device detection failed, using fallback: winmgmts:.Win32_LogicalDisk
2025-07-09 11:11:07,741 - WARNING - Enhanced device detection failed, using fallback: winmgmts:.Win32_LogicalDisk
2025-07-09 11:11:09,745 - WARNING - Enhanced device detection failed, using fallback: winmgmts:.Win32_LogicalDisk
2025-07-09 11:11:11,750 - WARNING - Enhanced device detection failed, using fallback: winmgmts:.Win32_LogicalDisk
2025-07-09 11:11:13,756 - WARNING - Enhanced device detection failed, using fallback: winmgmts:.Win32_LogicalDisk
2025-07-09 11:11:15,760 - WARNING - Enhanced device detection failed, using fallback: winmgmts:.Win32_LogicalDisk
2025-07-09 11:11:17,763 - WARNING - Enhanced device detection failed, using fallback: winmgmts:.Win32_LogicalDisk
2025-07-09 11:11:19,768 - WARNING - Enhanced device detection failed, using fallback: winmgmts:.Win32_LogicalDisk
2025-07-09 11:11:21,772 - WARNING - Enhanced device detection failed, using fallback: winmgmts:.Win32_LogicalDisk
2025-07-09 11:11:23,776 - WARNING - Enhanced device detection failed, using fallback: winmgmts:.Win32_LogicalDisk
2025-07-09 11:11:25,780 - WARNING - Enhanced device detection failed, using fallback: winmgmts:.Win32_LogicalDisk
2025-07-09 11:11:27,784 - WARNING - Enhanced device detection failed, using fallback: winmgmts:.Win32_LogicalDisk
2025-07-09 11:11:29,789 - WARNING - Enhanced device detection failed, using fallback: winmgmts:.Win32_LogicalDisk
2025-07-09 11:11:31,794 - WARNING - Enhanced device detection failed, using fallback: winmgmts:.Win32_LogicalDisk
2025-07-09 11:11:33,810 - WARNING - Enhanced device detection failed, using fallback: winmgmts:.Win32_LogicalDisk
2025-07-09 11:11:35,815 - WARNING - Enhanced device detection failed, using fallback: winmgmts:.Win32_LogicalDisk
2025-07-09 11:11:37,819 - WARNING - Enhanced device detection failed, using fallback: winmgmts:.Win32_LogicalDisk
2025-07-09 11:11:39,826 - WARNING - Enhanced device detection failed, using fallback: winmgmts:.Win32_LogicalDisk
2025-07-09 11:11:41,830 - WARNING - Enhanced device detection failed, using fallback: winmgmts:.Win32_LogicalDisk
2025-07-09 11:11:43,834 - WARNING - Enhanced device detection failed, using fallback: winmgmts:.Win32_LogicalDisk
2025-07-09 11:11:45,837 - WARNING - Enhanced device detection failed, using fallback: winmgmts:.Win32_LogicalDisk
2025-07-09 11:11:47,842 - WARNING - Enhanced device detection failed, using fallback: winmgmts:.Win32_LogicalDisk
2025-07-09 11:11:49,845 - WARNING - Enhanced device detection failed, using fallback: winmgmts:.Win32_LogicalDisk
2025-07-09 11:11:51,849 - WARNING - Enhanced device detection failed, using fallback: winmgmts:.Win32_LogicalDisk
2025-07-09 11:11:53,852 - WARNING - Enhanced device detection failed, using fallback: winmgmts:.Win32_LogicalDisk
2025-07-09 11:11:55,858 - WARNING - Enhanced device detection failed, using fallback: winmgmts:.Win32_LogicalDisk
2025-07-09 11:11:57,861 - WARNING - Enhanced device detection failed, using fallback: winmgmts:.Win32_LogicalDisk
2025-07-09 11:11:59,864 - WARNING - Enhanced device detection failed, using fallback: winmgmts:.Win32_LogicalDisk
2025-07-09 11:12:01,868 - WARNING - Enhanced device detection failed, using fallback: winmgmts:.Win32_LogicalDisk
2025-07-09 11:12:03,872 - WARNING - Enhanced device detection failed, using fallback: winmgmts:.Win32_LogicalDisk
2025-07-09 11:12:05,876 - WARNING - Enhanced device detection failed, using fallback: winmgmts:.Win32_LogicalDisk
2025-07-09 11:12:07,881 - WARNING - Enhanced device detection failed, using fallback: winmgmts:.Win32_LogicalDisk
2025-07-09 11:12:09,886 - WARNING - Enhanced device detection failed, using fallback: winmgmts:.Win32_LogicalDisk
2025-07-09 11:12:11,890 - WARNING - Enhanced device detection failed, using fallback: winmgmts:.Win32_LogicalDisk
2025-07-09 11:12:13,892 - WARNING - Enhanced device detection failed, using fallback: winmgmts:.Win32_LogicalDisk
2025-07-09 11:12:15,895 - WARNING - Enhanced device detection failed, using fallback: winmgmts:.Win32_LogicalDisk
2025-07-09 11:12:17,899 - WARNING - Enhanced device detection failed, using fallback: winmgmts:.Win32_LogicalDisk
2025-07-09 11:12:19,906 - WARNING - Enhanced device detection failed, using fallback: winmgmts:.Win32_LogicalDisk
2025-07-09 11:12:21,913 - WARNING - Enhanced device detection failed, using fallback: winmgmts:.Win32_LogicalDisk
2025-07-09 11:12:23,916 - WARNING - Enhanced device detection failed, using fallback: winmgmts:.Win32_LogicalDisk
2025-07-09 11:12:25,919 - WARNING - Enhanced device detection failed, using fallback: winmgmts:.Win32_LogicalDisk
2025-07-09 11:12:27,924 - WARNING - Enhanced device detection failed, using fallback: winmgmts:.Win32_LogicalDisk
2025-07-09 11:12:29,926 - WARNING - Enhanced device detection failed, using fallback: winmgmts:.Win32_LogicalDisk
2025-07-09 11:12:31,930 - WARNING - Enhanced device detection failed, using fallback: winmgmts:.Win32_LogicalDisk
2025-07-09 11:12:33,935 - WARNING - Enhanced device detection failed, using fallback: winmgmts:.Win32_LogicalDisk
2025-07-09 11:12:35,941 - WARNING - Enhanced device detection failed, using fallback: winmgmts:.Win32_LogicalDisk
2025-07-09 11:12:37,948 - WARNING - Enhanced device detection failed, using fallback: winmgmts:.Win32_LogicalDisk
2025-07-09 11:12:39,952 - WARNING - Enhanced device detection failed, using fallback: winmgmts:.Win32_LogicalDisk
2025-07-09 11:12:41,957 - WARNING - Enhanced device detection failed, using fallback: winmgmts:.Win32_LogicalDisk
2025-07-09 11:12:43,961 - WARNING - Enhanced device detection failed, using fallback: winmgmts:.Win32_LogicalDisk
2025-07-09 11:12:45,967 - WARNING - Enhanced device detection failed, using fallback: winmgmts:.Win32_LogicalDisk
2025-07-09 11:12:47,969 - WARNING - Enhanced device detection failed, using fallback: winmgmts:.Win32_LogicalDisk
2025-07-09 11:12:49,974 - WARNING - Enhanced device detection failed, using fallback: winmgmts:.Win32_LogicalDisk
2025-07-09 11:12:51,979 - WARNING - Enhanced device detection failed, using fallback: winmgmts:.Win32_LogicalDisk
2025-07-09 11:12:53,982 - WARNING - Enhanced device detection failed, using fallback: winmgmts:.Win32_LogicalDisk
2025-07-09 11:12:55,989 - WARNING - Enhanced device detection failed, using fallback: winmgmts:.Win32_LogicalDisk
2025-07-09 11:12:57,993 - WARNING - Enhanced device detection failed, using fallback: winmgmts:.Win32_LogicalDisk
2025-07-09 11:12:59,996 - WARNING - Enhanced device detection failed, using fallback: winmgmts:.Win32_LogicalDisk
2025-07-09 11:13:02,002 - WARNING - Enhanced device detection failed, using fallback: winmgmts:.Win32_LogicalDisk
2025-07-09 11:13:04,005 - WARNING - Enhanced device detection failed, using fallback: winmgmts:.Win32_LogicalDisk
2025-07-09 11:13:06,009 - WARNING - Enhanced device detection failed, using fallback: winmgmts:.Win32_LogicalDisk
2025-07-09 11:13:08,011 - WARNING - Enhanced device detection failed, using fallback: winmgmts:.Win32_LogicalDisk
2025-07-09 11:13:10,015 - WARNING - Enhanced device detection failed, using fallback: winmgmts:.Win32_LogicalDisk
2025-07-09 11:13:12,017 - WARNING - Enhanced device detection failed, using fallback: winmgmts:.Win32_LogicalDisk
2025-07-09 11:13:14,021 - WARNING - Enhanced device detection failed, using fallback: winmgmts:.Win32_LogicalDisk
2025-07-09 11:13:16,025 - WARNING - Enhanced device detection failed, using fallback: winmgmts:.Win32_LogicalDisk
2025-07-09 11:13:18,029 - WARNING - Enhanced device detection failed, using fallback: winmgmts:.Win32_LogicalDisk
2025-07-09 11:13:20,032 - WARNING - Enhanced device detection failed, using fallback: winmgmts:.Win32_LogicalDisk
2025-07-09 11:13:22,035 - WARNING - Enhanced device detection failed, using fallback: winmgmts:.Win32_LogicalDisk
2025-07-09 11:13:24,039 - WARNING - Enhanced device detection failed, using fallback: winmgmts:.Win32_LogicalDisk
2025-07-09 11:13:26,043 - WARNING - Enhanced device detection failed, using fallback: winmgmts:.Win32_LogicalDisk
2025-07-09 11:13:28,046 - WARNING - Enhanced device detection failed, using fallback: winmgmts:.Win32_LogicalDisk
2025-07-09 11:13:30,050 - WARNING - Enhanced device detection failed, using fallback: winmgmts:.Win32_LogicalDisk
2025-07-09 11:13:32,056 - WARNING - Enhanced device detection failed, using fallback: winmgmts:.Win32_LogicalDisk
2025-07-09 11:13:34,059 - WARNING - Enhanced device detection failed, using fallback: winmgmts:.Win32_LogicalDisk
2025-07-09 11:13:36,062 - WARNING - Enhanced device detection failed, using fallback: winmgmts:.Win32_LogicalDisk
2025-07-09 11:13:38,065 - WARNING - Enhanced device detection failed, using fallback: winmgmts:.Win32_LogicalDisk
2025-07-09 11:13:40,070 - WARNING - Enhanced device detection failed, using fallback: winmgmts:.Win32_LogicalDisk
2025-07-09 11:13:42,073 - WARNING - Enhanced device detection failed, using fallback: winmgmts:.Win32_LogicalDisk
2025-07-09 11:13:44,075 - WARNING - Enhanced device detection failed, using fallback: winmgmts:.Win32_LogicalDisk
2025-07-09 11:13:46,078 - WARNING - Enhanced device detection failed, using fallback: winmgmts:.Win32_LogicalDisk
2025-07-09 11:13:48,083 - WARNING - Enhanced device detection failed, using fallback: winmgmts:.Win32_LogicalDisk
2025-07-09 11:13:50,087 - WARNING - Enhanced device detection failed, using fallback: winmgmts:.Win32_LogicalDisk
2025-07-09 11:13:52,090 - WARNING - Enhanced device detection failed, using fallback: winmgmts:.Win32_LogicalDisk
2025-07-09 11:13:54,096 - WARNING - Enhanced device detection failed, using fallback: winmgmts:.Win32_LogicalDisk
2025-07-09 11:13:56,099 - WARNING - Enhanced device detection failed, using fallback: winmgmts:.Win32_LogicalDisk
2025-07-09 11:13:58,105 - WARNING - Enhanced device detection failed, using fallback: winmgmts:.Win32_LogicalDisk
2025-07-09 11:14:00,109 - WARNING - Enhanced device detection failed, using fallback: winmgmts:.Win32_LogicalDisk
2025-07-09 11:14:02,113 - WARNING - Enhanced device detection failed, using fallback: winmgmts:.Win32_LogicalDisk
2025-07-09 11:14:04,118 - WARNING - Enhanced device detection failed, using fallback: winmgmts:.Win32_LogicalDisk
2025-07-09 11:14:06,122 - WARNING - Enhanced device detection failed, using fallback: winmgmts:.Win32_LogicalDisk
2025-07-09 11:14:08,126 - WARNING - Enhanced device detection failed, using fallback: winmgmts:.Win32_LogicalDisk
2025-07-09 11:14:10,130 - WARNING - Enhanced device detection failed, using fallback: winmgmts:.Win32_LogicalDisk
2025-07-09 11:14:12,136 - WARNING - Enhanced device detection failed, using fallback: winmgmts:.Win32_LogicalDisk
2025-07-09 11:14:14,140 - WARNING - Enhanced device detection failed, using fallback: winmgmts:.Win32_LogicalDisk
2025-07-09 11:14:16,145 - WARNING - Enhanced device detection failed, using fallback: winmgmts:.Win32_LogicalDisk
2025-07-09 11:14:18,149 - WARNING - Enhanced device detection failed, using fallback: winmgmts:.Win32_LogicalDisk
2025-07-09 11:14:20,153 - WARNING - Enhanced device detection failed, using fallback: winmgmts:.Win32_LogicalDisk
2025-07-09 11:14:22,159 - WARNING - Enhanced device detection failed, using fallback: winmgmts:.Win32_LogicalDisk
2025-07-09 11:14:24,164 - WARNING - Enhanced device detection failed, using fallback: winmgmts:.Win32_LogicalDisk
2025-07-09 11:14:26,167 - WARNING - Enhanced device detection failed, using fallback: winmgmts:.Win32_LogicalDisk
2025-07-09 11:14:28,172 - WARNING - Enhanced device detection failed, using fallback: winmgmts:.Win32_LogicalDisk
2025-07-09 11:14:30,175 - WARNING - Enhanced device detection failed, using fallback: winmgmts:.Win32_LogicalDisk
2025-07-09 11:14:32,181 - WARNING - Enhanced device detection failed, using fallback: winmgmts:.Win32_LogicalDisk
2025-07-09 11:14:34,185 - WARNING - Enhanced device detection failed, using fallback: winmgmts:.Win32_LogicalDisk
2025-07-09 11:14:36,188 - WARNING - Enhanced device detection failed, using fallback: winmgmts:.Win32_LogicalDisk
2025-07-09 11:14:38,193 - WARNING - Enhanced device detection failed, using fallback: winmgmts:.Win32_LogicalDisk
2025-07-09 11:14:40,198 - WARNING - Enhanced device detection failed, using fallback: winmgmts:.Win32_LogicalDisk
2025-07-09 11:14:42,204 - WARNING - Enhanced device detection failed, using fallback: winmgmts:.Win32_LogicalDisk
2025-07-09 11:14:44,211 - WARNING - Enhanced device detection failed, using fallback: winmgmts:.Win32_LogicalDisk
2025-07-09 11:14:46,214 - WARNING - Enhanced device detection failed, using fallback: winmgmts:.Win32_LogicalDisk
2025-07-09 11:14:48,217 - WARNING - Enhanced device detection failed, using fallback: winmgmts:.Win32_LogicalDisk
2025-07-09 11:14:50,223 - WARNING - Enhanced device detection failed, using fallback: winmgmts:.Win32_LogicalDisk
2025-07-09 11:14:52,226 - WARNING - Enhanced device detection failed, using fallback: winmgmts:.Win32_LogicalDisk
2025-07-09 11:14:54,231 - WARNING - Enhanced device detection failed, using fallback: winmgmts:.Win32_LogicalDisk
2025-07-09 11:14:56,237 - WARNING - Enhanced device detection failed, using fallback: winmgmts:.Win32_LogicalDisk
2025-07-09 11:14:58,242 - WARNING - Enhanced device detection failed, using fallback: winmgmts:.Win32_LogicalDisk
2025-07-09 11:15:00,245 - WARNING - Enhanced device detection failed, using fallback: winmgmts:.Win32_LogicalDisk
2025-07-09 11:15:02,248 - WARNING - Enhanced device detection failed, using fallback: winmgmts:.Win32_LogicalDisk
2025-07-09 11:15:04,251 - WARNING - Enhanced device detection failed, using fallback: winmgmts:.Win32_LogicalDisk
2025-07-09 11:15:06,255 - WARNING - Enhanced device detection failed, using fallback: winmgmts:.Win32_LogicalDisk
2025-07-09 11:15:08,259 - WARNING - Enhanced device detection failed, using fallback: winmgmts:.Win32_LogicalDisk
2025-07-09 11:15:10,261 - WARNING - Enhanced device detection failed, using fallback: winmgmts:.Win32_LogicalDisk
2025-07-09 11:15:12,264 - WARNING - Enhanced device detection failed, using fallback: winmgmts:.Win32_LogicalDisk
2025-07-09 11:15:14,266 - WARNING - Enhanced device detection failed, using fallback: winmgmts:.Win32_LogicalDisk
2025-07-09 11:15:16,269 - WARNING - Enhanced device detection failed, using fallback: winmgmts:.Win32_LogicalDisk
2025-07-09 11:15:18,273 - WARNING - Enhanced device detection failed, using fallback: winmgmts:.Win32_LogicalDisk
2025-07-09 11:15:20,277 - WARNING - Enhanced device detection failed, using fallback: winmgmts:.Win32_LogicalDisk
2025-07-09 11:15:22,280 - WARNING - Enhanced device detection failed, using fallback: winmgmts:.Win32_LogicalDisk
2025-07-09 11:15:24,283 - WARNING - Enhanced device detection failed, using fallback: winmgmts:.Win32_LogicalDisk
2025-07-09 11:15:26,288 - WARNING - Enhanced device detection failed, using fallback: winmgmts:.Win32_LogicalDisk
2025-07-09 11:15:28,291 - WARNING - Enhanced device detection failed, using fallback: winmgmts:.Win32_LogicalDisk
2025-07-09 11:15:30,297 - WARNING - Enhanced device detection failed, using fallback: winmgmts:.Win32_LogicalDisk
2025-07-09 11:15:32,300 - WARNING - Enhanced device detection failed, using fallback: winmgmts:.Win32_LogicalDisk
2025-07-09 11:15:34,304 - WARNING - Enhanced device detection failed, using fallback: winmgmts:.Win32_LogicalDisk
2025-07-09 11:15:36,308 - WARNING - Enhanced device detection failed, using fallback: winmgmts:.Win32_LogicalDisk
2025-07-09 11:15:38,311 - WARNING - Enhanced device detection failed, using fallback: winmgmts:.Win32_LogicalDisk
2025-07-09 11:15:40,314 - WARNING - Enhanced device detection failed, using fallback: winmgmts:.Win32_LogicalDisk
2025-07-09 11:15:42,317 - WARNING - Enhanced device detection failed, using fallback: winmgmts:.Win32_LogicalDisk
2025-07-09 11:15:44,321 - WARNING - Enhanced device detection failed, using fallback: winmgmts:.Win32_LogicalDisk
2025-07-09 11:15:46,324 - WARNING - Enhanced device detection failed, using fallback: winmgmts:.Win32_LogicalDisk
2025-07-09 11:15:48,330 - WARNING - Enhanced device detection failed, using fallback: winmgmts:.Win32_LogicalDisk
2025-07-09 11:15:50,333 - WARNING - Enhanced device detection failed, using fallback: winmgmts:.Win32_LogicalDisk
2025-07-09 11:15:52,337 - WARNING - Enhanced device detection failed, using fallback: winmgmts:.Win32_LogicalDisk
2025-07-09 11:15:54,340 - WARNING - Enhanced device detection failed, using fallback: winmgmts:.Win32_LogicalDisk
2025-07-09 11:15:56,343 - WARNING - Enhanced device detection failed, using fallback: winmgmts:.Win32_LogicalDisk
2025-07-09 11:15:58,346 - WARNING - Enhanced device detection failed, using fallback: winmgmts:.Win32_LogicalDisk
2025-07-09 11:16:00,349 - WARNING - Enhanced device detection failed, using fallback: winmgmts:.Win32_LogicalDisk
2025-07-09 11:16:02,352 - WARNING - Enhanced device detection failed, using fallback: winmgmts:.Win32_LogicalDisk
2025-07-09 11:16:04,358 - WARNING - Enhanced device detection failed, using fallback: winmgmts:.Win32_LogicalDisk
2025-07-09 11:16:06,361 - WARNING - Enhanced device detection failed, using fallback: winmgmts:.Win32_LogicalDisk
2025-07-09 11:16:08,364 - WARNING - Enhanced device detection failed, using fallback: winmgmts:.Win32_LogicalDisk
2025-07-09 11:16:10,368 - WARNING - Enhanced device detection failed, using fallback: winmgmts:.Win32_LogicalDisk
2025-07-09 11:16:12,371 - WARNING - Enhanced device detection failed, using fallback: winmgmts:.Win32_LogicalDisk
2025-07-09 11:16:14,374 - WARNING - Enhanced device detection failed, using fallback: winmgmts:.Win32_LogicalDisk
2025-07-09 11:16:16,376 - WARNING - Enhanced device detection failed, using fallback: winmgmts:.Win32_LogicalDisk
2025-07-09 11:16:18,381 - WARNING - Enhanced device detection failed, using fallback: winmgmts:.Win32_LogicalDisk
2025-07-09 11:16:20,385 - WARNING - Enhanced device detection failed, using fallback: winmgmts:.Win32_LogicalDisk
2025-07-09 11:16:22,390 - WARNING - Enhanced device detection failed, using fallback: winmgmts:.Win32_LogicalDisk
2025-07-09 11:16:24,392 - WARNING - Enhanced device detection failed, using fallback: winmgmts:.Win32_LogicalDisk
2025-07-09 11:16:26,395 - WARNING - Enhanced device detection failed, using fallback: winmgmts:.Win32_LogicalDisk
2025-07-09 11:16:28,398 - WARNING - Enhanced device detection failed, using fallback: winmgmts:.Win32_LogicalDisk
2025-07-09 11:16:30,400 - WARNING - Enhanced device detection failed, using fallback: winmgmts:.Win32_LogicalDisk
2025-07-09 11:16:32,405 - WARNING - Enhanced device detection failed, using fallback: winmgmts:.Win32_LogicalDisk
2025-07-09 11:16:34,409 - WARNING - Enhanced device detection failed, using fallback: winmgmts:.Win32_LogicalDisk
2025-07-09 11:16:36,411 - WARNING - Enhanced device detection failed, using fallback: winmgmts:.Win32_LogicalDisk
2025-07-09 11:16:38,413 - WARNING - Enhanced device detection failed, using fallback: winmgmts:.Win32_LogicalDisk
2025-07-09 11:16:40,418 - WARNING - Enhanced device detection failed, using fallback: winmgmts:.Win32_LogicalDisk
2025-07-09 11:16:42,424 - WARNING - Enhanced device detection failed, using fallback: winmgmts:.Win32_LogicalDisk
2025-07-09 11:16:44,427 - WARNING - Enhanced device detection failed, using fallback: winmgmts:.Win32_LogicalDisk
2025-07-09 11:16:46,429 - WARNING - Enhanced device detection failed, using fallback: winmgmts:.Win32_LogicalDisk
2025-07-09 11:16:48,434 - WARNING - Enhanced device detection failed, using fallback: winmgmts:.Win32_LogicalDisk
2025-07-09 11:16:50,438 - WARNING - Enhanced device detection failed, using fallback: winmgmts:.Win32_LogicalDisk
2025-07-09 11:16:52,443 - WARNING - Enhanced device detection failed, using fallback: winmgmts:.Win32_LogicalDisk
2025-07-09 11:16:54,447 - WARNING - Enhanced device detection failed, using fallback: winmgmts:.Win32_LogicalDisk
2025-07-09 11:16:56,453 - WARNING - Enhanced device detection failed, using fallback: winmgmts:.Win32_LogicalDisk
2025-07-09 11:16:58,456 - WARNING - Enhanced device detection failed, using fallback: winmgmts:.Win32_LogicalDisk
2025-07-09 11:17:00,459 - WARNING - Enhanced device detection failed, using fallback: winmgmts:.Win32_LogicalDisk
2025-07-09 11:17:02,463 - WARNING - Enhanced device detection failed, using fallback: winmgmts:.Win32_LogicalDisk
2025-07-09 11:17:04,468 - WARNING - Enhanced device detection failed, using fallback: winmgmts:.Win32_LogicalDisk
2025-07-09 11:17:06,471 - WARNING - Enhanced device detection failed, using fallback: winmgmts:.Win32_LogicalDisk
2025-07-09 11:17:08,477 - WARNING - Enhanced device detection failed, using fallback: winmgmts:.Win32_LogicalDisk
2025-07-09 11:17:10,480 - WARNING - Enhanced device detection failed, using fallback: winmgmts:.Win32_LogicalDisk
